rank_in_tesera_top;rank_in_bgg_top;title;is_addition;tesera_year_published;tesera_avg_rating;bgg_avg_rating;diff_tesera_minus_bgg;tesera_num_votes;bgg_num_votes;alias;bgg_id;bgg_geek_rating;tesera_age_min;tesera_bayes_n10_rating;tesera_bayes_n20_rating;tesera_box_weight;tesera_buying_now;tesera_depth;tesera_fans;tesera_gameplay;tesera_implementation;tesera_originality;tesera_owners;tesera_played;tesera_players_max;tesera_players_min;tesera_players_recommended_max;tesera_players_recommended_min;tesera_playtime_max;tesera_playtime_min;tesera_selling_now;tesera_time_to_learn;tesera_want_to_play;tesera_genre;tesera_publisher;tesera_tag;tesera_theme
1;13;Звёздные войны: Восстание;False;2016;8,82;8,42;0,4;847;34966;Star-Wars-Rebellion;187645;8,169;14;8,79;8,76;;204;8,75;670;8,8;9,05;8,68;1538;620;4;2;2;2;240;180;32;20;583;Война;Территория игр, Hobby World, Fantasy Flight Games;star wars;инопланетяне, космос
2;12;The Castles of Burgundy: Special Edition;False;2023;8,99;9,15;-0,16;119;6193;castles-of-burgundy-special-edition;363622;8,185;12;8,79;8,62;;28;8,76;100;9,07;9,34;8,8;265;100;4;1;0;0;0;60;2;0;51;Экономика;Alea, Awaken Realms;замки бургундии, бонусы в конце игры, соло режим, размещение тайлов, размещение рабочих, сбор сетов, броски кубиков;строительство, средние века
3;174;Сумерки империи. Четвёртая редакция: Пророчество королей;True;2020;8,95;9,19;-0,24;127;2995;twilight-imperium-fourth-edition-prophecy-of-kings;315895;7,492;14;8,76;8,6;2020;20;9,08;105;9,01;9,02;8,7;375;139;8;3;0;0;480;240;5;0;37;Война, Экономика;Hobby World, Fantasy Flight Games;;космос
4;196;Forbidden Stars;True;2015;8,77;7,98;0,79;588;9742;Forbidden-Stars;175155;7,441;14;8,73;8,69;;143;8,83;449;8,84;8,96;8,46;778;496;4;2;3;2;180;60;25;20;370;Война;Fantasy Flight Games;глобальная стратегия, warhammer 40.000, forbidden stars, wh40k, warhammer 40k, ffg, fantasy flight games;футуристика, космос
5;30;Рыцарь-маг. Полное издание;True;2018;8,75;8,85;-0,1;432;7865;mage-knight-ultimate-edition;248562;7,963;14;8,7;8,65;;78;8,97;332;8,73;8,57;8,72;937;251;5;1;0;0;150;150;9;20;234;Приключения;WizKids, Pegasus Spiele, NECA, Лавка игр;;фэнтези
6;11;Война Кольца (Второе издание);False;2012;8,72;8,55;0,17;760;23691;War-of-the-Ring-Second-Edition;115746;8,193;13;8,69;8,66;2975;152;8,85;574;8,75;8,67;8,61;1973;550;4;2;2;2;180;150;27;120;499;Война;Geekach Games, GaGa Games, Ares Games;война кольца, war of the ring, приключение, хоббит, толкин, контроль территорий, властелин колец, война, фэнтези;монстры, магия, фэнтези
7;6;Сумерки империи. Четвёртая редакция;False;2017;8,73;8,57;0,16;645;26627;twilight-imperium-fourth-edition;233078;8,226;14;8,69;8,66;4800;148;8,96;489;8,7;8,75;8,53;894;662;6;3;6;6;480;240;19;60;516;Война, Экономика;Hobby World, Fantasy Flight Games;;космос
8;5;Мрачная гавань;False;2017;8,72;8,56;0,16;837;65393;gloomhaven;174430;8,32;14;8,69;8,67;8805;164;8,68;632;8,78;8,65;8,78;1861;665;4;1;3;3;120;60;37;30;699;Приключения;Hobby World, Cephalofair Games;боевые карты, пошаговое перемещение, асимметричные колоды, кампания, модульное игровое поле, менеджмент руки;монстры, средние века, магия, фэнтези
9;2;Brass: Бирмингем;False;2018;8,63;8,58;0,05;1101;53422;brass-birmingham;224517;8,4;14;8,61;8,59;2600;177;8,63;800;8,61;8,91;8,36;2340;1034;4;2;4;3;180;120;25;20;511;Экономика;Lord of Boards, Crowd Games, Roxley Games;кредит, пивоварение, промышленная революция, финансисты, финансы, пиво, логистика, англия, производство, рынок, экономическая, торговля;изобретения, транспорт, бизнес / промышленность, строительство
10;14;Остров духов: Гиблый край;True;2020;8,89;9,33;-0,44;63;5677;spirit-island-the-jagged-earth;262722;8,163;13;8,55;8,29;;25;8,9;48;8,92;8,83;8,89;459;54;6;1;3;1;180;90;3;40;23;Война, Экономика;;;сказочная, фэнтези
11;19;Проект «Гайя»;False;2017;8,59;8,36;0,23;559;29824;gaia-project;220308;8,095;12;8,55;8,51;;125;8,96;399;8,68;8,58;8,15;909;492;4;1;4;3;120;60;20;30;338;Экономика;Asmodée;строительство сетей, соревновательная, без фактора случайности, модульное игровое поле, победные очки;космос, футуристика
12;118;Великий западный путь. Новая Зеландия;False;2023;8,72;8,5;0,22;119;5654;great-western-trail-new-zealand;380607;7,618;12;8,54;8,39;;14;8,61;84;8,87;8,93;8,45;347;123;4;1;4;2;150;75;4;20;75;Экономика;Звезда, Eggertspiele;;дикий запад, животные / природа
13;26;The Castles of Burgundy (20th Anniversary);False;2019;8,6;8,45;0,15;387;13293;the-castles-of-burgundy-2019;271320;7,978;12;8,54;8,49;1000;22;8,6;273;8,89;8,35;8,56;890;288;4;1;2;2;100;60;19;30;66;Экономика;Ravensburger Spieleverlag GmbH, Alea;team-based game, tile placement, set collection, dice rolling;средние века
14;22;Сквозь века: Новая история цивилизации;False;2015;8,56;8,26;0,3;948;33698;through-ages-new-story-civilization;182028;8,03;14;8,54;8,52;1815;124;8,99;671;8,5;8,33;8,42;1640;695;4;2;4;2;240;180;52;25;456;Война, Карты, Экономика;GaGa Games, Czech Games Edition;борьба за территорию, управление государством, исследования, цивилизация, строительство, экономика, gagagames;культура / искусство, политика, историческая
15;158;Осквернённый Грааль. Падение Авалона;False;2019;8,56;8,05;0,51;676;13528;tainted-grail-the-fall-of-avalon;264220;7,514;14;8,53;8,5;4500;98;8,54;484;8,13;8,73;8,82;1825;529;4;1;2;1;240;120;25;60;436;Война, Карты, Приключения;Crowd Games, Awaken Realms;кельтская мифология, обучающая партия, формирование колоды, открытый мир, артурианские мифы, король артур, одиночный режим, мифология, рыцари круглого стола, сбор комплектов, исследования, квест, выживание, кооперативная, ролевая игра, миниатюры;призраки, политика, монстры, средние века, магия, фэнтези
16;15;Дюна: Империя. Восстание;False;2023;8,62;8,71;-0,09;199;13353;dune-imperium-uprising;397598;8,155;13;8,52;8,43;;20;8,67;138;8,83;8,71;8,25;661;260;6;1;0;0;120;60;9;0;61;;Лавка игр, Dire Wolf;дюна империя, дюна, по книге, соло режим, драфт, размещение рабочих, разные способности игроков;политика, футуристика, космос
17;320;Пути славы;False;1999;8,73;8,08;0,65;95;5494;Paths-of-Glory;91;7,266;14;8,51;8,32;1835;22;9,13;74;8,76;8,64;8,4;369;65;2;2;2;2;0;480;10;0;68;Война;GaGa Games, GMT Games;для двоих, первая мировая война, дуэль, война, gagagames, варгейм;
18;480;Pax Renaissance. Русское издание;False;2021;8,61;8,42;0,19;215;2955;pax-renaissance-second-edition;308119;7,109;12;8,51;8,42;2000;20;8,93;153;8,46;8,34;8,69;680;206;4;1;3;2;120;60;11;60;103;Экономика;Crowd Games, Ion Game Design, Sierra Madre Games;банкиры, возрождение, капитализм, pax renaissace, pax, локалиация, ренессанс, альтернативная история, история;культура / искусство, политика, средние века, историческая
19;77;Звёздные Войны: Восстание. Рассвет Империи;True;2017;8,64;8,86;-0,22;153;4992;star-wars-rebellion-rise-of-the-empire;226840;7,747;0;8,5;8,38;;59;8,55;116;8,79;8,86;8,35;674;108;4;2;0;0;0;0;5;0;44;;Fantasy Flight Games;стратегическая игра, дуэльная игра;
20;9;Покорение Марса;False;2016;8,51;8,36;0,15;2270;98964;terraforming-mars;167791;8,213;12;8,49;8,48;1690;409;8,57;1542;8,66;8,3;8,5;4310;2013;5;1;4;2;180;120;47;15;873;Экономика;Kilogames, Лавка игр, Stronghold Games, FryxGames;;футуристика, строительство, космос
21;31;Brass. Ланкашир;False;2018;8,52;8,2;0,32;478;26373;brass-lancashire;28720;7,961;14;8,48;8,43;2600;85;8,44;327;8,52;8,88;8,22;914;433;4;2;4;3;120;60;22;20;240;Экономика;Roxley Games, Crowd Games;хлопок, промышленная революция, финансисты, кредит, финансы, англия, логистика, производство, рынок, экономическая, торговля;изобретения, транспорт, бизнес / промышленность, строительство
22;18;Остров духов. Ветви и когти;True;2017;8,67;8,98;-0,31;101;7273;Spirit-Island-Branch-and-Claw;193065;8,098;14;8,47;8,29;750;16;8,58;75;8,76;8,65;8,68;766;95;4;1;3;2;180;90;2;40;18;Война, Экономика;Hobby World, Greater Than Games (Dice Hate Me Games);кооперативная;сказочная, магия, фэнтези
23;;Runewars: Banners of War;True;2011;8,75;8,22;0,53;73;1221;Runewars-Banners-of-War;102889;6,404;0;8,47;8,24;;29;8,84;57;8,85;9;8,29;141;55;4;2;4;2;0;0;;0;18;Война;Fantasy Flight Games;;фэнтези
24;21;Сумеречная борьба: Делюкс издание;False;2005;8,48;8,23;0,25;940;50876;twilight-struggle;12333;8,05;14;8,46;8,44;1360;171;8,76;616;8,51;8,28;8,38;2093;698;2;2;2;2;240;180;43;20;504;Война, Карты;GaGa Games, Wargames Club Publishing, GMT Games;холодная война, gagagames, для двоих, дуэль, ссср, война, варгейм, сша;историческая, политика
25;457;Дюна: Война за Арракис;False;2023;8,62;8,49;0,13;125;3186;dune-war-for-arrakis;367150;7,124;14;8,46;8,31;;20;8,56;88;8,9;8,76;8,24;385;144;4;1;0;4;0;120;7;45;104;Война, Карты;CMON Limited;dune: war for arrakis, стратегическая игра, cmon, научная фантастика, миниатюры;восточная, футуристика, монстры
26;63;Гегемония: Классовая борьба;False;2021;8,54;8,42;0,12;239;10141;hegemony-lead-your-class-to-victory;321608;7,81;14;8,45;8,37;;48;8,51;154;8,33;8,41;8,89;654;313;4;2;4;4;300;180;5;0;173;Война, Карты, Экономика;Лавка игр, Hegemonic Project Games;hegemony: lead your class to victory, hegemonic project games, образовательная игра, голосование, политика, экономика, менеджмент руки, разные способности игроков, карточная игра;сельское хозяйство, политика, бизнес / промышленность, строительство, историческая
27;281;Джон Компани. Второе издание;False;2022;8,61;8,28;0,33;124;4769;john-company-second-edition;332686;7,316;14;8,45;8,31;1900;25;8,65;87;8,43;8,52;8,85;442;172;6;1;6;4;240;90;11;30;104;Азартные, Приключения, Экономика;Crowd Games, Wehrlegig Games;;политика, бизнес / промышленность, историческая
28;83;Age of Innovation;False;2023;8,7;8,52;0,18;74;7050;age-of-innovation;383179;7,736;14;8,43;8,21;;14;8,92;50;8,78;8,88;8,22;174;94;5;1;4;3;200;40;9;30;69;Война, Карты, Экономика;Feuerland Spiele, Capstone Games;;бизнес / промышленность, строительство, животные / природа, фэнтези
29;55;SETI: Search for Extraterrestrial Intelligence;False;2024;8,55;8,39;0,16;163;11643;seti-search-extraterrestrial-intelligence;418059;7,844;13;8,42;8,3;;19;8,49;107;8,6;8,67;8,46;371;233;4;1;0;0;160;40;;0;79;Приключения;IELLO, Czech Games Edition;доход, рондель, бонусы в конце игры;космос
30;;Война Кольца: Владыки Средиземья;True;2012;8,7;8,67;0,03;72;2359;War-of-the-Ring-Lords-of-the-Middle-Earth;122328;7,03;12;8,42;8,2;500;15;8,71;51;8,69;8,92;8,47;1029;67;4;2;2;2;240;180;5;0;15;Война;GaGa Games, Ares Games;война кольца, приключение, war of the ring, толкин, контроль территорий, gagagames, властелин колец, фэнтези;фэнтези
31;16;Остров духов;False;2017;8,43;8,34;0,09;888;58762;spirit-island;162886;8,141;14;8,41;8,39;;147;8,55;589;8,25;8,31;8,62;1713;835;4;1;3;2;180;90;20;40;556;Война, Экономика;CrowdRepublic, Greater Than Games (Dice Hate Me Games);кооперативная;сказочная, магия, фэнтези
32;;StarCraft: The Board Game - Brood War Expansion;True;2008;8,62;8,26;0,36;97;1702;StarCraft-Brood-War;38796;6,606;12;8,41;8,24;1795;76;8,53;71;8,69;8,89;8,38;178;65;6;2;5;3;240;90;3;60;47;Война;HeidelBÄR Games, Edge Entertainment, Fantasy Flight Games;;космос, футуристика
33;35;Немезида;False;2018;8,43;8,25;0,18;1051;34763;nemesis;167355;7,95;12;8,41;8,39;3900;211;8,03;703;8,4;8,83;8,45;1543;1291;5;1;4;4;180;90;29;60;638;Приключения;Geekach Games, Hobby World, Rebel, Awaken Realms;hidden roles, player elimination, semi-cooperative game, campaign, modular board, cooperative game, team-based game, variable player powers, dice rolling;инопланетяне, ужасы, монстры, космос, футуристика
34;149;Иниш;False;2016;8,4;7,82;0,58;1398;22074;Inis;155821;7,536;12;8,4;8,38;;268;8,28;883;8,36;8,52;8,45;2626;1371;4;2;4;2;90;60;31;15;705;Война;Ход Конём (Украина), Pegasus Spiele, Matagot;inis;
35;;Europa Universalis: The Price of Power;False;2019;9,01;8,62;0,39;32;1331;europa-universalis-the-price-of-power;254127;6,434;12;8,39;8,01;;13;9,38;27;8,84;8,91;8,91;48;40;6;2;0;0;300;90;1;0;79;Война, Карты;Aegir Games;europa universalis the price of power, aegir games, менеджмент руки, стратегическая игра, цивилизация;изобретения, политика, историческая
36;72;Pax Pamir. Большая игра;False;2019;8,44;8,14;0,3;439;16342;pax-pamir-second-edition;256960;7,775;13;8,39;8,35;;26;8,5;288;8,2;8,54;8,52;854;450;5;1;4;2;140;45;20;15;167;Война, Карты;Crowd Games, Wehrlegig Games;афганистан, британия, большая игра, россия, война, история;арабская, восточная, историческая
37;106;Android: Netrunner;True;2012;8,43;7,89;0,54;434;30915;Android-Netrunner;124742;7,657;14;8,38;8,34;;70;8,35;301;8,43;8,33;8,59;553;248;2;2;2;2;60;40;16;40;272;Карты, Приключения;Fantasy Flight Games;;компьютеры, киберпанк, роботы, футуристика
38;28;Eclipse. Второй рассвет галактики;False;2020;8,43;8,41;0,02;403;15981;eclipse-second-dawn-for-the-galaxy;246900;7,966;14;8,38;8,33;4000;64;8,21;261;8,49;8,8;8,2;716;395;6;2;6;4;200;60;9;50;208;Азартные, Война, Экономика;Lautapelit.fi, Crowd Games;second dawn for the galaxy, второй рассвет галактики, 4-х стратегия, оргназайнер, game trayz, технологии, компьютеры, космические корабли, баланс, исследование, дипломатия, инопланетяне, игронайзер, eclipse, тактика, война, космос, стратегия;инопланетяне, политика, космос, футуристика
39;86;A Feast for Odin: The Norwegians Expansion;True;2018;8,87;8,92;-0,05;39;4254;Feast-Odin-First-Expansion;216788;7,724;12;8,37;8,03;;22;9;30;8,97;8,95;8,54;188;47;4;1;4;1;0;0;2;0;14;Экономика;Feuerland Spiele;норвежцы;строительство, средние века
40;;Ужас Аркхэма. Карточная игра: Путь в Каркозу;True;2017;8,66;8,72;-0,06;67;2027;arkham-horror-the-card-game-the-path-to-carcosa;225563;6,97;14;8,37;8,14;;10;8,57;51;8,7;8,69;8,66;641;81;2;1;0;0;120;60;3;0;9;Приключения;HeidelBÄR Games, Galakta, Edge Entertainment, Asterion Press, Fantasy Flight Games;;ужасы, монстры
41;82;Корни. Подземный мир;True;2019;8,57;8,71;-0,14;100;5790;root-the-underworld-expansion;272637;7,741;13;8,37;8,21;1360;27;8,52;70;8,54;8,58;8,64;792;125;6;2;4;3;90;60;3;20;31;Война;Crowd Games, Leder Games;;животные / природа, сказочная
42;;Борьба империй;False;2020;8,54;8,24;0,3;112;3123;imperial-struggle;206480;7,012;12;8,36;8,22;3880;31;8,73;77;8,53;8,5;8,42;384;69;2;2;2;2;240;120;11;0;111;Война, Карты;GaGa Games, GMT Games, DiceTree Games, Devir;для двоих, историческая, дуэль, война, великобритания, gagagames, стратегия, франция;
43;56;Плотина;False;2019;8,39;8,15;0,24;587;20177;barrage;251247;7,842;14;8,36;8,32;2400;74;8,54;377;8,39;8,19;8,44;1235;613;4;1;4;2;120;60;22;30;344;Экономика;WoodCat, Crowd Games, Cranio Creations;дамба, промышленная гонка, конфликт интересов, гидроэлектростанция, плотина, промышленная революция, контроль территории, планирование действий, альтернативная история;бизнес / промышленность
44;166;Twilight Imperium: Shattered Empire;True;2006;8,64;8,54;0,1;68;4699;Twilight-Imperium-Shattered-Empire;22821;7,501;14;8,35;8,13;;16;8,82;48;8,65;8,76;8,34;111;48;8;3;8;4;480;360;4;60;10;Война, Экономика;Fantasy Flight Games;;космос, футуристика
45;;Древний ужас: Маски Ньярлатхотепа;True;0;8,63;;;71;;eldritch-horror-masks-of-nyarlathotep;0;;14;8,35;8,14;;32;8,49;49;8,79;8,77;8,46;748;98;8;1;0;0;180;120;4;0;21;;Fantasy Flight Games;;
46;68;Канбан. Электро;False;2020;8,44;8,39;0,05;209;9251;kanbanev;284378;7,787;14;8,35;8,26;;38;8,44;149;8,34;8,67;8,3;478;222;4;1;4;1;180;60;6;30;133;Экономика;Skellig Games, Лавка игр, Eagle-Gryphon Games;переменный порядок фаз хода, очки действий, размещение рабочих, менеджмент руки;изобретения, роботы, транспорт, бизнес / промышленность, строительство, историческая
47;88;Лиссабон;False;2017;8,42;8,18;0,24;228;12222;lisboa;161533;7,712;12;8,34;8,27;4200;48;8,53;144;8,31;8,61;8,24;541;217;4;1;3;3;120;60;13;0;209;Экономика;Лавка игр, Eagle-Gryphon Games;;историческая
48;485;Древний ужас. Хребты безумия;True;2014;8,45;8,22;0,23;170;3859;Eldritch-Horror-Mountains-of-Madness;164167;7,107;14;8,34;8,23;;61;8,38;114;8,54;8,58;8,31;1213;192;8;1;6;1;180;150;3;15;36;Приключения;Hobby World, Fantasy Flight Games;;ужасы, магия
49;185;Twilight Imperium 3rd Edition;False;2005;8,41;7,79;0,62;263;19458;twilight-imperium-third-edition;12493;7,474;14;8,34;8,27;3300;57;8,78;172;8,29;8,31;8,24;259;179;6;3;6;4;480;360;21;60;174;Война, Экономика;Fantasy Flight Games;;космос
50;;Twilight Imperium: Shards of the Throne;True;2011;8,71;8,61;0,1;53;2448;ti-sott;95802;7,07;14;8,34;8,08;;18;8,96;38;8,57;8,72;8,58;87;37;6;3;0;0;0;0;1;0;9;Война, Экономика;Fantasy Flight Games;;космос, футуристика
51;38;Серп. Восхождение Фенриса;True;2018;8,47;8,7;-0,23;142;7975;scythe-the-rise-of-fenris;242277;7,942;12;8,33;8,21;1900;47;8,29;91;8,51;8,67;8,39;1013;125;7;1;7;3;150;75;10;10;35;Война, Экономика;Crowd Games, Stonemaier Games;scythe, серп, дополнение;
52;4;Ark Nova;False;2021;8,38;8,54;-0,16;374;54350;ark-nova;342942;8,351;14;8,33;8,28;;86;8,51;225;8,57;8,36;8,08;652;465;4;1;3;2;150;90;5;60;256;;IGAMES, Hobby World, Feuerland Spiele;зоопарк;
53;150;Battlestar Galactica;False;2008;8,36;7,73;0,63;620;37244;battlestar-galactica;37111;7,53;10;8,33;8,3;1500;143;8,26;365;8,45;8,38;8,33;631;458;6;3;6;5;240;120;14;30;389;Компанейские, Приключения;Galakta, Fantasy Flight Games, Edge Entertainment;выбирание карт, скрытые роли, партнерство, движение по областям, разные способности игроков, компоненты игры в руке, кубик, ролевая игра;футуристика, космос, политика
54;344;Ксиа. Искры покинутой звезды;True;2017;8,7;8,72;-0,02;52;2870;xia-embers-of-a-forsaken-star;199329;7,241;14;8,33;8,06;;14;8,37;35;8,87;9,04;8,54;376;57;5;1;0;0;180;60;4;0;7;;Лавка игр, Far Off Games;;
55;292;Столкновение цивилизаций. Монументальное издание;False;2021;8,4;8,28;0,12;289;4665;clash-of-cultures-monumental-edition;299659;7,305;14;8,33;8,27;;54;8,48;185;8,45;8,55;8,11;531;296;4;2;4;3;240;180;6;60;181;Экономика;Лавка игр, WizKids;trading, modular board, grid movement, action points, hand management, variable player powers, dice rolling;политика, историческая
56;;Осквернённый Грааль. Кампании «Эпоха легенд» и «Последний рыцарь»;True;2020;8,92;8,29;0,63;32;1003;tainted-grail-age-of-legends-last-knight-campaigns;274795;6,267;14;8,32;7,95;4600;17;8,81;27;8,84;9,16;8,88;706;33;4;1;2;1;180;120;2;15;13;Война, Карты, Приключения;Crowd Games, Awaken Realms;tainted grail: age of legends & last knight campaigns, мифология, модульное поле, awaken realms, фентези, кооперативная игра, приключения, миниатюры;призраки, политика, средние века, монстры, магия, фэнтези
57;20;Дюна: Империя - Расцвет Иксианцев;True;2021;8,46;8,81;-0,35;139;8917;dune-imperium-rise-ix;342031;8,077;13;8,32;8,2;;17;8,5;93;8,74;8,43;8,17;762;191;4;1;4;3;120;60;6;0;15;Карты, Экономика;Geekach Games, Лавка игр, Dire Wolf;составление колоды во время игры;футуристика
58;25;Великий западный путь (первое издание);False;2016;8,35;8,16;0,19;702;42812;great-western-trail;193738;7,993;12;8,32;8,3;;87;8,39;415;8,5;8,31;8,21;1151;563;4;2;0;0;150;75;38;0;273;Экономика;Звезда, Eggertspiele;рондель, соревновательная, набор комбинаций, управление рукой карт, победные очки, составление колоды во время игры;дикий запад
59;;Цивилизация. Удача и слава;True;2011;8,47;8,03;0,44;126;2533;Sid-Meiers-Civilization-Fame-and-Fortune;108415;6,781;13;8,32;8,19;1000;75;8,48;77;8,48;8,65;8,26;456;105;5;2;5;3;240;180;8;45;35;Война, Экономика;Hobby World, Fantasy Flight Games;;историческая
60;;Descent: Тень Нерекхола;True;2014;8,6;8,295;0,3;70;1533;Descent-2ed-Shadow-of-Nerekhall;149915;6,533;14;8,32;8,11;;49;8,61;50;8,71;8,76;8,3;452;43;5;2;0;0;120;60;3;0;20;Приключения;Hobby World, Fantasy Flight Games;;фэнтези
61;253;Великий западный путь. Дорога на Север;True;2018;8,52;8,43;0,09;91;3986;great-western-trail-rails-to-the-north;245744;7,358;14;8,31;8,14;;18;8,62;55;8,64;8,52;8,29;379;68;4;2;4;2;150;75;6;30;15;Экономика;Звезда, Eggertspiele;;дикий запад, сельское хозяйство, транспорт, строительство, животные / природа
62;474;Подводные города: Новые открытия;True;2019;8,52;8,47;0,05;91;2723;underwater-cities-new-discoveries;276104;7,112;14;8,31;8,14;400;19;8,51;62;8,67;8,63;8,27;412;85;4;1;3;3;180;100;4;15;18;Экономика;Hobby World, Delicious Games;построение движка, размещение рабочих, менеджмент руки;морское / водное
63;;Древний ужас. Разрушенные города;True;2017;8,53;8,48;0,05;82;2164;eldritch-horror-cities-in-ruin;220913;6,849;14;8,3;8,11;;35;8,41;46;8,57;8,68;8,45;828;110;8;1;6;1;240;120;2;0;22;Приключения;Fantasy Flight Games;;ужасы, монстры
64;23;Замки Бургундии;False;2011;8,32;8,15;0,17;1162;66732;die-burgen-von-burgund;84876;8,022;12;8,3;8,29;;274;8,37;686;8,66;7,97;8,28;1724;992;4;2;4;2;120;30;15;30;457;Экономика;Hobby World, Ravensburger Spieleverlag GmbH, Alea;кризисное управление, размещение тайлов, планшет игрока, броски кубиков, игровое поле;средние века, строительство
65;74;Корни. Речное братство;True;2018;8,38;8,43;-0,05;225;8698;root-the-riverfolk-expansion;241386;7,756;10;8,3;8,22;1000;28;8,2;139;8,3;8,44;8,57;1454;298;6;1;4;3;90;60;10;20;33;Война, Карты;Crowd Games, Leder Games;речное братство, ассиметрия, корни, контроль территорий, root, дополнение;сказочная
66;;Древний ужас: Мир грёз;True;2017;8,51;8,45;0,06;89;1814;EldritchHorrorDreamlands;209686;6,694;14;8,3;8,12;;45;8,44;53;8,54;8,63;8,42;855;118;8;1;0;0;240;120;7;0;26;Приключения;Hobby World, Fantasy Flight Games;древний ужас;ужасы, магия, фэнтези
67;231;Сундук войны;True;2018;8,32;7,83;0,49;652;11619;warchest;249259;7,384;14;8,29;8,26;2050;73;8,16;378;8,4;8,54;8,16;1273;660;4;2;4;2;60;30;12;15;232;Война, Классика;Crowd Games, Alderac Entertainment Group (AEG);шахматоподобная, сундук войны, war chest, абстракт, логика, шахматы, война;абстрактная
68;120;Пять племён;False;2014;8,31;7,77;0,54;995;43919;5tribes;157354;7,614;14;8,29;8,27;1600;151;8;578;8,33;8,52;8,38;1978;897;4;2;4;2;80;40;24;15;387;Экономика;Lord of Boards, Crowd Games, Days of Wonder;калах, пять племён, пойнт-салат, модульное дополнение, манкала, бруно катала, классика, сбор сетов, еврогейм, семейная;арабская, восточная
69;43;Великий Западный Путь. Второе издание;False;2021;8,37;8,28;0,09;226;16055;great-western-trail-second-edition;341169;7,904;12;8,29;8,21;;27;8,34;140;8,48;8,38;8,27;596;241;4;1;3;3;150;75;8;0;105;Экономика;Звезда, Lacerta, Eggertspiele;;дикий запад
70;33;7 чудес: Дуэль;False;2015;8,29;8,08;0,21;2155;103610;7-wonders-duel;173346;7,96;10;8,28;8,27;600;196;7,95;1222;8,53;8,56;8,11;5170;1791;2;2;2;2;30;30;44;15;351;Карты, Экономика;Стиль жизни, Repos Production;sudden death ending, tug of war, card drafting, set collection;древний мир, историческая
71;3;Пандемия: Наследие — Первый сезон;False;2015;8,31;8,51;-0,2;572;56052;Pandemic-Legacy;161936;8,359;13;8,28;8,25;;148;7,83;369;8,17;8,58;8,65;1342;368;4;2;4;2;80;40;23;10;335;Приключения;Стиль жизни, CBGames.com.ua (Украина), Z-Man Games;наследственность партий, кооперативная игра;медицина
72;;Runewars (Revised Edition);False;2013;8,39;7,61;0,78;167;8513;Runewars-Revised-Edition;59294;7,094;14;8,28;8,18;;38;8,48;111;8,34;8,55;8,2;219;97;4;2;4;2;240;180;5;120;88;Война, Приключения;Fantasy Flight Games;runewars, модульное поле;фэнтези
73;;Это моя война. Истории осаждённого города;True;2018;8,55;8,4;0,15;71;872;this-war-of-mine-this-war-of-mine-tales-from-the-ruined-city;247665;6,209;18;8,28;8,08;1000;17;8,68;46;8,56;8,54;8,41;608;58;6;1;3;1;120;45;5;20;42;Приключения;Crowd Games, Galakta;модули, просоциальная, сюжетная, симулятор выживания, одиночная, кампания, симулятор, карты событий, персональные возможности игроков, сценарии, для взрослых, история, кооперативная, по лицензии, миниатюры, дополнение;современная война
74;;Властелин колец: Странствия в Средиземье - Тёмные тропы;True;2020;8,54;8,6;-0,06;73;2012;lord-rings-journeys-middle-earth-shadowed-paths-expansion;299597;6,826;14;8,28;8,08;;13;8,27;44;8,7;8,73;8,45;521;75;5;1;0;0;120;60;3;0;11;Приключения;Hobby World, Fantasy Flight Games;;фэнтези
75;17;Мрачная гавань: Челюсти льва;True;2020;8,33;8,38;-0,05;343;38586;gloomhaven-jaws-of-the-Lion;291457;8,119;12;8,28;8,22;;57;8,26;212;8,47;8,49;8,1;1175;315;4;1;4;2;120;60;12;30;163;Приключения;Hobby World, Cephalofair Games;;фэнтези
76;;Dungeons & Dragons;False;1974;8,36;6,88;1,48;223;892;dungeons-and-dragons;17804;5,854;0;8,28;8,2;;24;8,52;140;8,45;8,04;8,44;262;336;6;2;6;4;999;60;2;60;133;Приключения;TSR, Inc., Wizards of the Coast;dungeons & dragons;сказочная, ужасы, магия, фэнтези
77;293;Ужас Аркхэма. Карточная игра: Наследие Данвича;True;2017;8,39;8,42;-0,03;170;4028;uzhas-arkkhema-kartochnaya-igra-naslediye-danvicha;208545;7,303;14;8,28;8,18;;9;8,48;113;8,51;8,39;8,17;1172;170;4;1;0;0;120;60;7;0;15;Приключения;Хитрый Ёж (Пермь), Hobby World, Asterion Press, Fantasy Flight Games;;ужасы
78;122;Путешествие Дарвина;False;2021;8,44;8,12;0,32;118;10413;darwins-journey;322289;7,607;14;8,28;8,14;;13;8,64;80;8,53;8,39;8,18;255;149;4;1;3;3;120;60;8;30;77;Экономика;Crowd Games, Skellig Games, ThunderGryph Games;turn order: stat-based, variable set-up, different worker types, contracts, point to point movement, set collection, worker placement;историческая
79;113;Kingdom Death: Monster;False;2015;8,48;8,48;0;95;10134;monster;55690;7,63;16;8,28;8,12;8500;65;8,38;69;8,22;8,59;8,74;99;77;6;1;4;1;180;60;3;30;242;Война, Приключения;Kingdom Death;kd:m, poots, kingdom death: monster, adam poots, monster, kingdom death;пещерный век, монстры, ужасы, животные / природа, фэнтези
80;;Цивилизация. Мудрость и война;True;2013;8,58;8,31;0,27;61;1667;Sid-Meiers-Civilization-Wisdom-Warfare;142708;6,644;14;8,27;8,04;;91;8,54;41;8,64;8,77;8,38;255;61;4;2;4;2;240;180;4;20;23;Война, Экономика;Fantasy Flight Games;;историческая
81;49;Терра мистика;False;2012;8,29;8,03;0,26;797;49905;Terra-Mystica;120677;7,869;12;8,27;8,24;;135;8,33;490;8,3;8,4;8,13;1128;656;5;2;5;4;150;80;36;30;381;Экономика;Звезда, Feuerland Spiele;;сказочная, строительство, магия, фэнтези
82;7;Дюна: Империя;False;2020;8,28;8,42;-0,14;896;53886;dune-imperium;316554;8,224;13;8,26;8,24;;60;8,22;529;8,54;8,29;8,06;1635;982;4;1;0;0;120;60;26;0;222;Карты, Экономика;Geekach Games, Lucky Duck Games, Лавка игр, Dire Wolf;составление колоды во время игры;политика, футуристика, космос
83;;Киклады. Аид;True;2011;8,35;7,99;0,36;201;2715;cyclades-hades;96778;6,808;14;8,26;8,17;900;40;8,21;110;8,51;8,53;8,13;704;252;5;2;5;4;90;45;5;30;41;Война, Экономика;Crowd Games, Matagot;crowdg games, выбор карт, персональные возможности игроков, аид, торги, киклады, контроль территорий, броски кубиков, аукцион, мифология, локализация;древний мир, историческая, фэнтези
84;;Игра Престолов: Мать драконов;True;2018;8,42;8,37;0,05;119;2007;mother-of-dragons;257496;6,733;14;8,26;8,13;;26;8,47;73;8,58;8,38;8,26;623;158;8;3;0;0;240;120;5;0;32;Война;Fantasy Flight Games;;фэнтези
85;312;Трикерион. Искусство иллюзии. Полное издание;False;2019;8,41;8,75;-0,34;127;2893;trickerion-legends-of-illusion-bundle-edition;255668;7,282;15;8,26;8,14;;19;8,52;74;8,24;8,45;8,43;442;160;4;1;4;3;180;45;7;20;71;Экономика;Crowd Games, Mindclash Games;иллюзионизм, фокус, полное издание, одиночный режим, выставление рабочих, одновременный выбор действий, магия;изобретения, культура / искусство, магия
86;;Феод;False;2017;8,31;7,6;0,71;331;4128;feudum;163839;6,773;14;8,25;8,2;2836;56;8,44;211;8;8,28;8,53;623;342;5;2;4;4;180;80;19;30;278;Война, Экономика;Crowd Games, Odd Bird Games;area majority, менеджмент руки;сельское хозяйство, монстры, сказочная, средние века
87;126;Eclipse: New Dawn for the Galaxy;False;2011;8,28;7,82;0,46;594;28837;Eclipse-New-Dawn-for-the-Galaxy;72125;7,599;13;8,25;8,22;3000;128;8,29;337;8,43;8,36;8,03;584;411;6;2;6;4;180;60;30;30;309;Война, Экономика;Asmodée, Asterion Press, Lautapelit.fi, Rebel, Ystari Games;исключение игроков, движение по сетке, выкладывание плиток, управление областями, изменяемое игровое поле, разные способности игроков, кубик;космос, футуристика, строительство
88;1;Покорение Марса: Пролог;True;2018;8,32;8,85;-0,53;249;16722;terraforming-mars-prelude;247030;8,411;12;8,25;8,18;;36;8,19;137;8,66;8,41;8,01;1340;280;5;1;5;1;120;90;6;5;28;Карты;Kilogames, FryxGames, Stronghold Games, Ghenos Games, Intrafin Games, Maldito Games, MINDOK, Rebel, Reflexshop, Schwerkraft-Verlag;;космос
89;78;На Марсе;True;2020;8,31;8,17;0,14;307;14052;mars;184267;7,745;14;8,25;8,19;;48;8,52;190;8,03;8,64;8,04;693;327;4;1;4;1;150;90;10;60;236;Экономика;Skellig Games, Лавка игр, Angry Lion Games, Eagle-Gryphon Games;area majority, influence, point to point movement, variable phase order, tile placement, hand management, pick-up and deliver;изобретения, строительство, футуристика, космос
90;;Война Кольца: Воины Средиземья;True;2016;8,56;8,31;0,25;58;1528;War-of-the-Ring-Warriors-of-Middle-earth;179404;6,535;14;8,24;8,01;500;11;8,52;39;8,57;8,59;8,57;897;57;4;2;2;2;180;150;8;45;11;Война;Ares Games, GaGa Games;война кольца, приключение, war of the ring, толкин, контроль территорий, gagagames, властелин колец, фэнтези;монстры, магия, фэнтези
91;48;Слишком много костей;False;2016;8,34;8,31;0,03;184;15851;Too-Many-Bones;192135;7,872;12;8,24;8,15;3750;60;7,89;117;8,28;8,54;8,64;538;191;4;1;3;0;75;60;10;0;243;Приключения;Лавка игр, Chip Theory Games;;фэнтези
92;;Ужас Аркхэма. Третья редакция: Под тёмными волнами;True;2020;8,55;8,41;0,14;59;946;arkham-horror-third-edition-under-dark-waves;304286;6,252;14;8,24;8,01;1270;12;8,66;41;8,63;8,75;8,17;473;69;6;1;4;1;180;120;3;30;10;Приключения;Hobby World, Fantasy Flight Games;ассиметричные возможности игроков, модульное игровое поле, броски кубиков, кооперативная игра;ужасы, монстры, магия
93;156;Древний ужас: Забытые тайны;True;2014;8,29;8,3;-0,01;354;6944;Eldritch-Horror-Forsaken-Lore;154842;7,519;14;8,24;8,19;;70;8,29;194;8,49;8,54;7,85;2245;327;8;1;0;0;240;120;14;0;30;Приключения;Hobby World, Hobby Games, Fantasy Flight Games;;ужасы, магия
94;91;Гранд-отель «Австрия»;False;2015;8,25;7,96;0,29;816;23478;grand-austria-hotel;182874;7,707;12;8,24;8,22;2500;81;8,25;460;8,41;8,23;8,12;1639;708;4;2;3;2;120;60;20;20;286;Азартные, Экономика;Crowd Games, Mayfair Games, Lookout Games;вена, менеджмент, отель, австрия, управление, кафе, бизнес, стратегия;бизнес / промышленность
95;81;Анахронность;False;2017;8,27;8,05;0,22;447;20545;anachrony;185343;7,742;15;8,23;8,19;4600;68;8,13;267;8,05;8,57;8,32;784;415;4;1;4;3;120;30;23;15;229;Экономика;Crowd Games, Mindclash Games;судный день, science fiction, worker placement, anachrony, путешествия во времени, анахронность, научная фантастика, crowd games, локализация;постапокалипсис, футуристика
96;46;Корни;False;2018;8,25;8,07;0,18;1218;59271;root;237182;7,884;10;8,23;8,22;;163;8;706;8,05;8,26;8,7;2678;1481;4;2;4;3;90;60;34;20;629;Война;Kilogames, Crowd Games, Leder Games;ассиметричные стороны, преимущество в области, соревновательная, перемещение по маршрутам, победные условия, игровое поле, фишки, победные очки;сказочная, животные / природа
97;;Древний ужас. Под пирамидами;True;2015;8,38;8,38;0;122;2607;Eldritch-Horror-Under-the-Pyramids;181817;6,926;0;8,23;8,1;;56;8,36;82;8,43;8,59;8,15;1091;144;0;0;0;0;0;0;6;0;32;Приключения;Fantasy Flight Games;;ужасы, магия
98;;StarCraft. Настольная игра;False;2007;8,27;7,36;0,91;448;7694;starcraft-the-board-game;22827;6,859;12;8,23;8,19;3300;161;8,31;270;8,16;8,47;8,12;519;332;6;2;4;3;360;180;23;60;249;Война;Hobby World, Смарт, Fantasy Flight Games, HeidelBÄR Games;космическая, варгейм, по лицензии;космос, футуристика, строительство
99;99;Кланы Каледонии;False;2017;8,25;7,94;0,31;573;21609;clans-caledonia;216132;7,668;13;8,22;8,19;;88;8,3;302;8,42;8,51;7,76;924;561;4;1;4;2;120;30;15;10;275;Экономика;Crowd Games, Karma Games, (Self-Published);;средние века
100;475;Особняки безумия: Улицы Аркхэма;True;2017;8,43;8,55;-0,12;88;2878;Streets-of-Arkham;229987;7,111;14;8,22;8,05;;30;8,14;55;8,59;8,66;8,34;958;104;5;1;4;2;180;120;9;10;17;Приключения;Hobby World, Fantasy Flight Games;;ужасы
101;;Forbidden Stars: Forgotten Worlds;True;2020;8,61;;;46;;forbidden-stars-forgotten-worlds;0;;0;8,22;7,94;;10;8,72;36;8,57;8,7;8,43;165;43;4;2;4;3;0;0;1;0;15;Война;;;
102;36;Во славу Одина;True;2016;8,26;8,17;0,09;413;31634;Feast-Odin;177736;7,944;12;8,22;8,17;;121;8,39;242;8,3;8,31;8,02;668;343;4;1;4;2;120;30;12;15;337;Экономика;Hobby World, Feuerland Spiele;;сельское хозяйство, средние века
103;29;Серп;False;2016;8,23;8,12;0,11;1845;89712;scythe;169786;7,964;14;8,22;8,21;3280;304;7,85;1065;8,04;8,8;8,23;3398;1884;5;1;5;3;160;90;56;15;776;Война, Экономика;Geekach Games, Crowd Games, Stonemaier Games;scythe;роботы, сельское хозяйство
104;;Battlestar Galactica: Daybreak Expansion;True;2013;8,56;8,268;0,29;51;2124;Battlestar-Galactica-Daybreak-Expansion;141648;6,797;12;8,21;7,95;;53;8,57;36;8,67;8,59;8,39;160;41;6;3;5;5;240;120;6;40;20;Компанейские, Приключения;Fantasy Flight Games;игра с предателем, тайные задания;политика, футуристика, космос
105;45;Ужас Аркхэма. Карточная игра;True;2016;8,23;8,13;0,1;1120;46180;arkham-horror-the-card-game;205637;7,898;14;8,21;8,2;915;92;8,28;646;8,31;8,24;8,07;3247;972;4;1;2;2;120;60;62;30;295;Азартные, Приключения;DesktopGames - Игромаг (Украина), Hobby World, Asmodée, Fantasy Flight Games;жки, lcg, лавкрафт, карточная игра, кооперативная игра;монстры, ужасы
106;27;Руины острова Арнак: Лидеры экспедиции;True;2021;8,35;8,7;-0,35;131;8401;lost-ruins-arnak-expedition-leaders;341254;7,972;12;8,21;8,09;975;17;8,09;84;8,52;8,71;8,08;815;152;4;1;0;0;120;30;4;0;28;Приключения;GaGa Games, Czech Games Edition;построение колоды, семейная, gagagames, фэнтези, приключения, дополнение;монстры
107;121;Проект Возрождение;False;2022;8,28;8,1;0,18;252;10904;revive;332772;7,614;14;8,21;8,14;;23;8,25;137;8,5;8,26;8,1;563;300;4;1;0;0;90;60;9;0;131;;Стиль жизни, Aporta Games;;
108;108;Агрикола. Новое издание;False;2016;8,24;7,95;0,29;527;20040;Agricola-revised-edition;200680;7,647;12;8,21;8,17;1815;102;8,31;297;8,29;8,46;7,91;1168;391;4;1;4;3;120;30;20;30;214;Экономика;Lautapelit.fi, Mayfair Games, Lacerta, Funforge, Devir, 999 Games, Hobby World, CrowdRepublic, Lookout Games;;сельское хозяйство, животные / природа
109;218;Алхимики;False;2014;8,23;7,64;0,59;572;23859;alchemists;161970;7,402;12;8,2;8,17;2100;91;7,94;324;8;8,28;8,7;1130;531;4;2;4;3;120;60;24;60;313;Карты, Экономика;Lord of Boards, GaGa Games, Czech Games Edition;зелья, настольно-цифровая игра, алхимия, размещение рабочих, еврогейм, gagagames;изобретения, магия, средние века, фэнтези
110;;Древний ужас: Знамения Каркозы;True;2016;8,34;8,33;0,01;130;2558;eldritch-horror-signs-of-carcosa;197586;6,884;14;8,2;8,08;;39;8,21;73;8,41;8,55;8,17;1154;144;8;1;6;1;240;120;5;0;29;Приключения;Fantasy Flight Games;древний ужас;монстры, ужасы
111;57;Рыцарь-маг;False;2011;8,25;8,08;0,17;283;34487;Mage-Knight-Board-Game;96848;7,842;14;8,19;8,13;;82;8,36;169;8,1;8,27;8,28;422;219;4;1;3;1;300;120;10;30;363;Приключения;WizKids;модульное поле, управление рукой карт, составление колоды во время игры;магия, фэнтези
112;321;Ticket to Ride. Наследие: Легенды Запада;False;2023;8,5;8,76;-0,26;57;2611;ticket-to-ride-legacy-legends-of-the-west;390092;7,266;10;8,19;7,95;4200;16;7,84;38;8,79;8,91;8,46;216;79;5;2;0;0;90;20;7;0;43;Экономика;Hobby World, Days of Wonder;легаси, наследие, legacy, контракты, бонусы в конце игры, испытай удачу, поезда, билет на поезд, ticket to ride, сбор сетов, менеджмент руки;
113;411;Пять племён. Ремесленники Накалы;True;2015;8,36;8,12;0,24;106;4177;Five-Tribes-The-Artisans-of-Naqala;176677;7,173;14;8,19;8,05;600;25;8,05;58;8,5;8,65;8,22;774;134;4;2;4;2;80;40;5;7;10;Экономика;Crowd Games, Days of Wonder;контроль территорий, драфт карт, сбор сетов, модульное игровое поле;арабская, восточная
114;306;Орлеан: Торговля и интриги;True;2016;8,34;8,39;-0,05;118;3676;orleans-trade-intrigue;204814;7,285;12;8,19;8,06;650;14;8,16;69;8,63;8,45;8,12;614;108;5;2;4;3;120;60;2;20;25;Экономика;GaGa Games, Baldar, DLP Games;жетоны из мешка, развитие, средневековье, торговля, еврогейм, gagagames, размещение рабочих, франция;бизнес / промышленность, средние века, историческая
115;;1862: Railway Mania in the Eastern Counties;False;2013;8,91;8,18;0,73;25;1318;1862-railway-mania-in-the-eastern-counties;66837;6,484;12;8,19;7,79;;5;9,24;21;9,04;8,44;8,92;40;32;8;1;6;2;300;300;;60;16;Экономика;GMT Games;;транспорт, бизнес / промышленность, строительство, историческая
116;;Ужас Аркхэма. Третья редакция: Во мраке ночи;True;2019;8,41;8,28;0,13;79;1337;arkham-horror-third-edition-dead-night;282308;6,41;14;8,18;8;575;9;8,38;53;8,61;8,65;8;541;81;6;1;4;1;180;120;1;0;7;Приключения;Hobby World, Fantasy Flight Games;ассиметричные возможности игроков, модульное игровое поле, броски кубиков, кооперативная игра;ужасы, монстры
117;39;Ark Nova: Marine Worlds;True;2023;8,63;8,92;-0,29;40;5942;ark-nova-marine-worlds;368966;7,934;14;8,18;7,89;;8;8,68;25;8,72;8,7;8,4;241;41;4;1;0;0;150;90;3;0;6;;Feuerland Spiele, Capstone Games;дополнение;животные / природа
118;260;Великий Западный Путь. Аргентина;False;2022;8,31;8,25;0,06;135;4877;great-western-trail-argentina;364011;7,352;12;8,18;8,06;;13;8,47;81;8,37;8,43;7,96;371;134;4;1;0;0;150;75;13;0;36;Экономика;Звезда, Eggertspiele;;дикий запад, животные / природа
119;;Mansions of Madness;False;2010;8,23;7,26;0,97;338;13904;Mansions-of-Madness;83330;6,915;14;8,18;8,13;2700;145;8,03;196;8,1;8,61;8,19;451;290;5;2;5;2;180;120;16;60;313;Приключения;Fantasy Flight Games;;ужасы, магия
120;;Алхимики: Королевский голем;True;2016;8,54;8,37;0,17;50;1456;Alchemists-Golem-Expansion;204650;6,573;12;8,18;7,93;1000;25;8,6;35;8,48;8,5;8,58;370;51;4;2;4;3;160;120;5;30;33;Логические, Экономика;GaGa Games, Czech Games Edition, Rebel;настольно-цифровая игра, зелья, алхимия, gagagames, еврогейм, размещение рабочих, дополнение;медицина, юмор, фэнтези
121;;Робинзон Крузо. Путешествие «Бигля»;True;2013;8,43;8,101;0,33;71;1964;Robinson-Crusoe-Voyage-of-the-Beagle;144722;6,672;0;8,18;7,98;;47;8,25;44;8,13;8,66;8,68;578;47;0;0;0;0;0;0;4;0;30;Приключения;Hobby World, Portal Games;;историческая
122;;Тираны Подземья;True;2016;8,19;8,22;-0,03;860;2999;Tyrants-of-the-Underdark;336847;7,006;14;8,17;8,15;;100;7,97;462;8,58;8,22;7,99;1811;903;4;2;4;4;120;60;11;10;245;Война, Карты, Экономика;Лавка игр, Wizards of the Coast, Gale Force Nine;;фэнтези
123;95;Особняки безумия (второе издание);False;2016;8,19;7,93;0,26;1044;38908;Mansions-of-Madness-Second-Edition;205059;7,69;14;8,17;8,16;;168;7,89;581;8,21;8,4;8,25;2393;1112;5;1;4;2;180;120;45;15;504;Приключения;Hobby World, Ход Конём (Украина), Fantasy Flight Games;;ужасы, монстры, фэнтези
124;112;7 чудес: Дуэль - Пантеон;True;2016;8,23;8;0,23;284;15661;7-wonders-duel-pantheon;202976;7,631;10;8,17;8,11;300;45;8,02;138;8,35;8,48;8,06;1299;242;2;2;2;2;30;30;11;10;55;Карты, Экономика;Repos Production;card drafting, set collection;древний мир, историческая
125;;Галактический круиз;False;2024;8,46;8,43;0,03;60;2766;galactic-cruise;391137;7,041;14;8,17;7,95;;13;8,47;35;8,37;8,83;8,17;135;84;4;1;0;0;150;90;3;0;53;Экономика;Kinson Key Games, Dranda Games;космические корабли, рынок, модульное поле, размещение рабочих, космос, научная фантастика, карты;транспорт, бизнес / промышленность, космос
126;429;Стамбул. Полное издание;False;2018;8,36;8;0,36;88;4671;istanbul-big-box;251219;7,153;10;8,16;7,99;;12;8;48;8,49;8,68;8,26;296;71;5;2;5;2;90;40;10;0;27;Экономика;Funmill.ru, Alderac Entertainment Group (AEG), Pegasus Spiele;;арабская, восточная, бизнес / промышленность
127;;Runewars;False;2010;8,24;7,61;0,63;207;8513;runewars;59294;7,094;12;8,16;8,08;2720;52;8,18;133;8,21;8,49;8,09;155;137;4;2;4;2;240;180;3;30;173;Война;Edge Entertainment, Fantasy Flight Games;runewars;фэнтези
128;493;Battlestar Galactica: Exodus Expansion;True;2011;8,37;8,12;0,25;82;3841;BSG-Exodus;85905;7,103;10;8,16;7,98;1010;47;8,3;51;8,45;8,62;8,12;196;65;6;3;6;5;240;180;3;30;13;Приключения;HeidelBÄR Games, Edge Entertainment, Fantasy Flight Games;;политика, космос, футуристика
129;64;Lords of Waterdeep: Scoundrels of Skullport;True;2013;8,29;8,21;0,08;131;14257;Lords-of-Waterdeep-Scoundrels-of-Skullport;134342;7,796;0;8,16;8,04;;17;8,11;74;8,5;8,66;7,89;340;128;6;2;0;0;0;0;;0;17;Экономика;Wizards of the Coast;lords of waterdeep: scoundrels of skullport, scoundrels of skullport, lords of waterdeep;фэнтези
130;202;Нуклеум;False;2023;8,32;8,13;0,19;101;6966;nucleum;396790;7,434;14;8,15;8;;13;8,51;63;8,48;8,35;7,95;315;150;4;1;0;0;120;60;10;0;76;Экономика;Board&Dice, Intrafin Games;дерево технологий, промышленная революция, бонусы в конце игры, соло режим, альтернативная история, разные способности игроков, менеджмент руки;
131;79;Каверна. Пещерные фермеры;False;2013;8,2;7,93;0,27;382;36473;caverna-the-cave-farmers;102794;7,744;12;8,15;8,11;3500;146;8,29;210;8,38;8,57;7,58;645;326;7;1;4;4;210;30;12;20;285;Экономика;Геменот, Crowd Games, Lookout Games, Filosofia Éditions, uplay.it edizioni;животноводство, аграрная, воркерплейсмент, развитие, миплплейсмент, ферма, размещение рабочих, экономика, стратегия;сельское хозяйство, строительство, древний мир, фэнтези
132;;Сундук войны. Дворянство;True;2019;8,35;8,23;0,12;88;1246;warchest-nobility;284444;6,451;14;8,15;7,99;700;10;8,25;58;8,58;8,45;8,11;653;93;4;2;4;2;60;30;4;10;10;Война, Классика;Crowd Games, Alderac Entertainment Group (AEG);абсракт, дворянство, сундук войны, war chest, логика, дополнение;абстрактная
133;433;Древний ужас. Таинственные руины;True;2015;8,32;8,32;0;103;3694;Eldritch-Horror-Strange-Remnants;177182;7,146;0;8,15;8,01;;34;8,18;60;8,48;8,56;8,07;1013;132;0;0;0;0;0;0;6;0;15;Приключения;Fantasy Flight Games;;ужасы, магия
134;;Зов Ктулху. НРИ;True;2015;8,57;;;41;;call-of-cthulhu-rpg-7th-edition;0;;12;8,14;7,86;1800;5;8,63;27;8,59;8,66;8,41;132;57;8;2;4;2;0;0;;120;15;;Chaosium inc.;зов, miscatonic, call of cthulhu, ктулху, ужасы, лавкрафт;вампиры, зомби, ужасы, монстры, космос, магия
135;96;Цолькин: Календарь Майя;False;2012;8,16;7,85;0,31;727;41288;tzolkin-the-mayan-calendar;126163;7,688;13;8,14;8,11;1640;120;7,89;377;7,94;8,31;8,49;1318;683;4;2;4;3;120;90;36;20;331;Экономика;GaGa Games, Rio Grande Games, IELLO, HeidelBÄR Games, Cranio Creations, Czech Games Edition;цивилизация майя, необычное поле, календарь, шестеренки, сбор коллекции, еврогейм, размещение рабочих, экономика, gagagames;сельское хозяйство, строительство, древний мир
136;71;Подводные города;False;2018;8,17;8,05;0,12;590;21709;underwater-cities;247763;7,776;12;8,14;8,11;;43;8,27;317;8,4;8;8,01;973;553;4;1;0;0;150;80;22;0;251;Экономика;Hobby World, sternenschimmermeer, Rio Grande Games, MINDOK, Arrakis Games, Delicious Games;;бизнес / промышленность, футуристика
137;62;Виноделие. Полное издание;False;2015;8,15;7,97;0,18;913;52835;viticulture-essential-edition;183394;7,819;13;8,13;8,11;;157;7,73;485;8,17;8,68;8,03;2057;798;6;1;4;3;120;60;22;15;332;Экономика;Stonemaier Games, Лавка игр;tuscany, viticulture, expansion;сельское хозяйство, бизнес / промышленность, животные / природа
138;;Осквернённый Грааль: Короли краха;True;2023;8,95;8,79;0,16;21;776;tainted-grail-kings-of-ruin;360366;6,173;14;8,13;7,71;;10;8,9;17;9,05;9,05;8,81;258;16;4;1;2;1;120;90;6;20;30;Приключения;Crowd Games, Awaken Realms;grail, грааль;монстры, магия, фэнтези
139;;Особняки безумия. Вторая редакция: Зловещие путешествия;True;2018;8,5;8,58;-0,08;47;2109;mansions-of-madness-2ed-horrific-journeys;255823;6,899;0;8,13;7,87;;17;8,23;30;8,68;8,74;8,36;698;70;0;0;0;0;0;0;3;0;12;Приключения;Fantasy Flight Games;;ужасы
140;236;Шерлок Холмс, детектив-консультант. Убийства на Темзе и другие расследования;False;1981;8,17;7,61;0,56;440;22308;sherlock-holmes-consulting-detective-the-thames-murders;2511;7,377;14;8,13;8,09;1450;92;8,29;233;7,89;8,32;8,18;1187;436;8;1;3;2;180;90;23;5;265;Компанейские, Приключения;Crowd Games, Kaissa Chess & Games, International Team, Edge Entertainment, Descartes Editeur, Chessex, Asterion Press, Asmodée, Space Cowboys, Sleuth Publications, Ystari Games, KOSMOS, Casper Games;детективная;культура / искусство, криминал, историческая
141;;Unmatched: Битва Легенд. Том 2;False;2021;8,26;;;126;;unmatched-battle-of-legends-volume-two;0;;9;8,13;8,01;1000;16;7,89;69;8,39;8,51;8,27;774;179;4;2;0;2;40;20;2;10;19;;GaGa Games, Mondo Games, Restoration Games;ассиметричная дуэль, unmatched, дуэль, скирмиш, gagagames;супергерои, культура / искусство, сказочная, фэнтези
142;47;The Lord of the Rings: Duel for Middle-Earth;False;2024;8,22;8,38;-0,16;190;12691;the-lord-of-the-rings-duel-for-middle-earth;421006;7,874;45;8,12;8,04;;13;7,94;101;8,51;8,66;7,75;631;185;0;2;0;0;0;30;4;0;64;Карты;Asmodée, Repos Production;lord of the rings, толкин, властелин колец, дуэльная игра;
143;;Цивилизация Сида Мейера;False;2010;8,14;7,37;0,77;771;16191;sid-meiers-civilization-ffg;77130;7,075;13;8,12;8,1;2090;149;8,33;392;7,93;8,25;8,03;1409;612;4;2;4;3;240;180;70;40;310;Экономика;Hobby World, HeidelBÄR Games, Stratelibri, Edge Entertainment, Fantasy Flight Games;;историческая
144;;Риичи-маджонг;False;0;8,36;8,27;0,09;71;702;Riichi-Mahjong;108018;6,078;12;8,12;7,93;;3;8,52;50;8,2;8,48;8,23;61;53;4;4;4;4;160;90;;40;23;Азартные, Логические;(Public Domain);риичи, японский маджонг, риичи-маджонг;восточная, спортивная
145;127;Борьба за галактику: Перед бурей;True;2008;8,26;8,09;0,17;123;10136;race-for-the-galaxy-the-gathering-storm;34499;7,597;12;8,12;8;400;35;8,33;62;8,5;8,28;7,91;619;120;5;1;5;1;70;50;3;25;24;Карты, Экономика;Дом Игр (Украина), Ystari Games, Wargames Club Publishing, Rio Grande Games, Hobby Japan, Giochix.it, Ghenos Games, Gamesinitaly, Abacusspiele;одновременные ходы, победные очки;космос, футуристика
146;140;7 чудес;False;2010;8,13;7,67;0,46;1876;109715;7-wonders;68448;7,558;10;8,12;8,11;1260;264;7,73;968;8,26;8,5;8,02;3344;1855;7;2;7;3;45;30;68;15;471;Карты, Экономика;Asmodée, Стиль жизни, Repos Production, Lautapelit.fi;персональные возможности игроков, выбор карт, одновременный выбор действий, набор комбинаций;историческая, древний мир
147;;Unmatched: Красная Шапочка vs. Беовульф;False;2020;8,2;8,09;0,11;191;3361;unmatched-little-red-riding-hood-vs-beowulf;325635;6,969;9;8,11;8,03;500;14;7,9;102;8,32;8,48;8,09;1020;270;0;2;0;2;0;20;15;10;15;Карты;GaGa Games, Restoration Games, Mondo Games;красная шапочка против серого волка, беовульф, красная шапочка, unmatched, битва легенд, скирмиш, gagagames;сказочная, фэнтези
148;171;Древний ужас;False;2013;8,12;7,74;0,38;1933;38125;Eldritch-Horror;146021;7,497;14;8,11;8,1;;268;8,01;1045;8,19;8,44;7,83;4035;1744;8;1;5;3;240;120;67;30;532;Приключения;Hobby World, Fantasy Flight Games;рассказывание историй, движение от точки к точке, ролевая игра, разные способности игроков, кубик, кооперативная игра;монстры, ужасы, магия
149;175;Mombasa;False;2015;8,22;7,84;0,38;158;13676;Mombasa;172386;7,489;12;8,11;8,02;;46;8,34;94;8,27;8,13;8,13;164;135;4;2;4;2;150;75;2;15;133;Экономика;Albi, The Game Master BV, R&R Games, Eggertspiele, Pegasus Spiele;;бизнес / промышленность, строительство
150;54;Slay the Spire: The Board Game;False;2021;8,32;8,69;-0,37;78;8032;slay-the-spire-the-board-game;338960;7,848;12;8,1;7,93;;15;8,19;45;8,58;8,47;8,05;175;92;4;1;4;2;180;45;3;10;62;Война, Карты, Приключения;Contention Games;slay the spire, contention games, по видеоигре, колодостроительная игра, фентези, кооперативная игра, карточная игра;средние века, монстры, магия, фэнтези
151;;Немезида: Карноморфы;True;2019;8,4;8,48;-0,08;57;1435;nemesiscarnomorphs;245845;6,565;0;8,1;7,88;;26;8,16;34;8,46;8,82;8,14;408;71;5;1;0;0;180;90;4;0;12;Приключения;Hobby World, Awaken Realms, Rebel;;инопланетяне
152;;Anachrony: Fractures of Time;True;2020;9,04;8,84;0,2;18;1152;anachrony-fractures-of-time;272077;6,588;15;8,1;;;7;8,83;15;9,11;9,28;8,94;99;5;4;1;0;0;150;90;;0;7;Экономика;Mindclash Games;;футуристика
153;;Trismegistus: The Ultimate Formula;False;2019;8,32;7,56;0,76;77;3764;Trismegistus-The-Ultimate-Formula;281442;6,733;14;8,1;7,92;;17;8,31;44;8,34;8,14;8,48;108;84;4;1;0;0;120;90;2;0;85;Азартные;Board&Dice;;магия
154;110;Mechs vs. Minions;False;2016;8,23;7,96;0,27;130;18007;mvm;209010;7,64;0;8,1;7,99;;56;7,51;73;8,16;9;8,27;167;117;4;2;0;0;90;60;11;0;160;Война;Riot Games;league of legends, лига легенд, программирование действий, миниатюрки, мехи, миниатюры;компьютеры, изобретения, роботы, фэнтези
155;170;Troyes;False;2010;8,14;7,71;0,43;438;24481;troyes;73439;7,497;12;8,1;8,06;1090;87;8,13;220;8,23;8,05;8,15;522;368;4;2;4;3;90;70;14;15;279;Азартные, Война, Экономика;Pearl Games;контроль областей, сбор сетов, размещение рабочих, броски кубиков;средние века, строительство
156;;Infinity: A Skirmish Game;True;2005;8,52;8,01;0,51;39;851;Infinity;21133;6,137;12;8,09;7,8;;1;8,46;29;8,46;8,92;8,23;67;27;8;2;0;2;90;60;1;30;16;Война;CORVUS BELLI;;компьютеры, киберпанк, роботы, космос, инопланетяне, футуристика
157;268;7 Чудес (Второе издание);False;2020;8,14;7,83;0,31;260;10331;7-wonders-second-edition;316377;7,335;10;8,09;8,02;1150;18;7,65;133;8,37;8,55;8;578;234;7;3;7;4;45;30;14;0;42;Экономика;Repos Production, Стиль жизни;ассиметричные возможности игроков, сбор сетов, драфт карт, менеджмент руки;политика, бизнес / промышленность, строительство, историческая
158;;Каркассон: Юбилейное издание;True;2021;8,3;8,03;0,27;80;2954;Carcassonne20th;329954;6,851;7;8,09;7,92;;1;7,78;40;8,38;8,94;8,1;333;68;5;2;3;2;0;40;2;10;7;;Hans im Glück;;
159;;Malifaux;False;2013;8,56;7,99;0,57;36;426;Malifaux;147537;5,859;12;8,09;7,79;;4;8,72;27;8,64;8,56;8,33;88;31;2;2;2;2;90;40;1;0;28;Война;Wyrd;;
160;179;Wonderland's War;False;2021;8,23;8,06;0,17;121;9245;wonderlands-war;227935;7,484;13;8,09;7,97;;39;7,69;61;8,3;8,67;8,28;156;178;5;2;0;0;75;45;6;0;136;Война, Карты;Druid City Games, Skybound Games;wonderland's war, skybound games, контроль областей, druid city games;сказочная, фэнтези
161;53;Орлеан;True;2014;8,11;8,05;0,06;812;34084;orleans;164928;7,861;12;8,09;8,07;1965;107;7,79;399;8,31;8,17;8,16;1657;742;4;2;4;2;90;60;29;15;327;Экономика;Baldar, GaGa Games, Tasty Minstrel Games, DLP Games, Arclight;пулбилдинг, развитие, жетоны из мешка, франция, средневековье, торговля, еврогейм, gagagames, размещение рабочих;средние века
162;192;Восходящее солнце;False;2018;8,13;7,76;0,37;484;22581;Rising-Sun;205896;7,458;13;8,09;8,06;3095;123;7,93;254;8,08;8,58;7,94;797;572;5;3;5;4;120;90;15;20;351;;Asmodée, Hobby World, Portal Games, Game Harbor, Edge Entertainment, Asterion Press, ADC Blackfire Entertainment GmbH, CMON Limited;;
163;;Fief: France 1429;False;2015;8,22;7,44;0,78;132;2355;Fief-France-1429;152470;6,433;13;8,09;7,98;;37;8,16;70;8,26;8,21;8,23;136;114;6;3;6;5;150;120;7;0;167;Экономика;Asyncron Games, Academy Games;;средние века
164;;Shadows of Brimstone: Swamps of Death;True;2014;9,04;8,04;1;17;2496;Shadows-of-Brimstone-Swamps-of-Death;150997;6,721;12;8,09;;4100;5;8,94;15;9,29;9,06;8,88;44;9;4;1;4;3;180;90;1;60;23;Приключения;HeidelBÄR Games, Flying Frog Productions;игральные кости, игровые карты, игровое поле, миниатюры;дикий запад, монстры, ужасы, фэнтези
165;;Война Кольца. (Второе издание) Промо-сценарий «Раскол Братства»;True;2012;9,22;8,33;0,89;15;148;voyna-koltsa-stsyenariy-raskol-bratstva;188886;5,642;10;8,09;;;4;9,2;12;9,33;9,2;9,13;263;9;4;2;3;2;200;90;3;40;5;Война;GaGa Games;;политика, древний мир, сказочная, средние века, монстры, магия, историческая, фэнтези
166;137;Опустошение;False;2022;8,34;8,53;-0,19;68;5618;voidfall;337627;7,567;15;8,09;7,9;3000;29;8,57;45;8,43;8,31;8,04;263;98;4;1;3;1;240;90;7;40;107;Экономика;Crowd Games, Mindclash Games;события, ассиметричные возможности игроков, движение по сетке, модульное игровое поле, менеджмент руки;космос
167;;Спикизи;False;2025;8,53;8,31;0,22;37;223;speakeasy-2024;375459;5,717;16;8,08;7,78;;13;8,54;24;8,38;8,84;8,35;145;45;4;2;0;0;0;0;2;0;46;Война, Экономика;Crowd Games, Eagle-Gryphon Games;в разработке, сухой закон, lacerda, большинство на территориях, мафия, менеджмент руки;криминал
168;85;Агрикола;True;2007;8,1;7,86;0,24;799;75256;agricola;31260;7,733;12;8,08;8,06;2100;188;8,09;395;8,23;8,28;7,8;1263;696;5;1;4;3;180;90;21;30;410;Экономика;Hobby World, Z-Man Games, Ystari Games, Swan Panasia Co., Ltd., Stratelibri, MINDOK, Lacerta, Korea Boardgames, HomoLudicus, Hobby Japan, 999 Games, Lookout Games;кризисное управление, управление ресурсами, еврогейм, агрикола;сельское хозяйство
169;334;7 чудес: Дуэль - Агора;True;2020;8,21;8,07;0,14;129;5395;7-wonders-duel-agora;309116;7,252;10;8,08;7,97;300;23;8,25;66;8,32;8,26;8,02;787;128;2;2;2;2;45;30;8;15;31;Карты;Repos Production;take that;древний мир
170;;Сквозь века: Новая история цивилизации - Новые лидеры и чудеса;True;2019;8,34;8,9;-0,56;64;1771;through-ages-new-leaders-and-wonders;280833;6,97;14;8,08;7,88;430;21;8,44;41;8,61;8,27;8,02;437;68;4;2;0;0;180;120;3;60;18;Экономика;GaGa Games, Czech Games Edition;борьба за территорию, управление государством, исследования, gagagames, строительство, экономика, цивилизация, дополнение;строительство, историческая
171;472;Особняки безумия. За порогом;True;2016;8,22;8,34;-0,12;118;3433;osobnyaki-bezumiya-za-porogom;210674;7,112;13;8,08;7,96;555;31;8,18;54;8,33;8,31;8,04;1093;134;5;1;0;0;180;120;8;0;23;Приключения;Fantasy Flight Games;;призраки, ужасы, монстры, магия
172;286;Игра Престолов. Второе издание;False;2011;8,09;7,53;0,56;1447;36098;a-game-of-thrones-the-board-game-second-edition;103343;7,309;14;8,08;8,07;;171;8,13;729;8,14;8,28;7,81;2709;1386;6;3;6;6;240;120;81;0;423;Война, Экономика;Hobby World, Fantasy Flight Games;исключение игроков, движение по областям, управление областями, разные способности игроков, одновременный выбор действий, аукцион;политика, средние века, строительство, фэнтези
173;257;Добро пожаловать на Луну;False;2021;8,15;7,89;0,26;257;8440;welcome-to-the-moon;339789;7,353;10;8,08;8,02;1146;28;7,79;129;8,34;8,48;8;890;337;6;1;0;0;30;25;9;0;123;Логические, Экономика;Стиль жизни, Blue Cocker Games;;строительство, космос
174;;Ужас Аркхэма. Ужас Инсмута;True;2009;8,31;7,89;0,42;72;3501;arkham-horror-innsmouth-horror;40776;6,887;13;8,08;7,89;1500;64;8,35;37;8,33;8,54;8,01;404;52;8;1;0;0;240;120;3;0;27;Приключения;CBGames.com.ua (Украина), Hobby World, Stupor Mundi, HeidelBÄR Games, Edge Entertainment, Fantasy Flight Games;ктулху, мифы ктулху, ужасы, лавкрафт, ужас аркхэма, кооперативная игра, дополнение;ужасы, магия
175;152;Карнеги;False;2022;8,18;7,98;0,2;157;10979;carnegie;310873;7,528;12;8,07;7,98;;19;8,26;76;8,27;8,29;7,89;443;223;4;1;0;0;180;120;13;0;111;Экономика;Лавка игр, Quined Games;;бизнес / промышленность
176;;Aeon Trespass: Odyssey;False;2021;8,71;9,01;-0,3;26;2571;aeon-trespass-odyssey;242705;6,923;12;8,07;7,71;;16;8,85;19;8,62;8,81;8,54;52;18;4;1;0;0;0;90;2;0;92;Война, Карты, Приключения, Экономика;Into the Unknown;aeon trespass odyssey, into the unknown, мифология, альтернативная история, античность, модульное поле, броски кубиков, кооперативная игра, приключения, миниатюры;постапокалипсис, пираты, древний мир, монстры, животные / природа, магия, историческая, фэнтези
177;;High Frontier 4 All;False;2020;8,54;8,38;0,16;36;2169;High-Frontier-4-All;281655;6,824;14;8,07;7,78;;23;8,75;25;7,89;8,28;9,22;87;40;5;1;0;0;240;90;1;0;98;;Sierra Madre Games, Ion Game Design;;космос
178;237;Unmatched: Туман над мостовой;False;2020;8,11;7,94;0,17;477;8930;UnmatchedCF;294484;7,376;9;8,07;8,04;1000;27;7,52;239;8,13;8,6;8,17;1681;591;4;2;4;2;40;20;23;7;54;Война;GaGa Games, Mondo Games, Restoration Games;джекил и хайд, туман над мостовой, unmatched, дракула, шерлок холмс, битва легенд, скирмиш, gagagames;вампиры, культура / искусство, супергерои, фэнтези
179;;Mansions of Madness: Call of the Wild;True;2013;8,77;;;24;;Mansions-of-Madness-Call-of-the-Wild;0;;14;8,07;7,69;;23;8,62;19;8,79;8,96;8,71;131;10;5;2;0;0;0;120;3;20;13;Приключения;Fantasy Flight Games;лавкрафт, по лицензии;ужасы
180;51;Покорение Марса: Эллада и Элизий;True;2017;8,14;8,38;-0,24;237;11543;terraforming-mars-hellas-elysium;218127;7,863;12;8,07;8;;26;8,06;101;8,37;8,27;7,83;1491;248;5;1;4;3;120;90;5;0;24;;Лавка игр, FryxGames;терраформирование, марс;космос, футуристика
181;;Triumph and Tragedy;False;2015;8,49;8,15;0,34;40;2496;triumph-and-tragedy;130960;6,842;12;8,07;7,79;;16;8,35;25;8,68;8,45;8,48;39;34;3;2;0;0;300;240;1;0;58;Война;GMT Games;;вторая мировая
182;479;Бессознательное;False;2022;8,2;7,93;0,27;122;4975;unconscious-mind;329500;7,109;12;8,06;7,95;2270;20;8,09;68;7,87;8,75;8,1;331;196;4;1;0;0;90;45;8;0;128;Карты;Gém Klub Kft., Maldito Games, Lucky Duck Games, Frosted Games, GaGa Games, Fantasia Games;психоанализ, программирование действий, рондель, психология, бонусы в конце игры, соло режим, драфт, размещение рабочих, сбор сетов, gagagames;медицина, романтика / секс, культура / искусство
183;;Гармония;False;2024;8,1;8,22;-0,12;381;3121;harmonies;414317;7,013;10;8,06;8,01;1000;26;7,71;174;8,31;8,58;7,81;1076;478;4;1;3;2;45;30;4;5;91;Логические;Crowd Games, Libellud;;животные / природа
184;;Cthulhu Wars: Great Old One Pack Three;True;2015;9,44;;;12;;cthulhu-wars-great-old-one-pack-three;0;;0;8,06;;;;9,33;11;9,33;9,67;9,42;18;3;0;0;0;0;0;0;;0;;;;;
185;60;Эверделл;True;2018;8,08;8;0,08;910;63383;everdell;199792;7,821;13;8,06;8,04;;158;7,6;428;8,02;8,84;7,85;2196;1127;4;1;4;3;80;40;22;15;482;Карты;YOKA Games, Hobby Games, Starling Games;;строительство, фэнтези
186;261;Это моя война;False;2017;8,09;7,77;0,32;653;14090;this-war-of-mine-the-board-game;188920;7,347;18;8,06;8,04;2500;126;8,22;359;7,61;8,09;8,45;1518;540;6;1;3;1;120;45;39;20;376;Приключения;Crowd Games, Galakta, Awaken Realms;просоциальная, сюжетная, симулятор выживания, одиночная, симулятор, карты событий, персональные возможности игроков, сценарии, для взрослых, история, кооперативная, по лицензии, миниатюры;современная война
187;73;Пуэрто-Рико;False;2002;8,08;7,9;0,18;737;73012;puerto-rico;3076;7,761;12;8,06;8,04;1130;177;8,25;380;8,23;7,92;7,9;1129;631;5;2;4;4;90;60;13;15;339;Экономика;Hobby World, Albi, Alea, Devir, Filosofia Éditions, Lacerta, Lautapelit.fi, MINDOK, Ravensburger Spieleverlag GmbH, Rio Grande Games, Stratelibri, Tilsit;выбор роли, торговля, победные очки;историческая, сельское хозяйство
188;243;Марко Поло 2: На службе хана;False;2019;8,12;7,93;0,19;271;8001;marco-polo-ii-im-auftrag-des-khan;283948;7,371;12;8,06;8;1990;43;8,12;143;8,29;8,35;7,72;466;282;4;2;4;2;120;60;10;30;111;Экономика;Hobby World, Hans im Glück;contracts, resource to move, worker placement with dice workers, point to point movement, variable player powers, dice rolling;арабская, политика, бизнес / промышленность, историческая
189;;Runebound Третья редакция - Нерушимые узы;True;2017;8,16;8,2;-0,04;167;1092;Runebound-Third-Edition-Unbreakable-Bonds;225275;6,323;14;8,06;7,97;;20;7,83;88;8,39;8,46;7,98;850;144;4;1;0;0;240;120;2;0;15;Приключения;Hobby World, Fantasy Flight Games;;сказочная, магия, фэнтези
190;;BattleLore;False;2006;8,25;7,35;0,9;84;9418;battlelore;25417;6,922;10;8,05;7,89;2700;42;7,76;53;8,39;8,89;7,95;128;59;2;2;2;2;60;60;7;30;118;Война;Fantasy Flight Games, Days of Wonder;военные карты, изменяемое игровое поле, разные способности игроков, компоненты игры в руке, кубик;фэнтези
191;;Подлодка. Настольная игра;False;2018;8,26;7,55;0,71;78;2197;podlodka-nastolnaya-igra;219100;6,389;12;8,05;7,88;;26;8,14;50;7,81;7,92;9,18;222;63;4;1;4;4;120;30;10;15;82;Приключения;Crowd Games, PHALANX;;морское / водное, вторая мировая
192;;Шерлок Холмс, детектив-консультант. Джек-потрошитель и вест-эндские приключения;True;2017;8,22;7,56;0,66;102;6343;sherlock-holmes-consulting-detective-jack-the-ripper-west-end;204305;6,973;18;8,05;7,92;2000;26;8,15;52;8,25;8,33;8,15;579;102;8;1;3;2;180;90;9;5;68;Компанейские, Приключения;Crowd Games, Rebel, Asterion Press, Asmodée, Space Cowboys;джек потрошитель, текстовая, загадка, викторианская англия, одиночный режим, расследование, лондон, шерлок холмс, убийство, дедукция, детектив, кооперативная;криминал
193;;Nemesis: Aftermath & Void Seeders;True;2018;8,49;8,44;0,05;38;950;nemesis-aftermath;256377;6,301;12;8,05;7,77;;15;8,21;22;8,58;8,82;8,34;270;38;5;1;0;0;180;90;8;0;14;Война, Карты, Приключения;Rebel, Awaken Realms;nemesis aftermath, awaken realms, ужасы, дополнение;инопланетяне, ужасы, монстры, космос, футуристика
194;;Техену. Обелиск Солнца;False;2020;8,16;7,68;0,48;157;6324;tekhenu-obelisk-of-the-sun;297030;7,071;14;8,05;7,96;;17;8,33;81;8,1;8,2;8,02;383;175;4;1;4;2;120;60;15;15;78;Карты, Экономика;Crowd Games, Board&Dice;tekhenu: obelisk of the sun, board&dice, драфт кубиков, древний египет, еврогейм, crowd games, локализация;культура / искусство, древний мир
195;;Res Arcana: Жемчужная Империя;True;2021;8,33;8,32;0,01;58;1897;res-arcana-perlae-imperii;340375;6,757;12;8,05;7,84;300;17;8,21;33;8,43;8,62;8,05;436;76;5;2;0;0;60;20;1;5;10;Карты;GaGa Games, Sand Castle Games;волшебство, ассиметричные возможности игроков, драфт карт, магия, gagagames, менеджмент руки, дополнение;фэнтези
196;263;Корни. Мародёры;True;2022;8,68;8,83;-0,15;26;3030;root-the-marauder-expansion;330149;7,344;10;8,05;7,69;1200;11;8,62;17;8,69;8,69;8,73;312;34;6;2;4;2;90;60;1;20;16;Война;Crowd Games, Leder Games;;сказочная, животные / природа, фэнтези
197;415;Battlestar Galactica: Pegasus Expansion;True;2009;8,18;7,88;0,3;125;6025;BSG-Pegasus;43539;7,17;13;8,05;7,93;930;41;8,06;60;8,3;8,32;8,02;259;101;7;3;6;5;240;180;5;30;17;Приключения;HeidelBÄR Games, Edge Entertainment, Fantasy Flight Games;;политика, футуристика, космос
198;;Aristeia!;False;2018;8,5;8,14;0,36;37;1169;aristeia;230889;6,278;0;8,05;7,76;;5;8,3;24;8,81;8,84;8,03;48;29;2;2;0;0;0;0;;0;20;;;infinity, тактика;
199;397;Детектив. Игра о современном расследовании;False;2018;8,08;7,62;0,46;389;11169;detective-mcb;223321;7,184;16;8,04;8;1145;69;7,9;202;8,01;8,11;8,3;904;389;5;1;5;2;180;120;33;10;215;Компанейские, Логические;Королевство игр, REXhry, Pendragon Game Studio, IELLO, Pegasus Spiele, GaGa Games, Portal Games;антарес, расследование, детектив, криминал, gagagames, кооперативная;криминал
200;;Ужас Аркхэма. Карточная игра: Наследие Данвича. Кровь на алтаре;True;2017;8,37;8,23;0,14;49;1472;uzhas-arkkhema-kartochnaya-igra-naslediye-danvicha-krov-na;216556;6,532;14;8,04;7,8;;2;8,33;29;8,57;8,41;8,18;603;55;4;1;2;2;120;60;1;0;4;Приключения;;arkham horror: the card game, fantasy flight games;ужасы
201;;Roll Player Adventures: Приключения в Улосе;False;2021;8,24;8,14;0,1;81;2206;roll-player-adventures;254708;6,733;14;8,04;7,88;;17;7,69;52;8,36;8,68;8,21;285;91;4;1;4;1;150;90;7;0;122;Приключения;Thunderworks Games;нарратив, кооперативная;фэнтези
202;425;Войны Ктулху;False;2015;8,1;7,84;0,26;283;6634;Cthulhu-Wars;139976;7,156;12;8,04;7,99;;69;7,8;153;8,13;8,57;7,9;353;330;5;3;0;0;120;90;10;0;256;Война;Фабрика игр, Petersen Games, Green Eye Games;мифы ктулху, лавкрафт, броски кубиков, миниатюры;инопланетяне, ужасы, магия, монстры
203;;Сундук войны. Осада;True;2021;8,32;8,16;0,16;58;814;warchest-siege;324656;6,185;14;8,04;7,83;700;9;8,12;32;8,45;8,41;8,31;504;60;4;2;4;2;60;30;5;10;6;Война, Классика;Crowd Games, Alderac Entertainment Group (AEG);war chest, сундук войны, дополнение;абстрактная
204;;Бессознательное: Делюкс издание;False;2024;9,2;;;14;;unconscious-mind-deluxe-edition;0;;12;8,03;;2755;;8,86;11;9,14;9,57;9,21;115;19;4;1;0;0;120;60;1;0;5;;Fantasia Games;психоанализ, программирование действий, психология, рондель, драфт, бонусы в конце игры, соло режим, размещение рабочих, gagagames, сбор сетов;
205;;Империи: Легенды;False;2021;8,25;7,84;0,41;75;4537;Imperium-Legends;318182;7,011;14;8,03;7,86;;9;8,57;37;8,12;7,95;8,37;248;62;4;1;0;0;120;60;2;0;24;Карты;Низа Гамс, Osprey Games;;историческая
206;142;Робинзон Крузо: Приключения на таинственном острове. Вторая редакция;False;2016;8,04;7,73;0,31;1185;45653;robinson-crusoe-adventures-cursed-island;121921;7,556;10;8,03;8,01;;270;7,96;589;7,9;8,11;8,2;2558;855;4;1;0;0;90;60;71;0;571;Приключения;Filosofia Éditions, Hobby World, MYBG Co., Z-Man Games, Pegasus Spiele, Portal Games;кооперативная;животные / природа
207;;Киклады. Титаны;True;2014;8,17;8,05;0,12;119;2264;cyclades-titans;155820;6,732;13;8,03;7,92;;32;7,98;60;8,27;8,36;8,05;537;149;6;3;5;5;90;60;2;20;23;Война;Crowd Games, Matagot;;древний мир, морское / водное, монстры, историческая, фэнтези
208;;Merchants & Marauders: Seas of Glory;True;2015;8,44;8,28;0,16;40;1719;merchants-and-marauders-seas-of-glory;161167;6,659;13;8,03;7,76;;17;8,5;25;8,47;8,53;8,25;108;28;4;2;4;2;300;180;;0;21;Приключения, Экономика;Z-Man Games, Filosofia Éditions;;пираты, морское / водное, историческая
209;;Битва Пяти Воинств;False;2014;8,13;7,83;0,3;162;3112;The-Battle-of-Five-Armies;135219;6,802;13;8,03;7,94;3000;32;8,04;78;8,27;8,39;7,81;661;151;2;2;2;2;240;90;21;0;143;Война;GaGa Games, Devir, Raven Distribution, IELLO, HeidelBÄR Games, Galakta, Ares Games;война кольца, америтреш, хоббит, толкин, контроль территорий, gagagames, миниатюры;кино и ТВ, культура / искусство, фэнтези
210;;The New Era;True;2011;8,11;7,45;0,66;213;1324;The-New-Era;96007;6,206;12;8,03;7,96;;46;8,15;110;8,27;8,03;7,99;238;149;5;2;3;2;90;45;4;30;142;Карты;Portal Games;выбор карт, очки действия, персональные возможности игроков, управление рукой карт;постапокалипсис, киберпанк, футуристика
211;;Unmatched: Jurassic Park;False;2020;8,22;8,12;0,1;81;2736;unmatched-jurassic-park;284777;6,861;0;8,03;7,87;;4;7,81;47;8,27;8,53;8,28;557;111;0;0;0;0;0;0;15;0;13;;Restoration Games;;
212;84;Кровь и ярость;False;2015;8,04;7,91;0,13;1261;50120;blood-rage;170216;7,735;14;8,03;8,01;;184;7,56;611;8,15;8,61;7,84;2369;1312;4;2;4;3;90;60;41;15;509;Война;CMON Limited, Crowd Games, Guillotine Games;;фэнтези
213;;Nemesis: Retaliation;False;2024;8,38;8,46;-0,08;47;138;NemesisRetaliation;381248;5,604;14;8,03;7,79;;9;8,04;28;8,43;8,85;8,19;119;54;5;1;0;0;0;120;;0;39;Приключения;Awaken Realms;;ужасы, космос, животные / природа
214;102;Галерист;False;2015;8,12;8,01;0,11;186;15818;gallerist;125153;7,665;10;8,03;7,95;;35;8,1;99;7,98;8,27;8,13;498;220;4;1;0;4;120;60;16;0;149;;Crowd Games, Eagle-Gryphon Games;;культура / искусство
215;44;Руины острова Арнак;True;2020;8,06;8,07;-0,01;808;51828;lost-ruins-arnak;312484;7,902;12;8,03;8,01;2500;70;7,67;375;8,16;8,62;7,77;1793;886;4;1;3;3;120;60;19;20;229;Карты, Приключения;Lord of Boards, GaGa Games, White Goblin Games, IELLO, Czech Games Edition;cge, выставление рабочих, построение колоды, приключение, gagagames, семейная, стратегия, карточная;монстры
216;466;Пандемия: В лаборатории;True;2013;8,16;7,84;0,32;116;5659;pandemic-lab;137136;7,115;10;8,02;7,9;;66;7,87;50;8,21;8,37;8,18;627;99;6;1;3;2;45;0;8;0;46;Приключения;Стиль жизни, Z-Man Games;;медицина
217;;Машина погоды;False;2022;8,17;7,75;0,42;107;3796;weather-machine;237179;6,853;14;8,02;7,89;3500;19;8,22;65;7,98;8,55;7,93;343;136;4;1;3;3;150;60;10;30;102;Экономика;Crowd Games, Eagle-Gryphon Games;;футуристика
218;70;Food Chain Magnate;False;2015;8,09;8,04;0,05;217;22014;food-chain-magnate;175914;7,78;14;8,02;7,95;1400;40;8,38;118;8,07;7,56;8,34;323;254;5;2;4;3;240;120;4;30;185;Экономика;Splotter Spellen;;бизнес / промышленность
219;;Сладкоземье;False;2025;8,38;8,14;0,24;45;85;sweet-lands;425445;5,569;14;8,02;7,77;;7;8,69;25;8,49;8,6;7,73;137;62;4;1;0;0;200;100;3;0;37;;Crowd Games, uchibacoya;;фэнтези
220;;Киклады. Легендарное издание;False;2024;8,22;8,19;0,03;81;1678;cyclades-legendary-edition;380619;6,571;13;8,02;7,86;;8;7,85;43;8,35;8,54;8,12;258;99;6;2;5;3;90;60;5;15;46;Война, Экономика;Эврикус, Open Sesame Games;ареаконтроль, боги, греция, герои, война;фэнтези
221;117;Борьба за галактику;False;2007;8,04;7,74;0,3;1027;57672;race-for-the-galaxy;28143;7,622;13;8,02;8,01;750;129;8,29;494;8,12;7,89;7,85;1756;815;4;1;3;2;60;30;21;25;349;Карты, Экономика;Hobby World, Смарт, Ystari Games, Wargames Club Publishing, Rio Grande Games, Korea Boardgames, Giochix.it, Ghenos Games, Gamesinitaly, Gabinete Ludico, Albi, Abacusspiele;выбирание карт, одновременный выбор действий, компоненты игры в руке;футуристика, космос
222;271;Descent: Странствия во тьме (вторая редакция);False;2012;8,04;7,61;0,43;847;25773;Descent-Journeys-in-the-Dark-Second-Edition;104162;7,329;14;8,02;8;2650;143;7,77;424;8,14;8,61;7,62;1699;566;5;2;5;2;120;60;69;30;348;Приключения;Hobby World, Fantasy Flight Games;оверлорд, терринот, descent;магия, фэнтези
223;;Чемпионы Мидгарда. Вальхалла и Темные горы;False;2020;8,2;;;83;;chempiony-midgarda-valkhalla-i-temnyye-gory;0;;10;8,01;7,85;1270;2;7,93;39;8,4;8,47;7,99;390;89;5;2;5;4;120;60;7;15;9;Война, Приключения;Лавка игр;викинги, сбор сетов, размещение рабочих, броски кубиков;монстры, средние века, магия, фэнтези
224;;Спартак. Кровь и песок;False;2012;8,03;7,47;0,56;779;9330;Spartacus-A-Game-of-Blood-and-Treachery;128671;7,004;14;8,01;7,99;1526;138;7,64;366;8,25;8,01;8,21;1152;703;4;3;4;3;150;120;26;15;315;Война, Экономика;Звезда, HeidelBÄR Games, Gale Force Nine, Battlefront Miniatures Ltd;card driven game;древний мир, историческая
225;;Dune (1979);False;1979;8,19;7,58;0,61;90;5961;Dune;121;6,956;14;8,01;7,86;;28;8,21;48;8,14;7,89;8,5;78;80;6;2;6;4;0;240;1;0;111;Война;Gale Force Nine, Descartes Editeur, Hobby Japan, Avalon Hill;партнерство, движение по областям, управление областями, разные способности игроков, аукцион, компоненты игры в руке;космос, футуристика
226;;Unmatched: Гудини vs. Джинн;False;2022;8,18;;;91;;Unmatched13;0;;9;8,01;7,87;;7;7,87;45;8,29;8,47;8,1;686;126;0;2;0;0;30;20;6;0;16;Война, Карты;GaGa Games, Restoration Games;гудини, джинн, ассиметричная дуэль, unmatched, для двоих, дуэль, скирмиш, gagagames;сказочная, магия, фэнтези
227;335;Киклады;False;2009;8,03;7,49;0,54;951;22372;cyclades;54998;7,252;14;8,01;8;2100;186;7,64;433;8,09;8,41;7,96;1379;986;5;2;5;4;90;60;35;30;529;Война, Экономика;Crowd Games, Kaissa Chess & Games, Matagot, Взрослые дети;борьба за ресурсы, секретная расстановка, ставки, блеф, контроль территорий, аукцион;историческая, фэнтези
228;104;Star Wars: Imperial Assault Core Set;True;2015;8,07;7,96;0,11;255;25462;Star-Wars-Imperial-Assault;164153;7,659;10;8,01;7,95;;76;7,92;143;8,24;8,61;7,5;448;167;5;2;0;0;120;60;26;0;224;Война, Приключения;Fantasy Flight Games;;космос
229;191;Vinhos. Русское издание;False;2016;8,17;8,07;0,1;98;7579;vinhos-deluxe-edition;175640;7,459;14;8,01;7,87;;15;8,09;51;8,02;8,51;8,06;320;98;4;1;4;4;135;60;6;0;80;Экономика;Choo Choo Games, Eagle-Gryphon Games;;сельское хозяйство, бизнес / промышленность
230;;Earth Reborn;False;2010;8,38;7,61;0,77;43;3374;earth-reborn;73171;6,714;13;8,01;7,75;;13;8,42;27;8,28;8,47;8,33;78;17;4;2;0;0;0;60;6;30;73;Война, Приключения;Z-Man Games, Ludically;скрытая информация, имитация, выбирание карт, определенное количество действий, изменяемое игровое поле, кубик;постапокалипсис
231;;Войны магов: Мастер силы против Повелителя битв;True;2013;8,51;8,143;0,37;31;996;mage-wars-forcemaster-vs-warlord;133798;6,27;13;8;7,68;1100;6;8,61;21;8,81;8,19;8,42;147;16;2;2;2;2;90;45;2;20;7;Война, Карты;;;магия, фэнтези
232;;Бестиарий Сигиллума. Юбилейное издание;True;2023;8,36;;;44;;bestiary-of-sigillum-collectors-edition;0;;14;8;7,75;1500;4;8,34;25;8,39;8,45;8,27;201;46;4;1;2;2;30;30;7;20;14;Война, Классика, Логические;Crowd Games, Интаглиф;сигиллум, команда на команду, задачи, кампания, дуэль, тактика, фэнтези;фэнтези
233;285;Го;False;0;8,08;7,66;0,42;204;17947;go;188;7,31;5;8;7,93;;26;8,68;102;7,84;8,07;7,72;313;188;2;2;0;0;0;0;6;0;53;;Нескучные игры, Philos;;
234;93;Пандемия: Наследие  — Второй сезон;True;2017;8,11;8,02;0,09;145;17807;Pandemic-Legacy-s2;221107;7,702;14;8;7,9;2500;50;7,88;79;8,13;8,36;8,06;558;126;4;2;4;3;90;60;18;15;91;Приключения;Стиль жизни, Z-Man Games;;медицина, постапокалипсис
235;;Мортум. Убежище;False;2021;8,19;8,11;0,08;87;153;mortum-ubeghishe;351600;5,655;18;8;7,85;;5;8,1;48;8,31;8,26;8,07;300;114;5;1;4;3;240;180;4;5;8;;Jet Games Studio, Лавка игр;;
236;424;Сезоны;False;2012;8,02;7,34;0,68;956;25994;seasons;108745;7,156;14;8;7,99;1190;151;7,7;464;7,96;8,44;7,98;1419;872;4;2;4;2;90;60;36;10;375;Карты;Crowd Games, Asterion Press, Rebel, Asmodée, Libellud;драфт, выбор карт, победные очки, броски кубиков;магия, фэнтези
237;;Runebound Третья редакция - Падение Темной звезды (Дополнительный сценарий);True;2016;8,22;7,63;0,59;72;504;Runebound-Third-Edition-Fall-of-the-Dark-Star-Scenario-Pack;201629;5,858;14;8;7,82;;12;8,11;34;8,4;8,35;8,03;618;65;4;2;4;3;180;120;5;0;4;Приключения;Hobby World, Fantasy Flight Games;;
238;239;Ксиа. Тайны дрейфующей системы;False;2014;8,05;7,86;0,19;310;10721;xia;82222;7,375;12;8;7,95;;44;7,64;159;8,07;8,37;8,13;715;299;5;3;4;3;180;120;12;20;192;Приключения;Лавка игр, Far Off Games;xia, xia: legends of a drift system, космическая игра;космос, транспорт, футуристика
239;229;The Lord of the Rings LCG;True;2011;8,06;7,66;0,4;242;24759;the-lord-of-the-rings-the-card-game;77423;7,389;13;7,99;7,93;;42;7,98;127;8,08;8,26;7,91;335;143;4;1;4;2;90;30;14;15;131;Карты;Fantasy Flight Games;по книге, по лицензии, кооперативная;фэнтези
240;;Ла-Гранха. Коллекционное издание;False;2022;8,75;8,24;0,51;21;2066;la-granja-deluxe-master-set;341945;6,799;14;7,99;7,6;2022;10;8,52;17;8,86;9,24;8,38;114;25;4;1;0;0;120;90;3;0;60;Экономика;Crowd Games, Board&Dice;выбор действий, неизданное, area majority, ассиметричные возможности игроков, менеджмент руки;сельское хозяйство, бизнес / промышленность
241;;Res Arcana: Свет и Тьма;True;2019;8,19;8,2;-0,01;78;3259;res-arcana-lux-et-tenebrae;288168;7,059;12;7,99;7,82;300;22;8,06;42;8,37;8,47;7,85;472;94;5;2;5;2;60;20;1;5;13;Карты;GaGa Games, Sand Castle Games;волшебство, ассиметричные возможности игроков, драфт карт, менеджмент руки, магия, gagagames, дополнение;магия, фэнтези
242;;Commands & Colors: Napoleonics;False;2010;8,29;8,05;0,24;54;3445;commands-colors-napoleonics;62222;6,974;12;7,99;7,78;;18;8,06;24;8,56;8,65;7,89;95;39;2;2;2;2;0;90;2;30;50;Война;GMT Games;военные карты, изменяемое игровое поле, компоненты игры в руке, гексы, кубик;историческая
243;;Это бомба;False;2024;8,12;7,97;0,15;127;2020;bomb-busters;413246;6,664;10;7,99;7,89;990;20;7,64;55;8,25;8,26;8,31;438;234;5;2;0;0;0;30;4;0;55;;GaGa Games, Pegasus Spiele, Cocktail Games;ограниченное общение, логическая, сценарий, в реальном времени, дедукция, gagagames, кооперативная игра;шпионы, животные / природа
244;;Особняки безумия. Вторая редакция: Путь змеи;True;2019;8,29;8,582;-0,29;53;2109;mansions-of-madness-second-edition-path-of-the-serpent;255823;6,899;14;7,99;7,77;;12;8,08;27;8,45;8,53;8,09;699;76;5;1;0;0;180;120;9;0;11;Приключения;Hobby World, Fantasy Flight Games;;
245;159;Keyflower;True;2012;8,02;7,72;0,3;521;24035;Keyflower;122515;7,51;12;7,99;7,96;;94;7,98;235;8,02;7,95;8,13;846;513;6;2;6;2;90;60;28;15;346;Экономика;Фабрика игр, R&D Games, HUCH!;;строительство, средние века
246;181;Покорение Марса: Колонии;True;2018;8,07;8,11;-0,04;181;8057;terraforming-mars-colonies;255681;7,479;0;7,98;7,9;;22;7,94;83;8,19;8,12;8,03;1067;200;0;0;0;0;0;0;5;0;18;;Stronghold Games, Лавка игр, FryxGames;;
247;;Город Великой машины;False;2023;8,08;7,73;0,35;156;1196;city-of-the-great-machine;263895;6,206;14;7,98;7,89;2000;20;7,79;80;7,9;8,37;8,25;547;213;4;1;4;1;180;90;2;90;131;Война, Приключения;Crowd Games;тайные действия, скрытые перемещения, антиутопия, кооперация, один против всех, события, стимпанк;стимпанк
248;;Inis: Big Box;False;2025;9,41;;;11;;inis-big-box;0;;14;7,98;;;3;9,45;9;9,45;9,36;9,36;68;6;5;2;0;0;0;60;;0;4;Война;Matagot;открытый драфт, иниш, движение по областям, модульное поле, мифология, менеджмент руки;
249;;Кольт Экспресс. Большое приключение;False;2021;8,21;7,85;0,36;69;742;colt-express-big-box;341504;6,058;10;7,98;7,8;;13;7,46;30;8,3;8,58;8,49;352;66;9;2;6;3;0;40;7;10;20;Азартные, Приключения;Стиль жизни, Ludonaute;неизданное, программирование действий, персональные возможности игроков, модульное игровое поле, менеджмент руки;дикий запад
250;;Войны Чёрной розы: Возрождение;False;2022;8,15;8,44;-0,29;90;1716;black-rose-wars-rebirth;342444;6,596;14;7,98;7,83;;12;7,9;52;8,27;8,33;8,09;271;129;4;2;0;0;0;90;6;0;38;Война, Карты, Приключения;Hobby World, Czacha Games, Ludus Magnus Studio;black rose wars: rebirth, построение колоды, ludus magnus studio, магия, разные способности игроков, фентези, миниатюры;монстры, магия, фэнтези
251;90;Обольщение;False;2018;8,1;8,09;0,01;119;15990;obsession;231733;7,708;13;7,98;7,86;;17;7,76;54;8,04;8,3;8,29;273;147;4;1;4;2;90;30;5;15;92;Экономика;«Издательство настольных игр», Kayenta Games;;романтика / секс, культура / искусство, политика, строительство, историческая
252;69;Серп. Захватчики из далеких земель;True;2016;8,04;8,27;-0,23;246;12141;scythe-invaders-from-afar;199727;7,783;14;7,98;7,92;;50;7,78;112;8,02;8,52;7,85;1558;289;7;1;7;2;140;90;9;15;27;Война, Экономика;Geekach Games, Crowd Games, Stonemaier Games;;роботы, сельское хозяйство
253;;Агрикола: Фермеры с болот;True;2018;8,5;8,32;0,18;30;654;Agricola-Moor-revised-edition;257344;6,11;12;7,98;7,66;1000;16;8,5;19;8,63;8,67;8,2;270;27;6;2;4;3;180;60;;30;21;;Hobby World;;сельское хозяйство, строительство, средние века
254;;Ужас Аркхэма. Карточная игра: Забытая эпоха;True;2018;8,49;8,35;0,14;31;1162;arkham-horror-the-card-game-the-forgotten-age;245815;6,422;14;7,98;7,67;;8;8,48;18;8,68;8,52;8,29;418;32;4;1;0;0;120;60;2;0;14;Карты, Приключения;Hobby World, Fantasy Flight Games;ужасы аркхема, arkham horror, лавкрафт, карточная игра;ужасы, историческая
255;442;Каркассон. Big Box;False;2017;8,14;8,06;0,08;93;5003;carcassonne-big-box-6;230914;7,138;8;7,97;7,83;;11;7,55;48;8,43;8,42;8,15;431;85;6;2;6;2;60;30;4;5;11;Экономика;Hobby World, MINDOK, Z-Man Games, Hans im Glück;каркассон big box, каркассон река, каркассон круги на полях, каркассон грабители, каркассон маг и ведьма, каркассон золотые рудники, каркассон гонцы, каркассон паромы, каркассон летательные аппараты, купцы и зодчие, аббат, таверны и соборы, каркассон;сельское хозяйство, строительство, сказочная, средние века, магия, историческая, фэнтези
256;221;Ticket to Ride: 10th Anniversary edition;True;2014;8,24;8,24;0;58;5610;ticket-to-ride-10th-anniversary-edition;160069;7,399;8;7,97;7,77;2790;44;7,52;33;8,26;9,28;7,88;130;46;5;2;5;2;60;30;2;10;17;Экономика;Days of Wonder;индивидуальные задания, набор комбинаций, победные очки;транспорт
257;;Unmatched: Робин Гуд vs. Бигфут;False;2019;8,02;7,91;0,11;264;4802;Unmatched-Robin-Hood-vs-Bigfoot;274638;7,068;9;7,97;7,91;500;12;7,49;116;8,1;8,52;7,96;1157;360;2;2;2;2;20;20;17;0;14;Война;GaGa Games, Restoration Games, Mondo Games;ассиметричная дуэль, робин гуд, unmatched, для двоих, дуэль, скирмиш, gagagames;супергерои, сказочная, фэнтези
258;42;Крылья: Птицы Океании;True;2020;8,1;8,46;-0,36;119;12027;wingspan-oceania-expansion;300580;7,914;10;7,97;7,86;700;25;7,72;57;8,13;8,63;7,91;832;141;5;1;3;3;70;40;5;15;14;;Лавка игр, Stonemaier Games;card drafting, set collection, hand management, dice rolling;
259;;Cerebria: The Inside World;False;2017;8,16;7,72;0,44;85;2867;Cerebria;218479;6,671;14;7,97;7,82;3700;26;8,11;46;7,72;8,38;8,41;169;115;4;1;4;4;120;60;9;20;78;Война;Mindclash Games;душа, игра в команде, ум, эмоции, контроль территорий, тактика;сказочная, магия, фэнтези
260;;Плоский мир: Анк-Морпорк;False;2011;7,99;7,26;0,73;895;10755;ankh-morpork;91312;6,881;12;7,97;7,96;1500;291;7,44;400;8,14;8,34;8,02;1253;809;4;2;4;3;60;30;19;15;273;Война;Звезда, Mayfair Games, KOSMOS, IELLO, Treefrog Games;card driven game, размещение работников, управление рукой карт;политика, юмор, фэнтези
261;;Ужас Аркхэма. Карточная игра: Карнавал ужасов;True;2016;8,4;8,2;0,2;36;1323;arkham-horror-the-card-game-Carnevale-of-Horrors;215510;6,433;14;7,97;7,69;115;6;8,22;17;8,42;8,39;8,56;499;40;4;1;2;2;120;60;2;0;5;Карты, Приключения;Hobby World, Fantasy Flight Games;колодострой, менеджмент руки, кооперативная игра;ужасы, монстры
262;193;ISS Vanguard;False;2021;8,45;8,44;0,01;33;6192;iss-vanguard;325494;7,447;13;7,97;7,68;;34;8,24;21;7,91;8,94;8,7;105;26;4;1;2;2;120;90;6;45;157;Война, Карты, Приключения;Awaken Realms;scenario - mission - campaign game, card drafting, cooperative game, storytelling, dice rolling;компьютеры, инопланетяне, роботы, футуристика, космос
263;;Fallout: Новая Калифорния;True;2018;8,08;7,76;0,32;137;1470;fallout-new-california;256481;6,303;14;7,97;7,87;;26;7,82;59;8,3;8,25;7,94;763;163;4;1;4;1;180;120;4;15;29;Приключения;Hobby World, Fantasy Flight Games;fallout: new california, new california, fallout: the board game, fallout;постапокалипсис
264;;Descent: Логово змея;True;2012;8,24;7,889;0,35;59;2092;Descent-2ed-Lair-of-Wyrm;129423;6,552;12;7,97;7,77;;33;7,92;33;8,47;8,88;7,69;466;46;5;2;4;2;120;0;8;0;18;Приключения;Дом Игр (Украина), Hobby World, Arclight, Edge Entertainment, Galakta, HeidelBÄR Games, Fantasy Flight Games;;фэнтези
265;227;Белый Замок;False;2023;8;7,98;0,02;350;7987;the-white-castle;371942;7,394;12;7,97;7,92;1206;19;7,91;160;8,13;8,33;7,64;952;436;4;1;0;0;90;70;10;0;105;;Devir Games, Devir, GaGa Games;япония, кубики, gagagames, стратегия;
266;115;Pathfinder: ролевая игра;True;2008;8,07;7,86;0,21;138;696;pathfinder-roleplaying-game;47927;7,624;13;7,96;7,86;;12;8,51;72;8,25;8,22;7,3;406;141;6;2;6;4;0;90;11;0;60;Приключения;Paizo Publishing;;монстры, фэнтези
267;;О мышах и тайнах. Сказки Нижнелесья;True;2014;8,38;8,106;0,27;37;988;mice-and-mystics-downwood-tales;159458;6,219;14;7,96;7,69;2200;39;8,22;19;8,41;8,57;8,32;527;19;4;1;3;2;90;60;6;50;33;Приключения;Plaid Hat Games, Crowd Games;мыши, звери, дополнения, кампания, crowd games, приключения;сказочная, магия, фэнтези
268;;Особняки безумия. Вторая редакция: Святилище сумерек;False;2018;8,22;8,37;-0,15;61;2272;Mansions-of-Madness-Sanctum-of-Twilight;241533;6,84;14;7,96;7,77;;14;8,11;34;8,26;8,39;8,1;832;72;5;1;5;2;180;120;6;0;13;Приключения;Hobby World, Fantasy Flight Games;лавкрафт;ужасы
269;;Maria;False;2009;8,14;8;0,14;85;3911;maria;40354;7,066;14;7,96;7,81;;15;8,09;41;8,09;7,84;8,53;95;74;3;2;3;3;300;120;1;0;69;Война;Histogame;;историческая
270;;Claustrophobia;False;2009;8,01;7,47;0,54;334;7137;claustrophobia;36932;6,959;12;7,96;7,92;;102;7,41;164;8,15;8,68;7,8;423;207;2;2;2;2;60;45;15;20;275;Приключения;GameBox, Краснодар, Asmodée;изменяемое игровое поле, разные способности игроков, кубик;ужасы, фэнтези
271;;Hannibal & Hamilcar;False;2017;8,42;8,28;0,14;33;1846;hannibal-and-hamilcar;227460;6,669;14;7,95;7,66;;28;8,45;21;8,3;8,73;8,21;72;18;2;2;2;2;0;60;3;0;50;Война;PHALANX, Phalanx Games;;
272;109;Pathfinder: ролевая игра. Стартовый набор;False;0;8,08;8,15;-0,07;118;254;pathfinder-roleplaying-game-beginner-box;98302;7,641;13;7,95;7,84;;23;8,42;63;8,39;8,16;7,34;587;85;5;2;5;4;300;60;20;60;54;Приключения;Магазин «Изюмка» izumka.com.ua (Украина), Paizo Publishing, Hobby World;;магия, фэнтези
273;;Dungeon Lords;False;2009;8,02;7,35;0,67;236;14180;dungeon-lords;45315;7,068;12;7,95;7,89;1500;54;7,77;120;7,91;8,28;8,12;291;174;4;2;4;4;120;90;6;60;172;Экономика;Rebel, IELLO, HomoLudicus, Hobby Japan, Czech Games Edition, HeidelBÄR Games, Z-Man Games;одновременный выбор действий, размещение рабочих, размещение тайлов;юмор, фэнтези, магия, монстры
274;119;Azul;False;2017;7,96;7,73;0,23;1257;101544;azul;230802;7,617;8;7,95;7,94;1200;138;7,26;518;7,97;8,58;8,02;2704;1482;4;2;4;2;45;30;24;7;328;Логические;Звезда, Plan B Games;азул;абстрактная
275;;Ктулху: Смерть может умереть. Второй сезон;True;2019;8,37;;;37;;DeathMayDieS2Expansion;0;;14;7,95;7,68;;22;7,92;21;8,59;8,78;8,19;364;36;5;1;4;2;90;60;1;0;10;;Hobby World, CMON Limited;;
276;178;Age of Steam Deluxe;False;2019;8,43;7,86;0,57;32;12175;ageofsteam;4098;7,486;13;7,95;7,65;;7;8,62;20;8,69;8,38;8,03;48;52;6;1;0;0;120;90;2;0;30;Экономика;Eagle-Gryphon Games;ageofsteam;транспорт, строительство, средние века
277;;Войны магов;True;2012;8,01;7,57;0,44;222;7965;MageWars;101721;7,023;14;7,95;7,89;;35;8,23;104;8,15;7,95;7,73;451;140;4;2;2;2;120;90;23;20;176;Война, Карты;Звезда, Arcane Wonders, ElfinWerks;;магия, фэнтези
278;447;Ужас Аркхэма. Ужас Данвича;True;2006;8,03;7,8;0,23;188;6555;arkham-horror-dunwich-horror;21059;7,136;12;7,95;7,87;1300;77;8,05;75;8,05;8,32;7,7;840;175;8;1;4;4;120;120;11;20;39;Приключения;Hobby World, HeidelBÄR Games, Ubik, Nexus Games, Fantasy Flight Games, Edge Entertainment;ктулху, мифы ктулху, ужасы, лавкрафт, ужас аркхэма, кооперативная игра, дополнение;ужасы, фэнтези, магия
279;;Война Кольца (Второе издание). Промо-сценарий «Судьба Эребора»;True;0;9,15;;;13;;voyna-koltsa-vtoroye-izdaniye-promo-stsenary-sudba-erebora;0;;0;7,95;;2022;7;9,08;10;9,15;9,23;9,15;213;4;2;2;0;0;0;0;2;0;5;;GaGa Games;;фэнтези
280;;Войны Чёрной Розы;False;2018;8,02;7,92;0,1;230;4182;black-rose-wars;239942;6,94;14;7,95;7,89;;28;7,8;110;8,06;8,2;8,01;417;328;4;1;0;0;0;90;9;0;137;Война, Карты, Приключения;Hobby World, Ludus Magnus Studio;black rose wars, менеджмент руки, модульное игровое поле, ludus magnus studio, магия, разные способности игроков;монстры, магия, фэнтези
281;;Эверделл: Лесной Экспресс;True;2021;8,52;8,52;0;27;2036;everdell-newleaf;332390;6,877;14;7,95;7,62;;11;8,26;17;8,52;8,93;8,37;249;43;4;1;0;0;120;40;4;0;14;Война, Карты;Hobby World, Starling Games;everdell: newleaf, starling games, градостроение, животные, фентези, карточная игра, дополнение;транспорт, животные / природа, фэнтези
282;205;Экспедиция. Морские глубины;False;2024;8,07;8,23;-0,16;99;5851;endeavor-deep-sea;367966;7,421;10;7,95;7,82;;6;7,78;39;8,22;8,34;7,95;249;147;5;1;0;0;75;60;4;0;48;Приключения, Экономика;Crowd Games, Burnt Island Games, Grand Gamers Guild;;морское / водное
283;247;7 Wonders: Cities;True;2012;8,03;7,8;0,23;180;11242;7-Wonders-Cities;111661;7,367;10;7,94;7,87;;39;7,76;78;8,18;8,43;7,76;787;135;8;2;4;4;45;30;5;15;14;Карты, Экономика;Все в игре (Москва), Repos Production;;культура / искусство, древний мир, историческая
284;338;Race for the Galaxy: Rebel vs Imperium;True;2009;8,19;7,93;0,26;62;6054;race-for-the-galaxy-rebel-vs-imperium;40210;7,246;12;7,94;7,75;400;15;8,4;31;8,23;8,26;7,87;205;46;6;1;6;1;70;50;1;30;13;Карты, Экономика;Wargames Club Publishing, Ystari Games, Rio Grande Games, Hobby Japan, Giochix.it, Ghenos Games, Gamesinitaly, Abacusspiele;одновременные ходы, победные очки;космос, футуристика
285;;Ужас Аркхэма. Третья редакция: Секреты ордена;True;2021;8,75;8,48;0,27;21;609;arkham-horror-third-edition-secrets-order;331965;6,044;14;7,94;7,57;845;11;8,71;15;8,76;8,9;8,62;282;26;6;1;4;3;180;120;;10;11;Приключения;Hobby World, Fantasy Flight Games;ассиметричные возможности игроков, модульное игровое поле, броски кубиков, кооперативная игра;вампиры, призраки, зомби, криминал, ужасы, монстры, фэнтези
286;275;Сэкигахара;False;2011;8,02;8;0,02;159;6423;sekigahara-the-unification-of-japan;25021;7,322;12;7,94;7,86;1740;43;7,81;74;8,01;8,09;8,18;488;150;2;0;2;0;180;0;11;20;136;Война;GaGa Games, GMT Games;для двоих, историческая, дуэль, япония, война, gagagames;восточная, средние века, историческая
287;162;Nemesis: Lockdown;False;2021;8,12;8,28;-0,16;85;7388;NemesisLockdown;310100;7,51;0;7,94;7,79;;41;7,93;46;8,25;8,34;7,94;264;120;5;1;0;0;120;90;12;0;72;Приключения;Awaken Realms;;инопланетяне, ужасы, космос, монстры
288;;Unmatched: Удары Судьбы;False;2024;8,32;;;41;;Unmatched-Slings-and-Arrows;0;;9;7,94;7,69;1025;6;8,02;23;8,46;8,49;8,29;297;47;4;2;0;0;40;20;5;0;2;Война;Mondo Games, GaGa Games, Restoration Games;шекспир, ассиметричная дуэль, unmatched, дуэль, скирмиш, gagagames;культура / искусство, сказочная, историческая, магия
289;388;Орлеан: Вторжение;True;2015;8,2;8,25;-0,05;57;3632;orleans-invasion;183682;7,193;12;7,93;7,73;1300;10;8,04;34;8,32;8,25;8,19;412;60;5;1;4;3;120;90;5;20;22;Экономика;GaGa Games, Baldar, DLP Games;жетоны из мешка, развитие, средневековье, торговля, еврогейм, gagagames, франция, дополнение;средние века
290;180;Everdell: The Complete Collection;False;2022;9,02;8,79;0,23;14;3788;everdell-the-complete-collection;332398;7,481;14;7,93;;;6;8,64;12;9,07;9,21;9,14;36;9;6;1;0;0;0;0;3;0;2;;Starling Games;;строительство, фэнтези
291;37;Кланк! Наследие. Корпорация авантюристов;False;2019;8,74;8,51;0,23;19;10661;3clank-legacy-acquisitions-incorporated;266507;7,944;12;7,93;;3400;26;8,32;14;8,84;9,32;8,47;113;22;4;2;0;0;90;60;1;0;80;Приключения;Penny Arcade, Schwerkraft-Verlag, Origames, Lucrum Games, Korea Boardgames, Devir, Renegade Game Studios, Tabletop KZ, Dire Wolf;;фэнтези
292;;La Famiglia: Великая мафиозная война;False;2023;8,18;8;0,18;62;1481;LaFamigliaTheGreatMafiaWar;367517;6,407;16;7,93;7,75;3200;5;8,13;34;8,27;8,19;8,13;166;111;4;4;0;0;180;120;6;0;43;;Лавка игр, Feuerland Spiele;;культура / искусство, бизнес / промышленность, юмор, историческая
293;262;Chaos in the Old World;False;2009;7,99;7,66;0,33;268;15982;Chaos-in-the-Old-World;43111;7,346;13;7,93;7,88;1940;66;7,8;131;8,04;8,18;7,94;291;240;4;3;4;4;0;90;8;0;163;Война;Nexus Games, HeidelBÄR Games, Galakta, Hobby Japan, Edge Entertainment, Fantasy Flight Games;определенное количество действий, управление областями, разные способности игроков, кубик;ужасы, магия, фэнтези
294;;Пять племён. Прихоти султана;True;2017;8,19;7,96;0,23;59;1723;five-tribes-whims-of-the-sultan;226828;6,535;14;7,93;7,74;620;25;7,88;28;8,39;8,61;7,86;526;86;5;2;4;2;90;40;4;7;8;Экономика;Crowd Games, Days of Wonder;поинт-салат, калах, пять племён, манкала, торги, бруно катала, классика, аукцион, еврогейм, сбор сетов;арабская, восточная, сказочная, магия
295;;Сундук войны. Сумерки;False;2024;8,95;;;15;;war-chest-nightfall;0;;10;7,93;;;8;8,67;14;9,27;9;8,87;153;7;4;2;4;2;60;30;;5;5;;Alderac Entertainment Group (AEG), Crowd Games;;
296;;Владыки Эллады;False;2017;7,98;7,63;0,35;324;7562;Lords-of-Hellas;222509;7,041;14;7,93;7,89;3970;39;7,66;160;7,99;8,33;7,93;455;290;4;1;4;4;180;60;11;25;156;Война;Планета Игр (Украина), Лавка игр, PHALANX, Hobby World, Edge Entertainment, Asmodée, Albi, Awaken Realms;контроль области, модельки, соревновательная, победные условия, игровое поле, awaken realms;стимпанк, древний мир, монстры, историческая
297;;Виноделие: Долина Рейна;True;2018;8,14;8,22;-0,08;74;2493;viticulture-visit-rhine-valley;248929;6,903;12;7,93;7,77;;12;8,01;33;8,36;8,31;7,88;644;68;6;1;0;0;90;60;7;0;7;;Feuerland Spiele, Stonemaier Games;виноделие;сельское хозяйство
298;360;Эверделл: Острые хребты;True;2019;8,11;8,27;-0,16;81;3975;everdell-spirecrest;289056;7,218;14;7,92;7,77;;19;7,72;39;8,11;8,48;8,11;585;102;4;1;0;0;100;40;9;0;27;Приключения;Hobby World, Starling Games;;животные / природа
299;;Костёр;False;2020;8,01;7,62;0,39;166;7239;bonfire;304420;7,085;12;7,92;7,84;;14;8,01;75;7,97;7,92;8,13;347;233;4;1;0;0;100;70;16;0;99;;Hobby World, Hall Games;;
300;;Blood Bowl (2016);False;2016;8,2;;;54;;1blood-bowl;0;;0;7,92;7,71;;13;7,87;34;8,3;8,46;8,17;88;34;2;2;2;2;0;0;3;0;38;;Games Workshop Ltd.;blood bowl, warhammer;спортивная, фэнтези
301;40;Конкордия;False;2013;7,94;8,08;-0,14;634;43380;concordia;124361;7,932;12;7,92;7,89;1900;96;7,87;286;8,08;8,16;7,64;953;615;5;2;4;4;100;90;21;7;250;Экономика;Crowd Games, PD-Verlag;action retrieval, advantage token, movement points, variable setup, point to point movement, card drafting, hand management;древний мир
302;;Mansions of Madness: Forbidden Alchemy;True;2011;8,46;7,737;0,72;28;1278;Mansions-of-Madness-Forbidden-Alchemy;108150;6,241;13;7,92;7,6;;21;8,54;16;8,39;8,54;8,36;138;18;5;2;5;4;180;120;2;60;7;Приключения;Fantasy Flight Games;;монстры, ужасы, магия
303;52;Крылья;False;2019;7,93;8,01;-0,08;1180;105505;wingspan;266192;7,863;10;7,92;7,9;1140;127;7,21;531;7,74;8,67;8,08;2480;1241;5;1;5;2;90;40;21;10;369;Карты;Лавка игр, Maldito Games, Matagot, Stonemaier Games;соревновательная, выбор карт, набор комбинаций, управление рукой карт, броски кубиков;животные / природа
304;;Кланк! Шайка авантюристов;True;2020;8,09;8,19;-0,1;87;1865;clank-adventuring-party;308918;6,684;13;7,92;7,77;;11;7,79;39;8,28;8,26;8,03;549;115;6;2;0;0;120;60;5;0;14;;Лавка игр;;
305;;Немезида: Кошмары;True;2021;8,29;8,28;0,01;41;918;Nemesis-Void-Seeders;313790;6,223;12;7,92;7,67;300;20;8,07;24;8,22;8,78;8,1;332;78;5;1;0;4;180;90;7;0;11;Приключения;;;космос
306;143;Путешествия Марко Поло;False;2015;7,93;7,77;0,16;625;25810;the-voyages-of-marco-polo;171623;7,554;12;7,91;7,88;;78;7,76;256;8,05;8,15;7,74;872;536;4;2;4;2;60;40;17;10;254;Экономика;Crowd Games, 999 Games, Hans im Glück, Z-Man Games;;арабская, политика, бизнес / промышленность, историческая
307;435;Ужас Аркхэма. Третья редакция;False;2018;7,94;7,68;0,26;497;10418;arkham-horror-third-edition;257499;7,146;14;7,91;7,88;2080;32;7,82;224;8,06;8,27;7,6;1106;559;6;1;4;1;180;120;18;30;146;Приключения;Hobby World, Fantasy Flight Games;ассиметричные возможности игроков, модульное игровое поле, броски кубиков, кооперативная игра;ужасы, монстры
308;50;Крутое пике;False;2023;8;8,16;-0,16;201;23308;sky-team;373106;7,867;10;7,91;7,85;;19;7,35;90;7,95;8,18;8,5;683;262;0;2;0;0;0;20;1;0;81;Компанейские, Экономика;Лавка игр, Hachette Boardgames USA, Le Scorpion Masqué;ограниченное общение, авиация, броски кубиков, кооперативная игра;транспорт
309;;Ghost Stories: White Moon;True;2009;8,07;7,83;0,24;92;2024;Ghost-Stories-White-Moon;47616;6,578;12;7,91;7,77;710;24;7,83;53;8,08;8,38;8;301;52;4;1;0;0;0;90;3;0;21;Приключения;Repos Production, Asmodée;;призраки, восточная, ужасы, фэнтези
310;;Квайтбелл;False;2025;8,16;;;65;;quietbell;0;;14;7,91;7,73;750;11;7,83;38;8,08;8,77;7,95;134;68;6;1;3;2;240;180;;5;28;Приключения;;;ужасы, фэнтези
311;315;Eclipse: Rise of the Ancients;True;2012;8,09;8,398;-0,31;82;3819;Eclipse-Rise-of-the-Ancients;125898;7,279;14;7,91;7,76;;23;8,05;36;8,23;8,2;7,87;236;63;9;2;0;4;240;120;4;30;16;Война, Экономика;Lautapelit.fi, Asmodée;;космос
312;331;Nations;True;2013;7,99;7,6;0,39;182;12522;Nations;126042;7,257;14;7,91;7,83;2300;62;8,13;96;8,19;8,03;7,62;179;137;5;1;5;1;180;60;5;0;210;Экономика;Ystari Games, Asterion Press, Asmodée, Lautapelit.fi;разные способности игроков;историческая
313;;Battlelore (Вторая редакция);False;2013;7,95;7,68;0,27;340;6518;battlelore-second-edition;146439;7,063;10;7,91;7,86;2500;77;7,62;159;8,24;8,52;7,43;548;202;2;2;0;0;120;60;14;10;145;Война;Wargames Club Publishing, HeidelBÄR Games, Giochi Uniti, Edge Entertainment, Hobby World, Fantasy Flight Games;card driven game;магия, фэнтези
314;186;7 Wonders: Leaders;True;2011;7,96;7,82;0,14;264;15103;7-wonders-leaders;92539;7,474;10;7,9;7,85;;41;7,73;105;8,14;8,24;7,74;873;222;8;2;4;4;45;30;10;15;14;Карты, Экономика;Lautapelit.fi, Rebel, Repos Production;выбор карт;культура / искусство, историческая, древний мир
315;;Ктулху;False;2014;8,16;;;59;;Trail-of-Cthulhu;0;;0;7,9;7,71;;8;8,1;34;8,42;8,19;7,93;145;33;0;0;0;0;0;0;3;0;31;Приключения;Studio 101, Pelgrane Press;;
316;;Ужас Аркхэма. Карточная игра: Наследие Данвича. Экспресс округа Эссекс;True;2017;8,16;;;59;;uzhas-arkkhema-kartochnaya-igra-naslediye-danvicha-ekspress;0;;14;7,9;7,71;;2;8;31;8,41;8,17;8,05;633;64;4;1;2;2;120;60;1;0;4;Приключения;;arkham horror: the card game, fantasy flight games;ужасы
317;;Runebound Третья редакция - В паутине (Дополнительный сценарий);True;2016;8,06;7,78;0,28;91;641;Runebound-Third-Edition-Caught-in-a-Web-Scenario-Pack;198942;5,971;14;7,9;7,76;;15;7,93;35;8,14;8,36;7,81;754;100;4;2;4;3;180;120;5;0;6;Приключения;Hobby World, Fantasy Flight Games;;фэнтези
318;;Брюгге: Город на Звине;True;2014;8,03;7,75;0,28;112;1271;bryugge-gorod-na-zvine;154678;6,308;0;7,9;7,78;;23;7,84;44;8,25;8,21;7,81;433;120;5;2;0;0;90;60;1;0;21;;Hans im Glück;брюгге: город на звине, brügge: die stadt am zwin, brugge, брюгге;
319;381;Тилетум;False;2022;8,14;7,87;0,27;64;6173;yeiletum;351913;7,197;14;7,9;7,73;;10;8,14;33;8,39;8,3;7,75;125;74;4;1;0;0;100;60;6;0;65;;Board&Dice;contacts, dicerolling, set collection;фэнтези
320;132;Теотиуакан. Город Богов;False;2018;7,94;7,85;0,09;402;21344;teotihuacan-city-of-gods;229853;7,578;12;7,9;7,87;;55;7,91;192;7,89;8,12;7,82;688;397;4;1;4;2;120;75;15;15;239;Экономика;Board&Dice, Crowd Games, NSKN Games;;сельское хозяйство, древний мир, строительство, историческая
321;;Ужас Аркхэма. Карточная игра: Наследие Данвича. Потерянные во времени и пространстве;True;2017;8,3;8,28;0,02;38;1194;uzhas-arkkhema-kartochnaya-igra-naslediye-danvicha-poteryannyye;224363;6,422;14;7,9;7,64;;8;8,13;21;8,47;8,37;8,24;528;40;4;1;2;2;120;60;;0;5;Приключения;;arkham horror: the card game, fantasy flight games;ужасы
322;;Легенды морей;False;2022;8,09;8,16;-0,07;81;3616;deadreckoning;276182;7,091;14;7,9;7,76;;18;7,69;38;8,07;8,46;8,14;150;97;4;1;4;2;120;90;6;20;133;Карты, Приключения, Экономика;Лавка игр, Alderac Entertainment Group (AEG);;пираты
323;;City of the Big Shoulders;False;2019;8,51;7,75;0,76;24;2809;cofbsh;214880;6,731;14;7,89;7,55;;13;8,71;11;8,54;8,29;8,5;22;27;4;2;4;3;180;120;;30;59;Экономика;Quined Games, Parallel Games;;бизнес / промышленность, строительство
324;;Корни. Набор бродяг;True;2020;8,28;;;38;;Root-the-vagabond-pack;0;;0;7,89;7,63;40;19;7,87;17;8,08;8,84;8,32;494;46;4;1;0;0;0;0;1;0;12;Война;Leder Games, Crowd Games;;животные / природа
325;297;Каркассон. Новое издание;False;2014;8;7,41;0,59;136;134783;carcassonne-new-edition;822;7,296;7;7,89;7,79;635;1;7,52;54;8,18;8,33;7,96;342;110;5;2;5;2;45;30;5;10;4;Экономика;Hobby World, Z-Man Games;второе издание, carcassonne, каркассон;строительство, средние века, историческая
326;;Хуанхэ и Янцзы;False;2018;8,02;7,81;0,21;113;2998;yellow-yangtze;244114;6,807;14;7,89;7,78;;14;8,12;46;8,08;8;7,88;244;141;4;2;4;2;90;60;8;10;59;Логические;Лавка игр, Grail Games;;
327;256;Звёздные Войны: Внешнее кольцо;False;2019;7,92;7,74;0,18;498;14197;star-wars-outer-rim;271896;7,356;14;7,89;7,86;;45;7,49;195;8,21;8,19;7,77;912;447;4;1;0;0;180;120;15;0;174;Война;Fantasy Flight Games;star wars outer rim, star wars: outer rim, star wars;инопланетяне, космос
328;406;Civolution;False;2024;8,2;8,19;0,01;49;3906;civolution;400602;7,177;14;7,89;7,68;;8;8,35;30;8,24;8,18;8,02;79;57;4;1;0;0;180;90;1;0;55;;Deep Print Games;доход, дерево технологий, движение по областям, модульное поле, менеджмент руки, броски кубиков, научная фантастика;
329;145;Роскошь. Дуэль;False;2022;7,95;7,89;0,06;263;16305;splendor-duel;364073;7,548;10;7,89;7,84;;22;7,58;108;8,2;8,43;7,6;792;346;2;2;2;2;0;30;6;10;57;Карты, Экономика;Стиль жизни, Space Cowboys;splendor;
330;;Дорога ярости: Вендетта. Хром и молнии;False;2023;8,14;8,71;-0,57;61;1760;doroga-yarosti-vendetta-khrom-i-molnii;355997;6,864;10;7,89;7,71;4370;3;6,95;33;8,36;8,93;8,3;143;70;5;2;0;0;75;30;1;0;15;Приключения;Hobby Games, Restoration Games;;транспорт
331;;Плотина: Проект «Легватер»;True;2019;8,13;8,32;-0,19;63;1999;barrage-leeghwater-project;263711;6,806;14;7,89;7,71;;8;8,41;33;8,29;7,84;7,98;543;77;4;1;4;4;120;60;4;15;14;Экономика;Crowd Games, Cranio Creations, sternenschimmermeer;дамба, промышленная гонка, конфликт интересов, гидроэлектростанция, промышленная революция, архитектура, плотина, контроль территории, планирование действий, альтернативная история;бизнес / промышленность
332;130;Lords of Waterdeep;False;2012;7,92;7,73;0,19;536;57968;Lords-of-Waterdeep;110327;7,586;12;7,89;7,87;;70;7,52;205;8,26;8,4;7,48;592;495;5;2;0;0;90;45;8;0;196;Экономика;Wizards of the Coast;forgotten realms, выставление работников, dungeons & dragons, победные очки;политика, криминал, фэнтези
333;441;Cloudspire;False;2019;8,51;8,17;0,34;24;4122;cloudspire;262211;7,138;13;7,89;7,55;6600;17;8,46;16;8,38;8,58;8,62;35;30;4;1;2;2;180;90;2;45;89;Приключения;Chip Theory Games;bias, turn order, solo game, tech trees, hexagon grid, action queue, cooperative game, modular board, tile placement, variable player powers, dice rolling;фэнтези
334;;Azul: Сад королевы;False;2021;7,99;7,45;0,54;132;5769;azul-queens-garden;346965;6,859;10;7,88;7,78;;17;8,08;61;8,02;8,23;7,64;390;194;4;2;0;0;60;45;7;0;40;;Звезда, Plan B Games, Next Move Games;;абстрактная
335;265;Улей Карбон;False;2010;7,97;7,69;0,28;157;14325;hive-carbon;154597;7,343;9;7,88;7,79;;20;7,61;58;7,7;8,68;7,87;450;154;2;2;2;2;30;15;8;10;19;Классика;HUCH!;;животные / природа, абстрактная
336;;Бестиарий Сигиллума: кузница хаоса;True;2015;8,22;;;43;;bestiary-sigillum-kx;0;;14;7,88;7,64;350;5;8,3;22;8,12;8,07;8,37;129;25;2;2;2;2;60;30;4;30;16;Война;Интаглиф;герои с уникальными способностями, гексы и фишки, магия, фэнтези;монстры, магия, фэнтези
337;258;Конкордия. Сальса;True;2015;8,04;8,3;-0,26;93;4461;concordia-salsa;181084;7,353;12;7,88;7,75;;14;8,03;43;8,24;8,08;7,8;379;92;5;2;0;0;120;90;2;0;10;Экономика;Crowd Games, PD-Verlag;;
338;;Spirits of the Wild;False;2018;8,04;7,34;0,7;95;2746;spirit-of-the-wild;256606;6,472;10;7,88;7,75;;42;7,32;39;8,19;8,62;8,03;189;119;2;2;2;2;30;15;7;5;108;Карты;Mattel;spirits of the wild, сбор комбинаций;животные / природа, абстрактная, фэнтези
339;;Space Empires: 4X;False;2011;8,05;7,69;0,36;88;4055;Space-Empires-4X;84419;6,858;12;7,88;7,74;;21;8,34;42;8,05;7,53;8,26;122;69;4;1;0;0;0;180;5;0;116;Война;GMT Games;;футуристика, космос
340;;Бестиарий Сигиллума. Коллекционное издание;False;2018;8,03;;;99;;Bestiary-of-Sigillum;0;;14;7,88;7,76;1100;9;8;52;8,02;7,88;8,23;216;74;4;2;2;2;60;40;7;30;34;Война;Интаглиф;герои с уникальными способностями, магия, фэнтези;монстры, магия, фэнтези
341;;Confrontation;False;2000;9,02;7,13;1,89;13;401;Confrontation;7742;5,718;10;7,88;;;1;8,92;13;8,77;9,46;8,92;22;7;2;2;2;2;0;120;1;0;4;;Rackham Entertainment;;
342;;Побег из Вистара;False;2023;7,99;7,52;0,47;135;3113;rats-of-wistar;387780;6,639;13;7,88;7,78;;16;7,96;64;8,07;8,09;7,84;466;217;4;1;0;0;0;90;14;15;86;Карты, Экономика;Crowd Games, Cranio Creations;права животных, колесо действий, лабораторные крысы, крысы, cranio creations, мыши, наука, евро, размещение рабочих, стратегия;историческая, животные / природа
343;;Ужас Аркхэма. Карточная игра: Наследие Данвича. Мискатоникский музей;True;2017;8,12;8,06;0,06;61;1791;uzhas-arkkhema-kartochnaya-igra-miskatoniksky-muzey;210025;6,58;14;7,88;7,7;;3;8,21;25;8,15;8,11;8,02;643;69;4;1;2;2;120;60;1;0;4;Карты, Приключения;Hobby World, Fantasy Flight Games;arkham horror: the card game, fantasy flight games;ужасы, монстры
344;;Покорение Марса: Большая коробка;False;0;8,24;8,28;-0,04;41;2466;terraforming-mars-big-box;311247;6,912;12;7,88;7,64;;6;8,07;25;8,07;8,66;8,17;287;37;5;1;0;0;120;0;4;0;7;Экономика;Лавка игр, Магеллан, Stronghold Games, Schwerkraft-Verlag, Rebel Sp. z o.o., Maldito Games, FryxGames;;космос
345;;Ужас Аркхэма;False;2005;7,89;7,24;0,65;1502;40111;arkham-horror;15987;7,02;12;7,88;7,87;;193;7,93;669;7,77;8,03;7,84;3145;1424;8;1;8;4;300;180;105;60;454;Приключения;Rus-Igra.ru - интернет магазин настольных игр, Веселая Сова, СтоИгр Екатеринбург, Hobby World, Ubik, Wargames Club Publishing, Смарт, Nexus Games, HeidelBÄR Games, Galakta, Fantasy Flight Games, Edge Entertainment, Delta Vision Publishing;ужасы, кооперативная игра, мифы ктулху, лавкрафт, хоррор, ужас аркхэма;ужасы, магия
346;;Nevsky, Teutons and Rus in Collision, 1240-1242;False;2019;8,43;8,01;0,42;26;934;nevski-teuton-and-rus;249590;6,203;14;7,87;7,55;;11;8,42;18;8,04;8,38;8,88;44;19;2;1;0;0;0;0;1;0;51;Война;GMT Games;;средние века, историческая
347;194;The 7th Continent;False;2015;8,07;7,753;0,32;74;22926;the-7-continent;180263;7,447;12;7,87;7,71;3180;56;7,62;39;7,82;8,32;8,5;111;56;4;1;0;0;999;5;9;0;201;Приключения;Kickstarter, Serious Poulp;;фэнтези
348;;Here I Stand;False;2006;8,18;7,88;0,3;48;3984;here-i-stand;17392;6,983;0;7,87;7,66;;16;8,56;34;8,08;7,88;8,21;48;43;6;2;6;3;840;480;1;90;80;Война;GMT Games;card driven game;средние века, политика, историческая
349;;Chaos in the Old World: The Horned Rat;True;2011;8,06;8,04;0,02;76;2666;Chaos-in-the-Old-World-The-Horned-Rat-Expansion;95619;6,839;13;7,87;7,71;;20;7,92;34;8,14;8,34;7,84;141;60;5;3;0;0;120;90;3;0;8;Война;Fantasy Flight Games;мир вархаммера;фэнтези
350;;Марш муравьёв. Улучшенное издание;False;2025;8,3;8,15;0,15;34;35;march-of-the-ants-second-edition;416079;5,525;13;7,87;7,6;;13;8,15;16;8,47;8,65;7,91;114;28;5;1;0;0;90;60;1;0;40;Война, Экономика;Choo Choo Games, Weird City Games;марш муравьев, шестиугольная сетка, модульное поле, размещение тайлов;микромир, животные / природа
351;;Клинок и Колдовство: Запретный Портал;True;2018;8,74;8,38;0,36;17;518;sword-sorcery-arcane-portal;244733;5,961;13;7,87;;1400;8;8,59;13;8,76;9;8,59;265;12;5;1;5;1;90;60;1;60;9;Приключения;GaGa Games, Ares Games;клинок и колдовство, sword & sorcery, приключение, gagagames, фэнтези, миниатюры, дополнение;магия, фэнтези
352;;Бумажные кварталы. Коллекционное издание;False;2023;8,19;8,31;-0,12;46;878;welcome-to-collector-edition;392449;6,265;10;7,87;7,65;1110;4;7,48;21;8,35;8,85;8,09;269;59;6;1;0;0;0;25;5;0;10;Логические, Экономика;Стиль жизни, Blue Cocker Games;;строительство, абстрактная
353;;Gaia Project: The Lost Fleet;True;2024;8,72;;;17;;gaia-project-the-lost-fleet;0;;12;7,86;;;5;8,88;11;8,82;8,71;8,47;90;13;4;1;0;0;150;60;1;0;6;Логические, Экономика;Feuerland Spiele;очки победы как ресурс, дерево технологий, проект гайя, соло режим, модульное поле, разные способности игроков, дополнение;изобретения, инопланетяне, футуристика, космос
354;;Ужас Аркхэма. Карточная игра. Наследие Данвича. Неизмеримые и невидимые;True;2017;8,19;7,91;0,28;45;1356;uzhas-arkkhema-kartochnaya-igra-naslediye-danvicha-neizmerimyye;219054;6,358;14;7,86;7,64;;3;8,11;20;8,31;8,22;8,13;563;48;4;1;2;2;120;60;;0;4;Приключения;;arkham horror: the card game, fantasy flight games;ужасы
355;;Ужас Аркхэма. Карточная игра: Путь в Каркозу. Восход черных звёзд;True;2018;8,67;8,5;0,17;18;706;Arkham-Horror-The-Card-Game-Black-Stars-Rise;239330;6,179;14;7,86;;;4;8,67;12;8,89;8,67;8,44;332;19;2;1;0;0;120;60;;0;1;Приключения;Hobby World, Galakta, Fantasy Flight Games, Edge Entertainment, Asterion Press;;ужасы
356;;Каркассон. Королевский Подарок;False;2013;7,88;7,88;0;870;299;karkasson-korolevskii-podarok;160094;5,732;8;7,86;7,85;;58;7,29;320;8,17;8,15;7,91;2904;551;6;2;5;3;90;30;25;7;32;Война, Экономика;Hobby World;big box, подарок, carcassonne, каркассон;средние века, строительство
357;;Циркадианцы: власть хаоса;False;2022;8,14;7,94;0,2;52;1109;circadians-chaos-order;329226;6,267;12;7,86;7,66;;5;8,29;26;8,42;7,81;8,04;148;80;5;2;0;0;240;120;5;0;46;;Лавка игр, Garphill Games;;
358;101;Гавр;False;2008;7,89;7,84;0,05;432;33095;le-havre;35677;7,665;12;7,86;7,82;3800;96;8,11;177;7,86;7,86;7,73;795;368;5;1;4;3;150;30;11;10;243;Экономика;Crowd Games;порт, кризисное управление, управление ресурсами, соревновательная, размещение работников;бизнес / промышленность, транспорт, морское / водное
359;;Ужас Аркхэма. Карточная игра: Путь в Каркозу. Бледная маска;True;2018;8,63;8,57;0,06;19;700;Arkham-Horror-The-Card-Game-The-Pallid-Mask;237234;6,192;14;7,86;;;4;8,42;13;8,84;8,74;8,53;338;21;2;1;0;0;120;60;;0;1;Приключения;Hobby World;;ужасы
360;;Race for the Galaxy: The Brink of War;True;2010;8,21;7,76;0,45;41;3677;race-for-the-galaxy-the-brink-of-war;66121;6,88;12;7,86;7,62;;17;8,63;22;8,07;8,12;8;168;28;6;1;0;0;60;40;1;30;15;Карты, Экономика;Ystari Games, Rio Grande Games, Abacusspiele;одновременный выбор действий, компоненты игры в руке;космос
361;;Сезоны. Дорога судьбы;True;2014;8,1;7,864;0,24;61;1625;seasons-path-of-destiny;148166;6,47;14;7,86;7,68;400;27;7,9;26;8,18;8,39;7,92;457;55;4;2;3;2;90;60;4;10;15;Карты;Crowd Games;магические существа, kingdom of xidit, планирование действий, заклинания, комбинации, драфт;сказочная, магия, фэнтези
362;234;Кемет;False;2012;7,89;7,63;0,26;543;19791;kemet;127023;7,381;13;7,86;7,84;2300;121;7,54;241;8,03;8,23;7,77;703;531;5;2;5;4;120;90;21;15;356;Война;Crowd Games, Matagot, Asmodée;мифические существа, пустыня, битвы, древний египет, движение по областям, древний мир, контроль территорий, мифология, монстры, миниатюры;древний мир, восточная, монстры, магия
363;92;Пандемия: На грани;True;2009;7,93;8,03;-0,1;217;18188;pandemic-brink;40849;7,703;10;7,86;7,8;630;77;7,61;89;8,08;8,32;7,71;1095;180;5;2;5;2;60;45;8;15;66;Приключения;Миры настольные (Украина - Харьков), BestBGames, Стиль жизни, Z-Man Games, Wargames Club Publishing, Quined White Goblin Games, Pegasus Spiele, Hobby Japan, Filosofia Éditions;pandemic: on the brink, pandemic, кооперативная, дополнение;медицина
364;240;Глен-Мор II. Хроники;False;2019;7,94;7,87;0,07;184;9042;glen-more-ii-chronicles;265188;7,375;12;7,86;7,79;3300;11;7,63;78;7,9;8,44;7,78;392;191;4;2;4;2;120;90;19;0;96;Экономика;Лавка игр, GateOnGames, Funtails;рондель, сбор сетов, размещение тайлов;строительство, средние века, историческая
365;288;Railways of the World;True;2009;8,03;7,67;0,36;84;12491;Railways-of-the-World;17133;7,309;12;7,86;7,72;3680;27;7,79;40;8,2;8,43;7,69;89;68;6;2;6;3;120;90;8;10;86;Экономика;Winsome Games, Eagle Games;прокладка маршрутов, доставка грузов, определенное количество действий, выбирание карт, выкладывание плиток, аукцион;транспорт, строительство, историческая
366;;7 Wonders: Armada;True;2018;8,19;7,98;0,21;45;2798;7-Wonders-Armada;247315;6,821;10;7,86;7,64;;14;8,07;23;8,16;8,38;8,13;179;35;7;2;0;0;45;30;;0;21;Карты;Repos Production;7wonders;древний мир, морское / водное, строительство, средние века
367;;Pax Emancipation;False;2018;8,67;7,476;1,19;18;685;paxemancipation;245928;5,952;12;7,86;;500;8;8,67;11;8,5;8,5;9;39;14;3;1;0;0;120;60;3;0;26;;Sierra Madre Games;;историческая
368;;Runebound Третья редакция - Ярость гор (Дополнительное приключение);True;2016;8,05;;;72;;Runebound-Third-Edition-The-Mountains-Rise-Adventure-Pack;0;;14;7,85;7,69;;11;7,83;27;8,24;8,49;7,65;664;69;4;2;4;3;180;120;6;0;3;Приключения;Hobby World, Fantasy Flight Games;;
369;;Troyes: The Ladies of Troyes;True;2012;8,28;7,98;0,3;34;2189;the-ladies-of-troyes;127061;6,709;12;7,85;7,58;600;12;8,32;20;8,38;8,21;8,21;169;22;4;2;0;0;90;60;2;30;12;Экономика;Pearl Games, uplay.it edizioni, Z-Man Games, HeidelBÄR Games;размещение рабочих, броски кубиков;средние века
370;;Петля трагедии;False;2011;7,97;7,18;0,79;121;4727;Tragedy-Looper;148319;6,603;13;7,85;7,75;;28;8,02;51;7,81;7,4;8,64;295;135;4;2;4;3;180;90;4;20;120;Приключения;Лавка игр, BakaFire Party, Z-Man Games;;криминал
371;100;Паладины Западного Королевства;False;2019;7,9;7,96;-0,06;266;19553;paladins-of-the-west-kingdom;266810;7,667;12;7,85;7,8;;26;7,87;119;8,03;8,11;7,6;672;284;4;1;0;0;120;90;23;0;98;Экономика;Лавка игр, Garphill Games, Renegade Game Studios;;
372;323;YINSH;False;2003;7,97;7,71;0,26;125;9538;yinsh;7854;7,266;9;7,85;7,75;920;31;7,9;49;8,13;8,25;7,58;188;94;2;2;2;2;40;20;4;10;55;Классика, Логические;Rio Grande Games, SmartGames;gipf project;абстрактная
373;;SETI: Space Agencies;True;2025;8,71;;;17;;seti-space-agencies;0;;14;7,85;;;4;8,82;11;8,65;8,76;8,59;93;21;4;1;0;0;160;40;;0;7;Приключения;Czech Games Edition;доход, многоцелевые карты, сольный режим, бонусы в конце игры, разные способности игроков, дополнение;космос
374;;Ужас Аркхэма. Карточная игра: Наследие Данвича. Там, где ждёт погибель;True;0;8,19;8,09;0,1;42;1266;arkham-horror-the-card-game-where-doom-awaits;221725;6,384;0;7,85;7,61;;2;8,14;21;8,19;8,33;8,1;543;44;0;0;0;0;0;0;;0;3;Приключения;;;ужасы
375;107;Pathfinder. Настольная ролевая игра. Бестиарий;True;0;8,71;7,984;0,73;17;223;pathfinder-bestiary;59896;7,648;0;7,85;;;2;9,18;12;8,59;8,94;8,12;129;9;0;0;0;0;0;0;4;0;2;Приключения;Hobby World, Paizo Publishing;;монстры, фэнтези
376;385;Битоку;False;0;7,93;7,79;0,14;173;7273;bitoku;323612;7,195;12;7,85;7,77;;23;7,86;81;8,05;8,16;7,63;457;265;4;1;0;0;0;120;14;0;113;;Hobby World, Devir Games;bitoku, devir games, еврогейм, мифология, сбор сетов, размещение рабочих, фентези;восточная, монстры, магия, фэнтези
377;;Ghost Stories;False;2008;7,88;7,26;0,62;569;21673;ghost-stories;37046;7,055;12;7,85;7,83;;100;7,52;238;7,88;8,23;7,89;782;387;4;1;4;4;60;40;30;15;262;Приключения;Lautapelit.fi, Rebel, Asmodée, Repos Production;движение по областям, изменяемое игровое поле, разные способности игроков, кооперативная игра, кубик;восточная, ужасы, призраки, фэнтези
378;146;Декодер;False;2017;7,88;7,77;0,11;565;25633;decrypto;225694;7,546;12;7,85;7,83;;52;7,46;212;8,04;8,1;7,93;1391;768;8;3;8;6;45;30;11;7;154;Компанейские;Hachette Boardgames USA, Games7Days, Лавка игр, Le Scorpion Masqué;;компьютеры, абстрактная
379;;Rivet Wars: Eastern Front;False;2013;8,21;6,99;1,22;40;1108;rivet-wars-eastern-front;136000;5,947;14;7,85;7,61;;5;7,6;22;8,18;8,7;8,35;48;18;2;2;2;2;30;30;4;0;47;Война;CMON Limited;;стимпанк
380;176;Властелин колец: Странствия в Средиземье;False;2019;7,88;7,9;-0,02;465;17720;lord-rings-journeys-middle-earth;269385;7,489;0;7,85;7,82;2400;105;7,5;217;8,05;8,24;7,72;1110;447;5;1;2;2;120;60;22;0;280;;Hobby World, Asmodée, Rebel, Galápagos Jogos, Delta Vision Publishing, ADC Blackfire Entertainment GmbH, Fantasy Flight Games;;
381;;Normandy '44;False;2010;9,14;7,9;1,24;11;1199;normandy-44;38718;6,281;12;7,84;;;2;9,36;10;9,27;9;8,91;43;12;4;2;3;2;0;0;2;0;9;Война;GMT Games;;вторая мировая, историческая
382;;Ужас Аркхэма. Карточная игра: Нарушенный круг;True;2019;8,74;8,383;0,36;16;797;arkham-horror-the-card-game-the-circle-undone;262754;6,212;14;7,84;;;11;8,69;11;8,94;8,62;8,69;313;19;4;1;0;0;120;60;3;0;5;Приключения;Hobby World, Fantasy Flight Games;ужасы аркхема, arkham horror, лавкрафт, карточная игра;ужасы, монстры, космос, магия
383;;Nexus Ops (FFG 2011);False;2011;7,88;7,22;0,66;352;9171;nexusops2011;15363;6,855;14;7,84;7,8;;58;7,31;142;8,13;8,38;7,71;352;242;4;2;4;2;90;45;4;10;144;Война;Fantasy Flight Games;nexus ops, ffg;футуристика
384;378;1830: Railways & Robber Barons;False;1986;8,18;7,87;0,31;43;5873;1830-Railways-and-Robber-Barons;421;7,199;12;7,84;7,61;1720;9;8,42;21;8,19;7,79;8,33;46;39;7;2;6;3;240;180;;45;44;Экономика;Stratelibri, Mayfair Games, Avalon Hill, Lookout Games, 999 Games;;транспорт, строительство
385;;Shadows of Brimstone: City of the Ancients;True;2014;8,56;7,954;0,61;20;4037;Shadows-of-Brimstone-City-of-the-Ancients;146791;6,898;12;7,84;7,48;4100;4;8,5;13;8,7;8,55;8,5;46;11;4;1;4;3;180;90;4;60;10;Приключения;HeidelBÄR Games, Flying Frog Productions;игровые карты, игральные кости, игровое поле, миниатюры;дикий запад, монстры, ужасы, фэнтези
386;;6: Siege - The Board Game;False;2021;8,3;5,99;2,31;31;1003;rainbow-six-siege;338067;5,622;12;7,84;7,55;;9;8,35;19;8,16;8,39;8,29;62;35;4;2;0;0;60;40;1;0;35;Война, Карты;Mythic Games;6: siege - the board game, броски кубиков, mythic games, миниатюры;современная война
387;;Mythic Battles: Pantheon;True;2017;8,36;8,31;0,05;28;3396;mythic-battles-pantheon;186751;6,985;14;7,84;7,54;;9;8,04;19;8,57;8,71;8,11;41;21;4;2;2;2;90;45;1;45;40;Азартные, Война, Карты;Monolith;;древний мир
388;;Android: Netrunner - What Lies Ahead;True;2012;8,74;8,113;0,63;16;1070;what-lies-ahead;130806;6,286;13;7,84;;;;8,94;11;8,94;8,69;8,38;73;14;2;2;2;2;70;50;1;20;1;Карты, Приключения;Fantasy Flight Games;;шпионы, киберпанк, бизнес / промышленность, футуристика
389;;Мертвый сезон. Долгая ночь;False;2016;7,88;7,51;0,37;320;10321;dead-of-winter-the-long-night;193037;7,079;16;7,84;7,79;;91;7,68;135;8;8,15;7,69;861;296;5;2;5;3;90;45;19;10;122;Приключения;Crowd Games, Plaid Hat Games;мертвый сезон: долгая ночь, the long night, dead of winter: the long night, long night, мертвый сезон долгая ночь, dead of winter, мертвый сезон;зомби
390;372;Винокурня;False;2023;7,98;7,79;0,19;93;7581;distilled;295895;7,207;14;7,84;7,71;;13;7,46;41;7,87;8,35;8,25;246;142;4;1;4;2;120;30;4;15;70;Экономика;Choo Choo Games, Paverson Games;;бизнес / промышленность
391;;Warhammer 40000;True;1993;7,94;6,72;1,22;147;1103;Warhammer-40k;37165;5,868;13;7,84;7,76;;15;8,03;73;7,56;8,17;7,98;248;104;4;2;2;2;240;120;3;60;39;Война;Games Workshop Ltd.;warhammer 40.000, wh40k, games workshop, warhammer 40 000, варгейм с миниатюрами, warhammer 40k;космос, футуристика
392;;Гонконг во тьме;False;2018;7,92;7,4;0,52;183;6269;blackout;262215;6,883;14;7,84;7,77;;11;8,05;70;8,08;7,66;7,94;342;159;4;1;4;2;150;75;27;15;74;Экономика;Звезда, Pegasus Spiele, Eggertspiele;blackout;строительство
393;135;Вдали от Солнца;False;2020;7,9;7,88;0,02;228;16592;beyond-the-sun;317985;7,57;14;7,84;7,78;2400;23;7,87;88;8,12;7,63;7,97;341;260;4;2;3;2;100;100;13;20;95;Карты, Экономика;Crowd Games, Matagot, Rio Grande Games;;футуристика, космос
394;352;Unmatched: Битва легенд. Том I;False;2019;7,86;7,7;0,16;636;10322;Unmatched-Battle-of-Legends-Volume-1;274637;7,224;9;7,84;7,82;1000;47;7,24;246;7,88;8,38;7,92;1749;778;4;2;2;2;40;20;24;10;138;Война;GaGa Games, Restoration Games, Mondo Games;алиса, медуза горгона, ассиметричная дуэль, синдбад мореход, король артур, unmatched, дуэль, скирмиш, gagagames;культура / искусство, супергерои, сказочная, фэнтези
395;;Frostpunk: The Board Game;False;2021;8,17;8,17;0;44;4070;frostpunk-the-board-game;311988;7,089;14;7,84;7,62;2000;32;8,45;26;8,05;8,16;8;200;61;4;1;0;0;150;120;9;0;139;Война, Карты, Приключения;Glass Cannon Unplugged;frostpunk: the board game, glass cannon unplugged, градостроительная игра, сценарии, размещение рабочих, модульное поле;постапокалипсис, бизнес / промышленность
396;188;Конец вечности. Вечная война;False;2017;8,24;8,24;0;35;6357;aeons-end-war-eternal;218417;7,472;0;7,83;7,57;;4;8,11;19;8,46;8,17;8,23;171;30;4;1;0;0;0;0;5;0;8;;Action Phase Games;;
397;;База Шеклтон. Путешествие на Луну;False;2024;8,07;8,04;0,03;59;1862;shackleton-base-a-journey-to-the-moon;408180;6,619;14;7,83;7,65;;7;8,08;32;8,2;8,03;7,97;160;76;4;1;0;0;120;60;4;0;42;;«Издательство настольных игр», Sorry We Are French;;космос
398;259;Dune (2019);False;2019;7,92;7,92;0;153;10064;dune;283355;7,352;12;7,83;7,74;700;41;7,97;64;7,8;7,69;8,23;253;188;6;2;0;0;180;120;7;0;148;Война;Gale Force Nine, Descartes Editeur, Hobby Japan, Avalon Hill;партнерство, движение по областям, управление областями, разные способности игроков, аукцион, компоненты игры в руке;футуристика, космос
399;;Сезоны. Заколдованное королевство;True;2013;8;7,768;0,23;82;2383;seasons-enchanted-kingdom;136233;6,643;14;7,83;7,69;400;25;7,66;31;8,26;8,46;7,63;508;79;4;2;3;2;90;60;5;10;17;Карты;Crowd Games, Asterion Press, Libellud;магические существа, kingdom of xidit, планирование действий, заклинания, комбинации, драфт;магия, сказочная, фэнтези
400;;Красные!;False;2012;8;7,3;0,7;79;568;reds-the-russian-civil-war-19181921;2998;5,823;16;7,83;7,68;3700;20;8,04;40;8,04;7,94;7,96;339;59;2;1;2;2;0;240;10;0;63;Война;GaGa Games, GMT Games;гражданская война, контроль территорий, война, gagagames;историческая
401;169;Лоренцо Великолепный;False;2016;7,88;7,83;0,05;279;14795;lorenzo-il-magnifico;203993;7,498;12;7,83;7,78;;27;7,93;112;8,05;7,88;7,67;471;263;4;2;4;2;120;60;17;15;100;Экономика;Crowd Games, Cranio Creations;;бизнес / промышленность, средние века, строительство
402;;Клинок и Колдовство;False;2017;7,89;7,87;0,02;242;5268;Sword-and-Sorcery;170771;6,986;13;7,83;7,78;2600;39;7,93;120;8,11;8,03;7,5;627;205;5;1;4;2;180;90;18;30;227;Война, Приключения;GaGa Games, Ares Games;сражения, рпг, кооператив, монстры, ролевая игра, gagagames, приключения, фэнтези, миниатюры;монстры, магия, фэнтези
403;487;Брюгге;False;2013;7,85;7,43;0,42;685;12077;Brugge;136888;7,107;10;7,83;7,81;;138;7,54;256;8,06;8,07;7,73;1066;595;4;2;4;2;60;40;7;10;238;Экономика;Hobby World, Z-Man Games, Hans im Glück;;
404;;Puerto Rico 1897: Special Edition;False;2025;9,02;7,85;1,17;12;191;puerto-rico-1897-special-edition;415843;5,621;14;7,83;;;6;8,58;10;9,17;9,5;8,83;35;12;5;1;0;0;120;60;;0;9;Экономика;Awaken Realms, Ravensburger Spieleverlag GmbH;скрытые победные очки, бонусы в конце игры;сельское хозяйство, бизнес / промышленность, строительство
405;296;Возвращение в Тёмную башню;False;2020;8,01;8,22;-0,21;81;5330;Return-to-Dark-Tower;256680;7,3;11;7,83;7,69;;11;7,31;40;7,7;8,69;8,32;191;109;4;1;0;0;120;60;5;0;79;Приключения;Choo Choo Games, Restoration Games;;монстры, фэнтези
406;;Android: Netrunner - Trace Amount;True;2013;8,79;8,117;0,67;15;909;trace-amount;132005;6,207;0;7,83;;;1;8,87;10;8,87;8,73;8,67;61;14;2;2;2;2;60;40;1;20;;Карты, Приключения;Fantasy Flight Games;;шпионы, киберпанк, бизнес / промышленность, футуристика
407;;Fate Core System;True;2016;8,42;;;24;;fate-core-system;0;;0;7,83;7,5;;9;8,21;15;8,83;8,25;8,38;54;15;0;0;0;0;0;0;1;0;12;Приключения;Evil Hat Productions, Indigo Games;универсальная система, ролевая система, fate core system, fate core, fate, ролевая игра;
408;;Runebound: Третья редакция;True;2015;7,84;7,48;0,36;877;6498;Runebound-Third-Edition;181530;6,884;14;7,82;7,81;;94;7,46;352;8,02;8,23;7,64;1965;749;4;2;4;2;180;120;35;15;272;Приключения;Hobby World, Fantasy Flight Games;runebound third edition, runebound;магия, фэнтези
409;;A Game of Thrones: The Card Game Second Edition;False;2015;8,22;7,49;0,73;35;5095;a-game-of-thrones-the-card-game-second-edition;169255;6,792;0;7,82;7,56;;13;8,09;19;8,4;8,71;7,69;54;27;4;2;4;2;90;60;3;20;29;Азартные, Война, Карты;Fantasy Flight Games;;политика, фэнтези
410;;Runebound Третья редакция - Позолоченный клинок (Дополнительное приключение);True;2016;8,01;;;76;;Runebound-Third-Edition-The-Gilded-Blade-Adventure-Pack;0;;0;7,82;7,67;150;8;7,8;28;8,14;8,43;7,68;679;73;4;2;0;0;0;0;5;0;4;Приключения;Hobby World, Fantasy Flight Games;;фэнтези
411;32;Brass;False;2007;7,99;8,2;-0,21;81;26373;brass;28720;7,961;14;7,82;7,68;;14;8,22;31;8,12;7,78;7,85;79;58;4;2;4;3;150;120;;25;62;Экономика;FRED Distribution, Eagle Games, Warfrog Games;прокладка маршрутов, компоненты игры в руке;бизнес / промышленность, транспорт, строительство
412;;Загадочные Существа;False;2024;7,93;8,08;-0,15;126;3055;wondrous-creatures;400366;6,936;12;7,82;7,72;1850;13;7,6;49;8,09;8,47;7,57;324;183;4;1;0;0;80;40;3;0;85;Приключения;GaGa Games, Bad Comet;разные типы рабочих, шестиугольная сетка, бонусы в конце игры, драфт, размещение рабочих, сбор сетов, разные способности игроков, gagagames;сказочная, животные / природа
413;;Merchants & Marauders;False;2010;7,88;7,39;0,49;254;14594;merchants-and-marauders;25292;7,084;13;7,82;7,77;;69;7,51;107;7,78;8,29;7,95;266;190;4;2;4;4;300;180;2;60;213;Приключения, Экономика;Z-Man Games;;пираты, морское / водное, криминал, историческая
414;;Ужас Аркхэма. Карточная игра: На краю земли. Кампания;True;2021;8,7;8,57;0,13;16;1000;arkham-horror-card-game-To-the-Edge-of-the-Earth;340035;6,369;14;7,82;;;6;8,62;11;8,75;8,69;8,75;301;20;4;1;0;0;120;60;1;10;8;Приключения;Hobby World, Hobby Games, Fantasy Flight Games;жки, кооперативная игра, карточная игра, дополнение;ужасы, монстры, магия, фэнтези
415;;Ужастик. Тайна особняка Фостеров;False;2020;8,01;7,73;0,28;75;454;nightmare-horror-adventures-welcome-to-crafton-mansion;319135;5,874;16;7,82;7,67;;9;7,23;34;8,16;7,96;8,68;109;108;5;4;5;5;120;120;3;2;40;Приключения;Магеллан, Identity Games International B.V.;с приложением, кооперативная игра;ужасы
416;105;Маракайбо;False;2019;7,86;7,97;-0,11;318;17941;maracaibo;276025;7,659;12;7,82;7,77;;50;8;129;8,03;7,82;7,58;593;304;4;1;3;3;180;90;29;40;178;Экономика;Hobby World, DLP Games, Capstone Games, Game's Up;маракайбо, maracaibo;транспорт, морское / водное, средние века
417;;Ascension Tactics;False;2022;7,96;7,85;0,11;98;1001;Ascension-Tactics;304531;6,165;12;7,82;7,7;2285;17;7,6;43;8,28;8,11;7,87;219;115;4;1;3;1;60;30;7;10;66;Война, Карты;GaGa Games, Stone Blade Entertainment;сражения, колодостроение, арена, кооператив, тактическая игра, соло, скирмиш, gagagames;стимпанк, изобретения, магия, фэнтези
418;308;Анх. Боги Египта;False;2020;7,87;7,75;0,12;267;10861;ankh-gods-of-egypt;285967;7,284;0;7,82;7,77;;30;7,72;116;7,77;8,28;7,69;492;313;5;2;0;0;0;0;19;0;130;Война, Карты;Лавка игр, CMON Limited;ankh: gods of egypt, мифология, cmon;восточная, древний мир, историческая, фэнтези
419;;Gears of War: The Board Game;False;2011;7,9;7,47;0,43;170;5213;Gears-of-War;42776;6,8;13;7,82;7,74;2000;48;7,36;79;8,08;8,49;7,68;167;104;4;1;3;3;180;60;5;20;105;Война, Приключения;HeidelBÄR Games, Galakta, Edge Entertainment, Fantasy Flight Games;модульное игровое поле, военные карты, движение по областям, разные способности игроков, компоненты игры в руке, кооперативная игра, кубик;футуристика
420;;Изобретения. Эволюция идей;False;2023;8,13;8;0,13;44;2490;inventions-evolution-of-ideas;347305;6,759;0;7,81;7,59;;10;8,16;23;8,09;8,25;8;248;62;4;2;0;0;150;120;10;0;56;Экономика;Crowd Games, Delta Vision Publishing, Eagle-Gryphon Games;ласерда, изобретения, движение от точки к точке, цивилизация, размещение рабочих;
421;490;Марракеш;False;2022;8,33;8,11;0,22;27;3711;Marrakesh;342810;7,105;14;7,81;7,51;;8;8,3;16;8,63;8,07;8,33;54;50;4;2;0;0;0;120;1;0;34;;Эврикус, Queen Games;;
422;284;Чемпионы Мидгарда. Вальхалла;True;2017;8,06;8,387;-0,33;57;3892;champions-of-midgard-valhalla;219788;7,311;10;7,81;7,63;900;4;7,95;22;8,16;8,32;7,82;137;60;5;2;5;4;120;60;;15;7;Война, Приключения;Grey Fox Games;ассиметричные возможности игроков, сбор сетов, размещение рабочих;морское / водное, монстры, средние века
423;41;Крылья: Птицы Европы;True;2019;7,9;8,33;-0,43;157;16747;Wingspan-European-Expansion;290448;7,931;10;7,81;7,73;700;33;7,5;61;7,94;8,55;7,62;971;193;5;1;4;2;70;40;4;20;26;Карты;Лавка игр, Stonemaier Games;card drafting, set collection, hand management, dice rolling;животные / природа
424;;Андор: Поход на север;True;2014;7,98;7,89;0,09;82;1808;die-legenden-von-andor-journey-to-the-north;156318;6,489;10;7,81;7,67;1810;52;7,65;42;8,04;8,24;7,98;455;63;4;2;4;2;90;75;14;15;61;Логические, Приключения;Звезда, KOSMOS;;сказочная, магия, фэнтези
425;;KeyForge: Массовая мутация. Колода Архонта;False;2020;8,82;7,81;1,01;14;661;keyforge-mass-mutation;301607;5,994;14;7,81;;;2;8,64;8;9,14;8,64;8,86;50;17;2;2;0;0;0;15;4;0;3;Карты;Fantasy Flight Games, Hobby World;;футуристика, монстры, фэнтези
426;495;Кубарем по Галактике. Амбиции;True;2015;7,95;8,09;-0,14;98;3692;roll-for-the-galaxy-ambition;175754;7,102;0;7,81;7,69;;28;7,62;40;8,07;8,26;7,85;469;80;0;0;0;0;0;0;2;0;17;;Crowd Games, Rio Grande Games;roll for the galaxy, дайсы, кубики, дополнение;инопланетяне, космос
427;398;Льюис и Кларк: Экспедиция;False;2013;7,86;7,44;0,42;256;16216;Lewis-and-Clark-The-Expedition;140620;7,183;14;7,81;7,75;300;45;7,56;100;7,79;8,16;7,93;285;231;5;1;4;2;150;30;15;10;157;Приключения;Hobby World, Ludonaute;планирование действий, размещение рабочих, lewis & clark, акции, компоненты игры в руке;историческая
428;190;Hansa Teutonica;False;2009;7,95;7,74;0,21;114;16676;hansa-teutonica;43015;7,465;12;7,81;7,71;910;16;8,02;47;8,13;7,84;7,82;94;107;5;2;5;3;60;45;4;20;86;Экономика;Z-Man Games, Argentum Verlag, 999 Games;строительство маршрутов, очки действий, победные очки;бизнес / промышленность, средние века
429;294;Ora et Labora;False;2011;8;7,68;0,32;72;11379;Ora-et-Labora;70149;7,302;13;7,8;7,65;2380;21;8,22;29;8,01;7,92;7,85;85;68;4;1;0;0;180;60;4;0;89;;uplay.it edizioni, Lacerta, Z-Man Games, Lookout Games;;
430;228;Остров кошек;False;2020;7,82;7,64;0,18;573;23994;The-Isle-of-Cats;281259;7,392;8;7,8;7,77;2450;79;7,26;211;7,92;8,4;7,71;1436;727;4;1;4;3;90;60;21;10;244;Карты, Логические;Skellig Games, Geekach Games, GaGa Games, The City of Games;полимино, остров кошек, тетрис, котики, драфт, gagagames, семейная;животные / природа, абстрактная
431;454;Dungeon Petz;False;2011;7,84;7,39;0,45;332;15375;Dungeon-Petz;97207;7,127;14;7,8;7,76;1500;70;7,46;138;7,61;8,11;8,19;522;294;4;2;4;3;0;90;15;30;184;Экономика;GaGa Games, Z-Man Games, Czech Games Edition;монстры, dungeon lords, аукцион, юмор, gagagames, размещение рабочих, стратегия;животные / природа, юмор, фэнтези, монстры
432;;Звездные войны: Легион;False;2018;8,43;8,01;0,42;22;2004;star-wars-legion;233571;6,529;14;7,8;7,46;;10;8,18;12;8,55;9;8;78;27;2;2;2;2;120;60;2;30;29;Война;Asmodée, Fantasy Flight Games;звездные войны, star wars, варгейм;космос
433;198;Pandemic Iberia;False;2016;8,04;7,88;0,16;58;11449;Pandemic-Iberia;198928;7,441;8;7,8;7,62;;24;7,79;26;8,07;8,57;7,71;94;35;4;2;0;0;0;45;3;0;30;Приключения;Z-Man Games;;медицина
434;266;Улей (дорожная версия);False;2012;7,85;7,69;0,16;280;14325;hive-pocket;154597;7,343;9;7,8;7,75;;41;7,6;103;7,75;8,42;7,62;810;195;2;2;2;2;20;10;5;10;30;Логические;DesktopGames - Игромаг (Украина), Gen Four Two;;абстрактная
435;94;Кланк! Катакомбы;False;2022;7,97;8,25;-0,28;83;10481;clank-catacombs;365717;7,701;13;7,8;7,67;;3;7,6;31;8,13;8,25;7,9;234;100;4;2;3;3;90;45;4;10;44;Карты, Приключения;Dire Wolf;пулбилдинг, очки движения, испытай удачу, движение от точки к точке, бонусы в конце игры, размещение тайлов;фэнтези
436;184;Траян;False;2011;7,88;7,75;0,13;171;18478;Trajan;102680;7,476;12;7,8;7,73;1800;29;8,01;70;8,06;7,63;7,81;405;188;4;2;4;4;120;60;14;0;111;Война, Экономика;Эврикус, Quined Games, Ammonit Spiele;манкала, рондель, драфт карт, сбор сетов, менеджмент руки;древний мир, политика
437;;Nemesis: Lockdown – Stretch Goals;True;2021;8,67;8,5;0,17;16;796;nemesis-lockdown-stretch-goals;321742;6,2;12;7,8;;;5;8,38;11;8,5;9,25;8,56;159;14;5;1;0;0;0;0;4;0;3;Война, Карты, Приключения;Awaken Realms;nemesis: lockdown – stretch goals, полу-кооперативная игра, скрытые роли, awaken realms, разные способности игроков, научная фантастика, ужасы, миниатюры;инопланетяне, ужасы, футуристика, космос, монстры
438;;Arydia: The Paths We Dare Tread;False;2018;8,96;9,16;-0,2;12;1969;arydia-the-paths-we-dare-tread;219650;6,972;14;7,8;;;34;8,67;11;9,17;9,17;8,83;25;8;4;2;0;0;120;60;;0;101;;Far Off Games;;
439;165;Доминион: Интрига;True;2009;7,84;7,69;0,15;322;34335;Dominion-Intrigue;40834;7,507;8;7,8;7,76;;57;7,59;136;8,15;7,9;7,71;604;236;4;2;4;2;50;25;10;10;47;Карты;Hobby World, 999 Games, Albi, Bard, Devir, Filosofia Éditions, Hans im Glück, Hobby Japan, Lautapelit.fi, Rio Grande Games, Stupor Mundi, Swan Panasia Co., Ltd.;;
440;368;Rococo Deluxe;False;2020;8,3;8,2;0,1;28;4007;rococo;296100;7,211;12;7,8;7,51;;15;7,93;16;8,57;8,89;7,82;55;27;5;1;0;0;120;60;;0;20;Экономика;Skellig Games, Eagle-Gryphon Games;rococo;культура / искусство, средние века, историческая
441;;John Company;False;2017;8,12;7,32;0,8;43;1327;john-company;211716;6,174;14;7,8;7,57;990;9;8,12;27;8,33;7,7;8,33;21;47;6;1;4;2;300;60;2;0;46;Экономика;Sierra Madre Games;;бизнес / промышленность, историческая
442;;Покорение Марса: Кризис;True;2019;7,91;7,48;0,43;123;5504;terraforming-mars-turmoil;273473;6,852;12;7,8;7,7;;21;7,98;47;7,87;7,8;7,98;921;120;5;1;0;0;120;90;11;0;24;;;;сельское хозяйство, политика, строительство, футуристика, космос
443;;Серп. Приключения;True;2018;8,07;8,09;-0,02;50;3300;scythe-encounters;262151;6,976;14;7,79;7,59;100;19;7,88;25;8,14;8;8,24;484;58;7;1;7;7;115;90;1;10;6;Война;Crowd Games, Stonemaier Games;area majority, grid movement, variable player powers;стимпанк
444;103;Dominion: Seaside;True;2009;8,08;8,01;0,07;48;16101;Dominion-Seaside;51811;7,662;8;7,79;7,59;;18;7,81;24;8,31;8,04;8,17;124;45;4;2;4;2;30;10;3;10;11;Карты;999 Games, Albi, Devir, Filosofia Éditions, Hans im Glück, Hobby Japan, Lautapelit.fi, Rio Grande Games, Stupor Mundi, Swan Panasia Co., Ltd.;;
445;;Eclipse: Shadow of the Rift;True;2015;8,31;8,25;0,06;27;896;Eclipse-Shadow-of-the-Rift;179255;6,252;13;7,79;7,5;;16;8,3;12;8,26;8,41;8,26;84;24;6;2;6;4;180;60;2;30;10;Война, Экономика;Lautapelit.fi;исключение игроков, движение по сетке, выкладывание плиток, изменяемое игровое поле, управление областями, разные способности игроков, кубик;космос
446;;Ужас Аркхэма. Карточная игра: Путь в Каркозу. Призрак Истины;True;2017;8,45;;;21;;uzhas-arkkhema-kartochnaya-igra-put-v-karkozu-prizrak-istiny;0;;14;7,79;7,45;;5;8,38;11;8,52;8,52;8,38;329;22;4;1;0;0;120;60;;0;2;Приключения;Hobby World, Fantasy Flight Games;ужас аркхэма;ужасы, монстры
447;;Unmatched: Jurassic Park - Sattler vs. T-Rex;False;2022;7,98;;;72;;unmatched-jurassic-park-sattler-vs-t-rex;0;;14;7,79;7,64;;2;7,44;38;8,07;8,38;8,01;525;99;2;2;2;2;40;20;12;10;7;Война;Mondo Games, Restoration Games;;динозавры, культура / искусство, сказочная, фэнтези
448;;Azul: Шоколатье;False;2022;7,88;7,88;0;140;2889;azul-master-chocolatier;363247;6,778;8;7,79;7,7;;12;7,46;43;7,99;8,44;7,66;460;166;4;2;0;0;45;30;4;0;17;;Звезда, Next Move Games;;абстрактная
449;;Путь героя. Чудовища и приспешники;True;2018;7,99;8,02;-0,03;69;4707;roll-player-monsters-and-minions;213360;7,181;10;7,79;7,63;;7;7,71;28;8,1;8,29;7,86;307;77;5;1;0;0;120;60;7;0;7;;Crowd Games, Thunderworks Games;;фэнтези
450;;Эра. Средневековье: Реки и дороги;True;2020;8,4;7,8;0,6;23;388;era-medieval-age-expansion;299712;5,833;8;7,79;7,47;;16;8,26;16;8,3;8,78;8,26;191;33;4;1;0;0;60;45;1;0;16;;Звезда, Eggertspiele;;строительство, средние века
451;238;Экспансия. Век паруса;False;2018;7,86;7,86;0;211;10034;endeavor-age-of-sail;233398;7,376;13;7,79;7,73;;17;7,43;80;7,89;8,38;7,75;341;233;5;2;4;4;90;60;17;15;86;Экономика;Crowd Games, Grand Gamers Guild, Burnt Island Games;контроль области, выбор карт, набор комбинаций;политика, транспорт, морское / водное, историческая
452;;Теотиуакан. Поздняя предклассическая эра;True;2019;8,19;8,19;0;35;1776;teotihuacan-late-preclassic-period;270364;6,662;14;7,79;7,54;1200;8;8,09;23;8,31;8,34;8,03;205;31;4;1;4;3;120;90;2;10;14;Экономика;Crowd Games, Board&Dice;мезоамерика, ацтекский пантеон, ацтеки, пирамиды, модули, одиночный режим, древний мир, мексика, индейцы, мифология;сельское хозяйство, древний мир, строительство
453;223;Уотергейт;False;2019;7,83;7,74;0,09;337;13362;wtrgate;274364;7,397;14;7,79;7,75;700;39;7,61;132;7,92;7,83;7,96;717;349;2;2;2;2;60;30;8;0;166;Война;Salt & Pepper Games, GaGa Games, Pegasus Spiele, Capstone Games;абстрактная, политика, дуэльная игра, для двоих, gagagames, карточная;политика
454;;Cthulhu Wars: Opener of the Way;True;2015;8,66;8,46;0,2;16;434;Cthulhu-Wars-Opener-of-the-Way;145028;5,962;12;7,79;;;5;8,38;9;8,69;9;8,56;118;15;5;3;0;0;120;90;1;0;1;Война;Фабрика игр, Petersen Games;action points, area movement, variable player powers, dice rolling;инопланетяне, ужасы, монстры, магия
455;76;Каскадия;False;2021;7,82;7,92;-0,1;549;49177;cascadia;295947;7,75;14;7,79;7,77;1100;37;7,4;187;8,09;8,27;7,52;1398;635;4;1;4;3;45;30;8;10;154;Логические;Crowd Games, Flatout Games;выкладывание тайлов, построение узора, драфт;животные / природа, абстрактная
456;;Cthulhu Wars: Windwalker;True;2015;8,56;8,44;0,12;18;428;Cthulhu-Wars-Windwalker;145033;5,956;12;7,79;;;5;8,28;12;8,5;9,17;8,28;119;19;5;3;0;0;120;90;1;0;2;Война;;мифы ктулху, лавкрафт, броски кубиков, миниатюры;инопланетяне, ужасы, монстры, магия
457;316;Ticket to Ride Map Collection: Volume 5 – UK/Pennsylvania;True;2015;8,01;7,98;0,03;62;6106;Ticket-to-Ride-UK-Pennsylvania;182078;7,279;10;7,79;7,62;;22;7,53;27;8,06;8,47;7,98;201;58;5;2;5;3;60;30;4;5;17;;Days of Wonder;;
458;;1846: The Race for the Midwest;False;2005;8,2;7,89;0,31;34;3118;1846-the-race-for-the-midwest;17405;6,886;14;7,79;7,53;;5;8,56;21;8,24;7,88;8,12;44;47;5;3;4;4;240;240;1;60;17;Экономика;GMT Games, Deep Thought Games, LLC;;транспорт, бизнес / промышленность
459;;Blood Bowl: Team Manager - The Card Game;False;2011;7,84;7,4;0,44;240;11673;Blood-Bowl-Team-Manager;90137;7,054;12;7,78;7,73;;35;7,1;99;8,11;8,2;7,94;238;174;4;2;0;0;0;90;10;0;82;Карты, Приключения;Fantasy Flight Games;управление областями, компоненты игры в руке, разные способности игроков, создание колоды, кубик;фэнтези
460;;Android;True;2008;7,88;6,74;1,14;135;3959;Android;39339;6,272;12;7,78;7,69;2520;24;7,93;65;7,35;7,71;8,51;152;83;5;3;4;4;240;180;7;60;127;Приключения;Fantasy Flight Games;;киберпанк, роботы, криминал, футуристика
461;;Dungeon Twister: Prison;False;2009;7,98;7,26;0,72;70;1247;dungeon-twister-prison;42124;6,113;10;7,78;7,63;1280;15;7,79;32;7,83;8,24;8,04;101;52;2;1;2;2;60;60;5;0;46;Приключения;Ludically;тайная расстановка войск, очки действия, модульное поле, переменные свойства игроков, размещение тайлов, манипуляции с картами;магия, фэнтези
462;;Descent: Странствия во тьме (вторая редакция). Забытые души;True;2014;8,17;7,83;0,34;35;657;Descent-2ed-Forgotten-Souls;153235;5,974;14;7,78;7,53;;21;7,89;20;8,6;8,11;8,09;233;23;4;1;4;1;150;0;3;0;9;Приключения;Hobby World, Fantasy Flight Games;descent;монстры, магия, фэнтези
463;;Шарлатаны из Кведлинбурга: Алхимики;True;2020;8,18;7,87;0,31;34;2518;die-quacksalber-von-quedlinburg-die-alchemisten;316597;6,719;10;7,78;7,52;950;11;7,88;16;8,41;8,41;8,03;399;43;5;2;5;3;50;40;4;10;20;Приключения;Лавка игр, Schmidt Spiele;драфт жетонов, испытай удачу, комбинации;юмор, магия, фэнтези
464;141;Поиски планеты X;False;2020;7,84;7,91;-0,07;240;14504;the-search-for-planet-x;279537;7,557;13;7,78;7,73;800;26;7,66;84;7,83;7,81;8,07;545;312;4;1;4;3;60;45;9;45;118;Компанейские, Логические;Renegade Game Studios, Foxtrot Games;с приложением, дедукция;космос
465;148;Трикерион. Искусство иллюзии;False;2016;7,98;7,97;0,01;71;12025;trickerion;163068;7,537;14;7,78;7,63;;21;8,08;34;7,75;8,07;8,03;69;70;4;2;3;3;180;45;1;30;103;Экономика;Crowd Games, Mindclash Games;;магия
466;;Archipelago;False;2012;7,89;7,27;0,62;125;8451;archipelago;105551;6,861;14;7,78;7,68;;35;7,77;51;7,78;8,05;7,98;123;99;5;2;0;0;240;30;5;45;165;Экономика;Ludically;archipelago, архипелаг;морское / водное, бизнес / промышленность
467;;A Game of Thrones: The Board Game;False;2003;7,86;7,17;0,69;180;10703;a-game-of-thrones-the-boardgame;6472;6,806;12;7,78;7,71;;34;7,96;70;7,9;7,97;7,59;246;185;5;3;5;5;180;120;8;15;88;Война, Экономика;PS-Games, Pegasus Spiele, Nexus Games, Galakta, Devir, Fantasy Flight Games;;политика, строительство, средние века, фэнтези
468;;Advanced Squad Leader: Starter Kit #1;True;2004;8,31;7,84;0,47;26;2746;advanced-squad-leader-starter-kit-1;9823;6,705;13;7,78;7,48;170;5;8,65;15;8,42;8,08;8,08;55;24;2;2;2;2;150;90;1;0;17;Война;Multi-Man Publishing;;вторая мировая
469;244;Star Wars: X-Wing Miniatures Game;True;2012;7,86;7,63;0,23;182;25353;X-Wing-Miniatures-Game;103885;7,37;14;7,78;7,72;;17;7,27;79;7,95;8,63;7,58;358;141;2;2;2;2;0;20;13;0;69;Война;Hobby World, HeidelBÄR Games, Korea Boardgames, Martinex, Stratelibri, Wargames Club Publishing, Giochi Uniti, Galakta, Edge Entertainment, Fantasy Flight Games;star wars, звёздные войны, по лицензии;космос
470;230;Каменный век;False;2008;7,79;7,52;0,27;1045;54733;stone-age;34635;7,388;10;7,78;7,76;;196;7,25;344;8,07;8,49;7,35;1699;890;4;2;4;2;90;60;22;15;280;Экономика;Hobby World, Stupor Mundi, MINDOK, Lautapelit.fi, Korea Boardgames, Kaissa Chess & Games, Hans im Glück, Filosofia Éditions, Devir, 999 Games, Rio Grande Games, Звезда;собирание наборов, размещение рабочих, кубик, семейная;пещерный век, историческая
471;;Unmatched: Hell's Kitchen;True;2021;8,24;8,21;0,03;30;1295;unmatched-hells-kitchen;326934;6,426;14;7,78;7,5;;7;7,97;17;8,3;8,57;8,1;187;41;3;2;0;0;40;20;5;0;10;Азартные;GaGa Games, Restoration Games, Mondo Games;;культура / искусство, фэнтези
472;428;Империи: Классика;False;2021;7,86;7,69;0,17;164;8007;imperium-classics;318184;7,154;14;7,78;7,7;;15;8,24;72;7,68;7,51;7,99;341;156;4;1;0;0;120;60;4;0;77;;Низа Гамс, Origames, Lucrum Games, Giant Roc, Osprey Games;;
473;;Клинок и Колдовство: Пришествие тьмы;True;2018;8,7;8,51;0,19;15;390;sword-sorcery-darkness-falls;255670;5,872;12;7,78;;1700;6;8,73;13;9,33;8,6;8,13;257;8;5;1;5;1;90;60;1;60;4;Приключения;Ares Games, Gremlin Project, GaGa Games;клинок и колдовство, sword & sorcery, приключение, gagagames, фэнтези, миниатюры, дополнение;монстры, магия, фэнтези
474;;Deadlands: Мёртвые земли;True;1996;8,33;;;25;;Deadlands;0;;0;7,78;7,47;;2;8,6;14;8,76;8,08;7,88;63;16;0;0;0;0;0;0;3;0;8;Приключения;Studio 101, Pinnacle Entertainment Group;;стимпанк, дикий запад, ужасы, магия
475;;Ужас Аркхэма: Король в желтом;True;2007;7,87;7,62;0,25;141;4297;arkham-horror-the-king-in-yellow;25945;6,82;13;7,77;7,69;410;39;7,76;53;7,94;8,11;7,66;862;142;8;1;5;4;240;120;12;90;22;Приключения;Hobby World, Nexus Games, HeidelBÄR Games, Edge Entertainment, Fantasy Flight Games;ктулху, мифы ктулху, ужасы, лавкрафт, ужас аркхэма, кооперативная игра, дополнение;магия, ужасы
476;;Mission: Red Planet (Second edition);False;2015;7,85;7,39;0,46;174;12018;Mission-Red-Planet-2015;176920;7,075;14;7,77;7,7;;24;7,25;63;8,08;8,43;7,64;174;152;6;2;0;0;90;45;3;0;102;Приключения;Fantasy Flight Games;;стимпанк, космос
477;;Иниш. Сезоны;True;2019;7,88;8,17;-0,29;123;1560;inis-seasons-of-inis;255588;6,558;14;7,77;7,67;;26;7,77;54;8,05;8;7,69;792;147;5;2;5;3;120;90;3;120;27;;Лавка игр, Ход Конём (Украина);;древний мир
478;;Палео: Новое начало;True;2021;8,42;8,26;0,16;21;883;paleo-ein-neuer-anfang;342501;6,235;10;7,77;7,43;762;5;8,24;13;8,57;8,67;8,19;362;22;4;1;4;2;60;45;2;10;10;Приключения;Hobby World, Hans im Glück;колодостроительная игра, кооперативная игра, дополнение;древний мир
479;;Warhammer 40 000: Conquest;True;2014;7,93;7,36;0,57;86;3314;Warhammer-40000-LCG;156776;6,525;14;7,77;7,64;;16;7,84;36;8,19;8,22;7,47;122;50;2;2;2;2;60;30;9;0;45;Карты;Fantasy Flight Games;;футуристика, фэнтези
480;;Ужас Аркхэма. Карточная игра: Проклятие Ругару;True;2016;8,11;7,85;0,26;41;1458;Arkham-Horror-The-Card-Game-Curse-of-the-Rougarou;209728;6,362;14;7,77;7,55;115;3;7,8;18;8,2;8,32;8,1;543;47;4;1;2;2;120;60;4;0;7;Азартные, Карты, Приключения;Hobby World, Fantasy Flight Games;arkham horror: the card game, lcg, лавкрафт, карточная игра;монстры
481;;Федерация;False;2022;7,97;7,85;0,12;69;2916;federation;345868;6,796;14;7,77;7,62;2500;3;7,87;25;8,06;8,19;7,74;214;104;4;2;4;3;120;60;14;20;38;Экономика;Crowd Games, Explor8;сенат, законы, интриги, федерация, дипломатия, выставление рабочих, голосование, политика, экономика, космос;инопланетяне, футуристика, космос
482;;Восходящее солнце: Вторжение Династии;False;2018;8,21;8,21;0;31;1530;rising-sun-dynasty-invasion;223782;6,547;13;7,77;7,5;;16;7,97;17;8,26;8,65;7,94;312;55;6;3;0;0;120;90;1;0;7;Война;Hobby World, CMON Limited, ADC Blackfire Entertainment GmbH;;восточная, средние века, фэнтези
483;391;Mind MGMT. Управление «Разум»;False;2020;7,89;7,84;0,05;110;6473;mind-mgmt-the-psychic-espionage-game;284653;7,189;13;7,77;7,66;1500;24;7,56;37;7,95;8,15;7,91;333;160;5;2;3;2;75;45;4;20;119;Война, Карты;Crowd Games, Off the Page Games;скрытые перемещения, один против всех, скрытое передвижение, шпионы, комиксы, движение по сетке, дедукция, разные способности игроков, кооперативная игра;шпионы
484;128;Конец вечности;False;2016;7,82;7,88;-0,06;303;22843;aeons-end;191189;7,592;14;7,77;7,73;;32;7,58;117;8,06;7,86;7,8;775;325;4;1;4;2;90;60;21;10;116;Карты, Приключения;Indie Boards & Cards, Лавка игр, Action Phase Games;;монстры, фэнтези
485;;Descent: Journeys in the Dark Second Edition — Labyrinth of Ruin;True;2013;8,39;8,11;0,28;22;1668;Descent-2ed-Labyrinth-of-Ruin;137842;6,51;14;7,77;7,44;;30;8,41;14;8,55;8,73;7,86;179;20;5;2;0;0;90;60;3;0;12;Приключения;Fantasy Flight Games;;фэнтези
486;;Glorantha: The Gods' War;False;2019;8,21;7,85;0,36;30;490;glorantha-the-gods-war;164702;5,872;14;7,76;7,49;;14;8,07;16;8,23;8,5;8,03;18;37;5;3;5;3;120;90;2;20;45;Война;Petersen Games;;ужасы, сказочная, монстры, магия, фэнтези
487;;Bullet: Star;False;2022;8,15;7,95;0,2;35;1192;1bullet;343844;6,332;13;7,76;7,51;1915;7;7,74;18;8,43;7,94;8,49;282;74;4;1;0;0;0;15;4;0;22;Война, Приключения;GaGa Games, Delight, Level 99 Games;построение шаблонов, melmac games, level 99 games, bullet, файтинг, аниме, gagagames, разные способности игроков, научная фантастика;
488;;A Few Acres of Snow;False;2011;7,91;7,37;0,54;91;8061;A-Few-Acres-of-Snow;79828;6,945;12;7,76;7,64;;21;7,79;41;8;7,84;8,01;79;66;2;2;2;2;120;30;3;0;84;Война, Карты;Mayfair Games, Treefrog Games;;историческая
489;;Замки безумного короля Людвига. Дополнения;True;2023;8,31;;;25;;castles-of-mad-king-ludwig-expansions;0;;15;7,76;7,46;2000;5;7,88;16;8,28;8,88;8,2;208;30;5;1;0;0;0;75;;0;4;Логические, Экономика;Crowd Games, Bézier Games, Inc.;дополнение;строительство, средние века
490;291;Билет на поезд: Северные страны;True;2007;7,79;7,62;0,17;467;14744;ticket-to-ride-nordic-countries;31627;7,305;8;7,76;7,73;1265;84;7,15;152;8,15;8,43;7,44;1095;434;3;2;3;2;45;30;16;5;84;Экономика;Hobby World, Lautapelit.fi, Days of Wonder;скандинавия, дания, норвегия, швеция, финляндия, набор комбинаций, поезда, индивидуальные задания, победные очки;транспорт
491;289;Azul. Летний дворец;False;2019;7,79;7,58;0,21;409;18257;azul-summer-pavilion;287954;7,308;8;7,76;7,73;1350;34;7,36;137;7,85;8,37;7,58;1053;472;4;2;4;2;45;30;22;10;61;Логические;Звезда, Next Move Games;азул, azul;абстрактная
492;;Apex Legends. Настольная игра;False;2024;8,31;7,87;0,44;25;131;apex-legends-the-board-game;380681;5,599;0;7,76;7,46;;7;7,92;14;8,44;8,44;8,44;64;19;4;2;0;0;120;90;1;0;30;Война;Glass Cannon Unplugged;по видеоигре;
493;;Shadows of Brimstone;True;2014;8,06;7,954;0,11;46;4037;Shadows-of-Brimstone;146791;6,898;12;7,76;7,56;;32;7,8;26;8,35;8,2;7,89;39;29;6;1;0;0;0;60;3;0;171;Приключения;Kickstarter, Flying Frog Productions;изменяемое игровое поле, разные способности игроков, кубик, кооперативная игра;дикий запад, ужасы
494;;Ужас Аркхэма. Ужас Кингспорта;True;2008;7,95;7,47;0,48;71;3159;kingsport;31536;6,584;12;7,76;7,61;1530;57;7,83;28;8,06;8,04;7,85;456;72;8;1;4;4;120;120;6;0;29;Приключения;HeidelBÄR Games, Nexus Games, Fantasy Flight Games, Edge Entertainment;ужас аркхэма;ужасы, фэнтези
495;;Аргент. Совет магов;False;2014;7,85;7,61;0,24;149;4607;argent-the-consortium;144797;6,9;10;7,76;7,68;;16;7,79;64;7,85;7,7;8,05;347;188;5;2;4;3;150;60;18;20;108;Война, Экономика;Choo Choo Games, Level 99 Games;argent;фэнтези
496;;Ост-Индская Компания;False;2022;7,9;7,46;0,44;94;974;east-india-companies;354132;6,065;12;7,76;7,64;;12;7,7;31;7,98;8,12;7,8;245;125;4;2;0;0;90;60;9;0;60;;Звезда, Фабрика игр, HUCH!;;
497;311;Мертвый сезон. Перекрестки;False;2014;7,77;7,45;0,32;1047;48015;dead-of-winter-a-crossroads-game;150376;7,283;16;7,76;7,74;;168;7,5;407;7,81;8,03;7,72;1948;884;5;2;5;3;90;60;61;10;346;Приключения;Crowd Games, Геменот, Plaid Hat Games;зомби;постапокалипсис, зомби
498;;"Остров духов: Промо-духи ""Сердце дикого огня"" и ""Дремлющий под Островом Змей""";True;2017;8,48;8,89;-0,41;19;1669;spirit-island-heart-of-the-wildfire-serpent-slumbering-beneath;232394;6,911;13;7,76;;200;11;8,37;12;8,32;8,58;8,63;158;18;4;1;2;2;120;90;1;45;4;Война, Экономика;;кооперативная;сказочная, магия, фэнтези
499;183;Доминион;False;2008;7,76;7,6;0,16;1093;94509;dominion;36218;7,476;8;7,75;7,74;1500;169;7,35;426;7,99;7,63;8,06;1908;961;4;2;4;2;50;25;58;15;314;Карты;Hobby World, Swan Panasia Co., Ltd., Stupor Mundi, Korea Boardgames, Lautapelit.fi, Hobby Japan, Filosofia Éditions, Devir, Bard, Hans im Glück, 999 Games, Rio Grande Games;создание колоды, компоненты игры в руке, выбор карт, колодостроительная игра;средние века, магия, фэнтези
500;208;Кубарем по Галактике;False;2014;7,77;7,57;0,2;593;32975;roll-for-the-galaxy;132531;7,415;13;7,75;7,73;;77;7,35;232;7,8;8,03;7,89;932;538;5;2;4;2;60;30;25;15;200;Азартные, Экономика;Crowd Games, Rio Grande Games;ширмы игроков, соревновательная, игральные кости, плитки, одновременные ходы, race for the galaxy, победные очки;космос, футуристика
;8;Серп. Металлические монеты;True;2016;7,86;8,92;-1,06;19;258;scythe-coins;211947;8,216;0;7,36;;;7;6,63;8;8,11;9,21;7,47;102;15;0;0;0;0;0;0;1;0;2;Приключения;Stonemaier Games, Crowd Games;;
;10;Серп. Реалистичные ресурсы;True;2016;7,25;9,03;-1,78;17;151;scythe-resources;238417;8,212;0;6,94;;;5;6,41;7;7,82;8,24;6,53;76;10;0;0;0;0;0;0;;0;2;Приключения;Crowd Games;;
;24;Tuscany Essential Edition;True;2016;8,07;8,541;-0,47;24;11226;Tuscany-Essential-Edition;202174;8,006;13;7,58;7,31;1500;2;7,71;14;8,5;8,38;7,67;40;16;6;1;0;0;150;60;;0;4;Экономика;Stonemaier Games;#tuscany, #stonemaier, #mastigo;сельское хозяйство, бизнес / промышленность, животные / природа
;34;Frosthaven;False;2021;7,18;8,77;-1,59;36;8996;Frosthaven;295770;7,959;12;7,01;6,9;;45;7,28;23;7,19;7,31;6,94;67;21;4;1;4;1;120;60;9;30;97;Приключения;Cephalofair Games;frosthaven, gloomhaven;фэнтези
;58;Dominion: Prosperity;True;2010;8,06;8,23;-0,17;30;15364;dominion-prosperity;66690;7,83;8;7,64;7,4;3180;14;7,9;17;8,3;8,23;7,8;87;31;4;2;4;2;45;30;3;15;7;Карты;Stupor Mundi, Lautapelit.fi, Hobby Japan, Hans im Glück, Filosofia Éditions, Devir, 999 Games, Rio Grande Games;составление колоды во время игры;средние века, фэнтези
;59;Экипаж: Погружение в Бездну;False;2021;7,67;8,08;-0,41;143;22615;the-crew-mission-deep-sea;324856;7,822;10;7,59;7,51;;13;7,52;43;7,94;7,8;7,42;408;203;5;2;0;0;0;20;5;0;55;;СтоИгр Екатеринбург, KOSMOS, Звезда;исследование морских глубин, преферанс, кооперативная;морское / водное
;61;Viticulture Essential edition;False;2015;7,81;7,97;-0,16;120;52835;Viticulture-Essential-Edition;183394;7,819;13;7,7;7,61;;16;7,48;46;7,78;8,38;7,58;128;75;6;1;0;0;90;90;;0;46;Экономика;Stonemaier Games, Лавка игр;;сельское хозяйство, бизнес / промышленность, животные / природа
;65;Гонка: Жара на трассе;False;2022;7,63;8,01;-0,38;197;34268;heat-pedal-to-the-metal;366013;7,795;0;7,57;7,52;;29;7,02;60;7,8;8,09;7,6;422;295;6;1;0;0;60;30;6;0;99;;Hobby World, Lord of Boards, Days of Wonder;;спортивная, транспорт
;66;Marvel Champions: The Card Game;False;2019;7,96;8,11;-0,15;64;26334;marvel-champions-the-card-game;285774;7,793;14;7,75;7,59;;10;7,72;28;8,25;8,31;7,56;97;62;4;1;0;0;90;45;3;0;48;Азартные;Fantasy Flight Games;;
;67;Крокинол;False;1867;7,63;8,05;-0,42;102;20009;Crokinole;521;7,79;15;7,52;7,43;5000;11;6,7;35;8,12;8,06;7,63;113;165;4;2;4;2;30;30;1;5;38;Война, Компанейские;Crowd Games;;абстрактная
;75;Ктулху: Смерть может умереть;False;0;7,79;8,19;-0,4;334;15412;DeathMayDie;253344;7,755;12;7,75;7,71;;46;7,11;123;8,06;8,55;7,43;686;356;5;1;0;4;90;60;13;30;155;Приключения;Hobby World, CMON Limited;cthulhu, ктулху;ужасы, монстры
;80;Пандемия. Наследие: Нулевой сезон;False;2020;5,82;8,356;-2,54;54;8909;Pandemic-Legacy-Season-0;314040;7,744;14;5,91;5,98;2600;11;5,74;19;5,98;5,81;5,74;136;33;4;2;0;0;60;45;3;0;26;Приключения;Стиль жизни, Z-Man Games;;медицина
;87;Oathsworn: Верные клятве. Тайны Темнолесья;False;2020;7,27;8,82;-1,55;82;6165;oathsworn-into-the-deepwood;251661;7,722;13;7,18;7,1;;19;7,1;36;7,12;7,57;7,27;226;83;4;1;0;0;120;90;11;0;109;Война, Карты, Приключения;Hobby World, Shadowborne Games;oathsworn: into the deepwood, shadowborne games, построение колоды, модульное игровое поле, менеджмент руки, броски кубиков, приключения, миниатюры;монстры, средние века, животные / природа, магия, фэнтези
;89;Спящие боги;False;2021;8,01;8,13;-0,12;205;14578;Sleeping-Gods;255984;7,71;13;7,93;7,87;2300;66;7,56;102;7,97;8,38;8,11;807;217;4;1;0;1;90;90;11;0;245;Приключения;Лавка игр, Games7Days, Red Raven Games;сторителлинг, события, испытай удачу, менеджмент руки, кооперативная игра;стимпанк, морское / водное, сказочная, животные / природа
;97;Энергосеть;True;2004;7,72;7,8;-0,08;626;68009;power-grid;2651;7,686;12;7,7;7,68;1300;104;7,79;196;7,78;7,65;7,66;1190;590;6;2;6;3;120;90;34;20;263;Экономика;Hobby World, Swan Panasia Co., Ltd., Stratelibri, Runadrake, Rio Grande Games, Lacerta, Korea Boardgames, Ideal Board Games, Edge Entertainment, Arclight, Albi, 999 Games, 2F-Spiele;;бизнес / промышленность, строительство
;98;Шарлатаны из Кведлинбурга;False;2018;7,76;7,81;-0,05;694;55729;die-quacksalber-von-quedlinburg;244521;7,671;10;7,74;7,72;1240;78;6,84;231;8,03;8,08;8,07;1601;805;4;2;4;2;45;30;21;8;245;Приключения;Лавка игр, Schmidt Spiele;;юмор, фэнтези
;111;Экипаж. Экспедиция к девятой планете;False;2019;7,46;7,77;-0,31;311;46098;die-crew-reist-gemeinsam-zum-9-planeten;284083;7,633;10;7,43;7,4;;27;7,19;77;7,7;7,57;7,36;767;353;5;3;4;4;20;20;14;0;94;Карты;Звезда, KOSMOS;освоение космоса, сбор сетов, кооперативная;космос, футуристика
;114;Ганзейский союз: Полное издание;False;2021;7,98;8,38;-0,4;340;6585;hansa-teutonica-big-box;286749;7,624;12;7,93;7,89;1500;45;7,87;148;8,23;7,87;7,94;752;401;5;3;5;3;90;45;10;15;188;Экономика;Звезда, Pegasus Spiele;;бизнес / промышленность, средние века
;116;Кровь на часовой башне;False;2019;7,58;8,37;-0,79;69;8862;blood-on-the-clocktower;240980;7,623;13;7,43;7,31;;10;7,62;31;7,68;7,84;7,16;94;130;20;5;12;8;120;30;;20;57;Компанейские;Лавка игр, The Pandemonium Institute;с ведущим, переговоры;призраки, ужасы, монстры, фэнтези
;123;Кланк! Подземное приключение;False;2016;7,66;7,77;-0,11;793;45575;clank;201808;7,605;12;7,64;7,63;;96;7;235;7,95;8,04;7,63;1436;906;4;2;4;2;90;60;27;10;346;Карты;Лавка игр, Renegade Game Studios;;фэнтези
;124;Fields of Arle;False;2014;7,99;8,03;-0,04;74;11908;fields-of-arle;159675;7,602;12;7,8;7,65;;33;8,16;35;8,14;8,11;7,57;109;62;2;1;2;2;120;60;6;30;127;Экономика;Z-Man Games, Feuerland Spiele;;сельское хозяйство, строительство
;125;The Descent: Journeys in the Dark Second Edition Conversion Kit;True;2012;7,93;8,13;-0,2;7;311;The-Descent-Journeys-in-the-Dark-Second-Edition-Conversion-Kit;104163;7,602;14;;;;4;7,29;2;8,71;8,43;7,29;50;3;5;2;0;0;120;60;4;0;;Приключения;Fantasy Flight Games;;магия, фэнтези
;129;El Grande;False;1995;7,8;7,77;0,03;101;31568;el-grande;93;7,589;12;7,68;7,57;1750;19;7,79;37;7,81;7,76;7,83;81;93;5;2;5;4;100;80;2;15;82;Война;Användbart Litet Företag, Descartes Editeur, Hans im Glück, 999 Games, Rio Grande Games;изменяемый порядок фаз хода, скрытая информация, аукцион, управление областями, одновременный выбор действий, разные способности игроков, компоненты игры в руке;политика, средние века
;131;Scout!;False;2019;7,48;7,81;-0,33;254;23673;Scout;291453;7,585;9;7,43;7,39;;16;7,06;45;7,81;7,6;7,45;762;390;5;3;0;0;0;15;5;0;32;Азартные;Oink Games, Onemoregame;;
;133;Concordia: Venus;False;2018;8,2;8,26;-0,06;28;7009;ConcordiaVenus;256916;7,575;12;7,73;7,45;;8;8,21;17;8,29;8,04;8,25;54;24;6;2;6;2;120;60;4;0;16;Экономика;Ediciones MasQueOca, Rio Grande Games, PD-Verlag;;древний мир
;134;Робинзон Крузо: Приключения на таинственном острове (1е издание);False;2016;8,05;7,74;0,31;19;43421;robinson-crusoe-adventure-on-the-cursed-island-first-edition;121921;7,573;10;7,48;;1810;;8,16;7;8,11;7,89;8,05;69;41;4;1;0;0;120;60;9;0;5;Приключения;Hobby World;;животные / природа
;136;Final Girl;False;2021;7,62;8,23;-0,61;37;9162;Final-Girl;277659;7,567;14;7,36;7,19;;18;7,14;17;7,62;7,86;7,86;101;37;1;1;0;0;60;20;1;0;63;Приключения;;;кино и ТВ, ужасы
;138;Through the Ages: A Story of Civilization;False;2006;8,07;7,82;0,25;107;19727;Through-the-Ages;25613;7,563;14;7,93;7,81;;31;8,51;57;8,12;7,71;7,93;115;116;4;2;4;2;240;240;5;45;99;Экономика;GaGa Games;;историческая
;139;Dominant Species;False;2010;7,77;7,8;-0,03;109;22023;Dominant-Species;62219;7,561;12;7,65;7,56;2010;24;8,02;42;7,81;7,42;7,83;113;79;6;2;5;2;0;180;4;0;94;Война, Приключения;Wargames Club Publishing, Udo Grebe Gamedesign, Filosofia Éditions, Asterion Press, GMT Games;размещение рабочих, движение по областям, выкладывание плиток, изменяемое игровое поле, управление областями, разные способности игроков;древний мир, животные / природа, историческая
;144;Pathfinder. Настольная ролевая игра. Путь приключений. Возвращение рунных властителей;False;2012;9,06;8,371;0,69;8;89;path-adv-rise-of-the-runelords;104213;7,549;13;;;;2;9,12;7;9,12;9,25;8,75;66;6;6;2;6;4;0;90;1;0;3;Приключения;Hobby World, Paizo Publishing;;фэнтези
;147;Ticket to Ride: USA 1910;True;2006;7,39;7,99;-0,6;57;11388;ticket-to-ride-usa-1910;24439;7,542;8;7,24;7,13;340;9;6,89;16;7,79;7,91;6,96;218;74;5;2;4;4;45;30;4;5;6;Экономика;Hobby World, Lautapelit.fi, Edge Entertainment, Days of Wonder;начало века, набор комбинаций, поезда, индивидуальные задания, америка, сша, победные очки;транспорт
;151;Unknown Armies;False;2002;8,64;7,99;0,65;9;110;unknown-armies;45650;7,529;19;;;;;8,78;7;8;8,56;9,22;5;4;6;2;3;3;380;120;;90;5;Приключения;Atlas Games;;супергерои, криминал, магия
;153;Dwellings of Eldervale;False;2020;7,72;8,13;-0,41;72;8734;dwellings-of-eldervale;271055;7,523;12;7,56;7,43;;23;7,42;25;7,67;8,15;7,64;63;86;5;1;4;3;150;60;3;0;97;Война, Карты;Breaking Games;dwellings of eldervale, breaking games, контроль территорий, модульное игровое поле, менеджмент руки, размещение рабочих, разные способности игроков, броски кубиков, миниатюры;фэнтези
;154;В поисках Эльдорадо;False;2017;7,62;7,71;-0,09;470;30064;quest-el-dorado;217372;7,522;10;7,59;7,57;;37;6,99;124;7,98;8,06;7,46;981;503;4;2;4;2;60;30;18;8;126;Приключения;Лавка игр, Ravensburger Spieleverlag GmbH;;древний мир
;155;Архитекторы западного королевства;False;2018;7,69;7,71;-0,02;587;31399;architects-of-the-west-kingdom;236457;7,521;12;7,67;7,65;1400;42;7,25;181;7,89;8,15;7,47;1109;624;5;1;4;4;80;60;21;15;142;Экономика;Лавка игр, Banana Games, Garphill Games;ассиметричные возможности игроков, драфт карт, размещение рабочих;средние века, историческая
;157;Mage Knight Board Game: The Lost Legion Expansion;True;2012;8,13;8,778;-0,65;32;3857;Mage-Knight-Board-Game-The-Lost-Legion;130704;7,515;14;7,72;7,46;;9;8,31;17;8,06;8,28;7,88;93;13;5;1;3;1;240;120;2;30;6;Приключения;WizKids;;магия, фэнтези
;160;Ра (обновлённое издание);False;2023;7,65;7,67;-0,02;90;29252;ra-25th;12;7,51;12;7,52;7,42;;11;7,03;25;7,76;8,31;7,51;225;147;5;2;5;3;60;45;3;0;20;Карты;Hobby World, 25th Century Games;;древний мир, историческая
;161;Ра;False;1999;6,89;7,67;-0,78;48;29252;Ra;12;7,51;10;6,81;6,75;2400;8;6,6;5;7,04;7,08;6,83;49;71;5;2;5;3;60;40;;10;40;;Rio Grande Games;;сельское хозяйство, древний мир, историческая
;163;Тигр и Евфрат;False;1997;7,5;7,7;-0,2;145;29477;tigris-and-euphrates;42;7,508;12;7,43;7,37;;32;7,66;37;7,55;7,23;7,54;190;125;4;2;4;3;90;90;2;25;93;Война;Смарт, Fantasy Flight Games, 999 Games;;историческая
;164;Завоеватели Северного моря;False;2015;7,54;7,73;-0,19;309;25693;raiders-of-the-north-sea;170042;7,508;12;7,5;7,47;1300;26;7,02;79;7,76;7,92;7,47;533;329;4;2;4;3;90;60;11;10;116;Экономика;Лавка игр, Crowd Games, Мосигра, Garphill Games;налётчики, рейдеры, воркерплейсмент, workerplacement, викинги, стратегия;сельское хозяйство, древний мир, средние века
;167;Puerto Rico: Limited Anniversary Edition;False;2011;7,66;8,317;-0,66;20;5931;puerto-rico-2011;108687;7,5;12;7,24;7,03;2002;9;7,45;7;7,65;8,2;7,35;22;9;5;2;5;3;90;60;;20;8;Экономика;Rio Grande Games, Alea;;сельское хозяйство, историческая
;168;Caylus;False;2005;7,71;7,71;0;169;29651;caylus;18602;7,499;12;7,64;7,57;1800;33;7,91;55;7,89;7,47;7,56;161;131;5;2;5;2;120;100;6;30;125;Экономика;Brain Games, Korea Boardgames, Rio Grande Games, Edge Entertainment, Ystari Games;средние века, строительство, средневековье;историческая, строительство
;172;Предел;False;2023;7,87;8,15;-0,28;136;8612;arcs;359871;7,496;14;7,77;7,68;;21;7,78;63;7,79;7,78;8,14;364;209;4;3;0;0;90;60;14;0;83;;Crowd Games, Leder Games;научная фантастика;космос
;173;Драконы;False;2024;7,94;7,99;-0,05;54;11870;wyrmspan;410201;7,493;14;7,7;7,52;;7;7,72;24;8,15;8,37;7,5;210;97;5;1;0;0;0;90;5;0;30;Карты;Stonemaier Games;драконы, бонусы в конце игры, соло режим, менеджмент руки;фэнтези
;177;Age of Steam;True;2002;7,71;7,86;-0,15;17;12175;age-of-steam;4098;7,486;12;7,22;;1900;10;7,88;3;8,06;7,24;7,65;14;19;6;1;4;4;120;90;;15;38;Экономика;Arclight, Quined White Goblin Games, Warfrog Games, Wargames Club Publishing, Winsome Games, Pegasus Spiele, Eagle Games;грузы, аукционы, роли, тайлы, перевозки, ж/д, кубики, акции, паровозы, победные очки;транспорт, строительство, историческая
;182;Пэчворк;False;2014;7,7;7,58;0,12;1743;71201;patchwork;163412;7,478;6;7,69;7,69;;111;7,04;539;7,85;7,97;7,93;4612;1534;2;2;2;2;20;15;24;10;190;;Нескучные игры, Crowd Games, Lookout Games, Mayfair Games;выбор карт, размещение тайлов;абстрактная
;187;Дюна: Империя - Бессмертие;True;2022;7,98;8,56;-0,58;44;4514;dune-imperium-immortality;367466;7,473;13;7,69;7,49;;7;7,91;23;8,23;8,07;7,7;510;95;4;1;4;2;120;60;5;15;10;;Лавка игр, Dire Wolf;;
;189;Русские железные дороги;False;2013;7,48;7,73;-0,25;236;18589;Russian-Railroads;144733;7,469;12;7,44;7,4;1720;29;7,44;64;7,67;7,63;7,17;391;219;4;2;4;2;120;90;14;20;89;Экономика;Mimoplay - интернет-магазин развивающих и настольных игр, Hobby World, Z-Man Games, Hans im Glück, Filosofia Éditions, 999 Games;бонусы в конце игры, размещение рабочих;транспорт
;195;Yokohama;False;2016;7,62;7,8;-0,18;42;13071;yokohama;196340;7,447;12;7,39;7,23;;10;7,48;14;7,79;7,64;7,57;32;48;4;2;3;3;90;90;1;30;60;;OKAZU Brand;;
;197;Кланк! В! Космосе!;False;2017;7,51;7,77;-0,26;59;15543;clank-in-space;233371;7,441;13;7,35;7,23;;10;7,05;10;7,85;7,78;7,37;127;86;4;2;0;0;0;60;8;0;31;Приключения;Dire Wolf;paul dennen, clank!;инопланетяне, пираты, космос
;199;Намёк понял;False;2018;7,05;7,6;-0,55;316;32329;just-one;254640;7,44;8;7,03;7,01;;32;6,2;34;7,57;7,51;6,93;676;459;7;3;7;4;20;20;4;2;81;Компанейские;Стиль жизни, Repos Production;игра для вечеринок, кооперативная игра;абстрактная
;200;Кодовые Имена XXL;False;2019;7,63;7,532;0,1;17;99325;Codenames-XXL;178900;7,437;10;7,17;;600;3;7,35;4;7,71;8;7,47;58;34;8;2;0;0;30;30;3;0;;Логические;Czech Games Edition, GaGa Games;codenames, кодовые имена, пати-гейм, слова, ассоциации, gagagames, для компании;шпионы
;201;Кодовые имена;False;2015;7,46;7,53;-0,07;1281;99325;codenames;178900;7,437;12;7,45;7,44;500;79;6,78;316;7,88;7,62;7,57;3434;1618;12;2;8;6;0;15;34;5;133;Компанейские;GaGa Games, Czech Games Edition;тайные агенты, пати-гейм, кодовые имена, codenames, шпионы, слова, gagagames, для компании;шпионы
;203;Чемпионы Мидгарда;False;2015;7,64;7,71;-0,07;465;18339;Champions-of-Midgard;172287;7,426;10;7,61;7,59;1950;46;7,07;135;7,88;8,09;7,5;859;474;4;2;4;2;90;60;22;15;198;Война, Приключения;Лавка игр, Grey Fox Games;викинги, ассиметричные возможности игроков, сбор сетов, размещение рабочих, броски кубиков;монстры, средние века, магия, фэнтези
;204;Тайны Эхосферы;False;2017;7;7,97;-0,97;5;115;tayny-ekhosfery;223147;7,424;0;;;;1;6,8;2;7,2;7;7;27;5;0;2;0;0;0;180;;0;2;Приключения;Free League Publishing, Studio 101;;роботы, футуристика, историческая
;206;Раджи Ганга;False;2017;7,77;7,73;0,04;243;15359;rajas-ganges;220877;7,419;10;7,72;7,67;;19;7,39;87;7,91;8,08;7,71;451;253;4;2;4;2;75;45;7;10;97;Экономика;Фабрика игр, HUCH!;;восточная, строительство
;207;Вал Адриана;False;2020;7,67;7,9;-0,23;68;9706;hadrians-wall;304783;7,418;12;7,51;7,38;;7;7,53;27;7,9;7,66;7,59;217;103;6;1;0;0;60;45;5;0;49;Война;Лавка игр, Garphill Games;;
;209;PARKS;False;2019;7,36;7,64;-0,28;149;29052;parks;266524;7,415;9;7,3;7,25;;49;6,58;46;7,18;8,43;7,26;190;196;5;1;4;2;60;30;5;0;155;Приключения;Лавка игр, Keymaster Games;природа, америка, экология;животные / природа
;210;Пандемия;False;2008;7,43;7,52;-0,09;1697;131523;pandemic;30549;7,414;10;7,42;7,42;;219;6,82;386;7,55;7,73;7,62;3761;1613;4;2;4;4;60;40;72;15;386;Логические, Приключения;Стиль жизни, Pegasus Spiele, Z-Man Games, Взрослые дети;кооперативная, pandemic;медицина
;211;Pandemic: 10th Anniversary Edition;False;2008;7,94;7,522;0,42;4;131523;PANDEMIC-10TH-ANNIVERSARY;30549;7,414;8;;;2726;;7,75;1;8;8;8;12;7;4;2;4;4;60;45;;15;;Война, Компанейские, Приключения;Z-Man Games;10th, юбилейный выпуск, anniversary edition, коллекционное издание, anniversary, юбилейное издание, фигурки, pandemic, пандемия;медицина
;212;Targi;False;2012;7,57;7,6;-0,03;116;25576;targi;118048;7,41;12;7,48;7,4;;27;7,41;38;7,72;7,47;7,67;163;138;0;2;0;2;0;60;4;0;85;Карты;Galakta, Devir, Stupor Mundi, White Goblin Games, Filosofia Éditions, Z-Man Games, 999 Games, KOSMOS;andreas steiger, targi;восточная, историческая
;213;Magic: The Gathering;False;1993;7,59;7,59;0;555;41795;magic-the-gathering;463;7,409;13;7,57;7,55;;9;7,57;193;7,49;7,55;7,75;1027;541;8;2;2;2;0;20;30;0;40;Война, Карты;Wizards of the Coast;;фэнтези, магия
;214;Звёздные империи;True;2013;7,42;7,55;-0,13;1221;46862;star-realms;147020;7,405;12;7,41;7,4;320;47;6,98;271;8,02;7,65;7,02;2741;1206;2;2;2;2;30;15;22;5;137;Карты;Hobby World, Wise Wizard Games;колодострой, менеджмент руки;космос
;215;Terra Mystica: Fire & Ice;True;2014;8,25;8,403;-0,15;40;4494;terra-mystica-fire-ice;161317;7,404;12;7,88;7,63;;24;8,32;22;8,32;8,68;7,68;184;46;5;2;0;0;150;100;2;0;16;Экономика;;;
;216;Картографы;False;2019;7,43;7,57;-0,14;837;33840;Cartographers-A-Roll-Player-Tale;263918;7,402;10;7,42;7,41;410;25;6,91;143;7,66;7,7;7,44;2337;915;99;1;4;3;45;30;20;15;116;Компанейские;Hobby World, Thunderworks Games;;фэнтези
;217;Res Arcana;False;2019;7,73;7,63;0,1;719;24489;Res-Arcana;262712;7,402;12;7,71;7,69;680;66;7,55;248;7,84;8,12;7,39;1279;812;4;2;2;2;60;20;16;10;258;Карты;Geekach Games, GaGa Games, Rebel, Sand Castle Games;res arcana, волшебство, менеджмент руки, драфт карт, магия, gagagames, карточная;магия, фэнтези
;219;Смешанный лес;False;2023;7,64;7,73;-0,09;205;15675;forest-shuffle;391163;7,401;10;7,58;7,53;;19;7,38;48;7,9;7,82;7,45;538;309;5;2;2;2;60;40;4;0;64;Карты;Стиль жизни, Lookout Games;;животные / природа
;220;Билет на поезд: Европа;True;2005;7,7;7,53;0,17;2044;81972;ticket-ride-europe;14996;7,401;8;7,69;7,69;1500;181;7,04;554;8,12;8,64;6,99;5290;1967;5;2;4;4;60;40;37;10;173;Экономика;Lord of Boards, Мосигра, Hobby World, Lautapelit.fi, Edge Entertainment, Days of Wonder;европа, 2005, начало века, набор комбинаций, поезда, индивидуальные задания, победные очки;транспорт
;222;Неизвестная планета;False;2022;7,78;7,78;0;256;12202;planet-unknown;258779;7,397;13;7,73;7,68;3800;30;7,39;78;7,93;8,08;7,73;572;352;6;1;4;3;80;60;12;10;119;Логические, Экономика;Crowd Games, Adam's Apple Games, LLC;planet unknown, adam's apple games llc, исследование космоса, драфт карт, научная фантастика, одновременный выбор действий, размещение тайлов, разные способности игроков;компьютеры, футуристика, космос
;224;Неустрашимые: Нормандия;False;2019;7,63;7,78;-0,15;461;13359;Undaunted-Normandy;268864;7,397;14;7,6;7,58;1000;23;7,23;129;7,82;7,83;7,66;1118;442;2;2;2;2;60;45;30;10;139;Война;Lord of Boards, GaGa Games, Osprey Games;колодострой, историческая, вторая мировая, модульное поле, война, gagagames, варгейм;вторая мировая
;225;Каркассон. Таверны и Соборы;True;2002;7,59;7,64;-0,05;178;22655;Carcassonne-Inns-and-Cathedrals;2993;7,396;8;7,53;7,47;260;8;7,26;44;7,89;7,8;7,4;692;208;6;2;5;2;45;45;1;5;6;Экономика;Hobby World, 999 Games, Albi, Bergsala Enigma, Devir, Filosofia Éditions, Hans im Glück, Ísöld ehf., Lautapelit.fi, Venice Connection, Rio Grande Games;;средние века, строительство
;226;Этот безумный мир;False;2019;7,62;7,64;-0,02;328;21736;its-a-wonderful-world;271324;7,395;14;7,58;7,55;;15;7,49;82;7,84;7,91;7,22;605;472;5;1;4;3;60;40;18;10;102;Карты;Эврикус, Origames, La Boîte de Jeu;it's a wonderful world, origames, la boite de jeu, научная фантастика, драфт карт, карточная игра;изобретения, киберпанк, политика, бизнес / промышленность, футуристика
;232;Прага: Сердце империи;False;2020;7,94;7,86;0,08;257;9893;praga-caput-regni;308765;7,384;12;7,88;7,83;2895;26;7,86;120;7,99;8,17;7,75;524;308;4;1;3;3;120;45;18;20;140;Экономика;Hobby World, Fox in the Box, Delicious Games;бонусы в конце игры, рондель, большинство на территориях, размещение тайлов;строительство, средние века
;233;Покорение Марса. Экспедиция «Арес»;False;2021;7,61;7,65;-0,04;347;19815;terraforming-mars-ares-expedition;328871;7,381;14;7,58;7,54;1500;17;7,53;113;7,79;8,06;7,06;823;442;4;1;3;3;60;45;13;20;79;Карты;Лавка игр, Stronghold Games, FryxGames;асимметричные возможности игроков, одновременные действия, менеджмент руки;футуристика, космос
;235;Стамбул;False;2014;7,76;7,54;0,22;428;32890;Istanbul;148949;7,378;10;7,73;7,7;;65;7,34;143;7,93;8,01;7,75;604;406;5;2;0;0;0;50;9;0;170;Экономика;Hobby World, CrowdRepublic, Matagot, Asterion Press, Alderac Entertainment Group (AEG), Pegasus Spiele, White Goblin Games;;арабская, восточная, бизнес / промышленность
;241;Legendary Encounters: An Alien Deck-Building Game;False;2014;7,89;7,754;0,14;85;13515;Legendary-Encounters-An-Alien-Deck-Building-Game;146652;7,374;17;7,73;7,61;;19;7,48;35;8,29;8,22;7,56;98;57;5;1;5;1;45;45;;20;69;Карты, Приключения;Upper Deck;колодостроительная игра, кооперативная игра;инопланетяне, футуристика, ужасы, монстры, космос
;242;Виконты западного королевства;False;2020;7,76;7,81;-0,05;259;10883;Viscounts;296151;7,373;12;7,71;7,66;;11;7,59;85;7,81;7,93;7,7;679;279;4;1;4;3;90;60;27;10;62;Экономика;Лавка игр, Garphill Games;;средние века
;245;Хитрый ход;True;2018;7,57;7,56;0,01;317;26601;ganz-schn-clever;244522;7,369;8;7,53;7,5;315;22;7,27;73;7,9;7,61;7,49;571;344;4;1;4;1;30;30;4;5;94;Азартные;СтоИгр Екатеринбург, Лавка игр, Schmidt Spiele;roll and write, pretty clever, ganz schön clever, ganz schon clever;абстрактная
;246;Radlands. Земля руин;False;2021;7,71;7,78;-0,07;127;12911;radlands;329082;7,369;14;7,61;7,53;550;12;7,35;38;7,77;8,17;7,54;305;172;2;2;2;2;40;20;8;0;68;;Лавка игр, Roxley Games;;постапокалипсис
;248;Серп. Расширение игрового поля;True;2016;6,98;8,1;-1,12;18;179;scythe-game-board-extension-;207791;7,366;12;6,77;;;12;6,06;4;7,61;7,67;6,56;145;15;7;1;7;6;0;0;1;1;1;Война;;;
;249;Jaipur;False;2009;7,22;7,48;-0,26;570;55648;jaipur;54043;7,366;12;7,21;7,19;;64;6,61;93;7,54;7,76;6,99;1110;519;2;2;2;2;30;20;12;10;122;Карты, Экономика;Rebel, GameWorks SàRL;для двоих, рынок, торговля, собирание наборов;бизнес / промышленность, историческая
;250;Шарлатаны из Кведлинбурга: Ведьмы-травницы;True;2019;7,68;8;-0,32;125;6983;the-quacks-of-quedlinburg-the-herb-witches;269259;7,364;10;7,59;7,5;960;15;7,18;32;7,9;7,91;7,71;748;135;5;2;5;2;50;30;8;10;19;Приключения;Лавка игр, 999 Games, Schmidt Spiele;;юмор, магия, фэнтези
;251;Legendary: Dark City;True;2013;8,02;8,24;-0,22;17;5416;Legendary-Marvel-DBG-Dark-City;137762;7,362;14;7,42;;1000;6;7,82;6;8,41;8,24;7,59;74;16;5;1;3;3;0;45;1;0;10;Карты;Upper Deck;по комиксам, marvel, колодостроительная игра, кооперативная игра;супергерои
;252;Бумажные кварталы;False;2018;7,5;7,51;-0,01;609;33444;Welcome-To;233867;7,359;8;7,48;7,47;;38;6,94;125;7,78;7,72;7,57;1370;750;12;1;7;3;30;20;18;7;140;Логические, Экономика;Blue Cocker Games, SD Games, Dude Games, Deep Water Games, Стиль жизни;;строительство
;254;Earth;False;2023;7,6;7,64;-0,04;5;18997;earth;350184;7,358;13;6,96;;;;7,8;1;8;7,4;7,2;8;7;5;1;2;2;90;45;1;0;;;;;
;255;Земля;False;2023;7,46;7,64;-0,18;161;18997;Earth;350184;7,358;13;7,4;7,34;;;7,8;1;8;7,4;7,2;8;7;5;1;0;0;90;30;1;0;;;;;
;264;War of the Ring;True;2004;7,86;7,78;0,08;57;10888;war-of-the-ring;9609;7,344;12;7,64;7,48;;18;7,88;30;7,91;8,07;7,58;64;32;4;2;2;2;240;180;;0;78;Война;Ares Games, Fantasy Shop, Kaissa Chess & Games, Sophisticated Games, Tilsit, Phalanx Games, Nexus Games, Fantasy Flight Games, Devir, Asmodée;;фэнтези
;267;Поляна;False;2021;7,81;7,71;0,1;212;12699;meadow;314491;7,336;10;7,75;7,69;1700;16;7,31;82;7,85;8,49;7,6;533;264;4;1;2;2;90;60;11;10;83;Карты;Hobby World, Rebel Sp. z o.o.;сбор сетов, драфт карт, менеджмент руки;животные / природа
;269;Memoir '44;False;2004;7,54;7,53;0,01;394;31201;memoir44;10630;7,335;8;7,51;7,48;;59;6,88;108;7,76;8,23;7,27;568;256;2;2;2;2;60;30;17;15;134;Война;Days of Wonder;rfm44, ричард борг, гексы, вторая мировая война, card driven game, варгейм, миниатюры;вторая мировая, историческая
;270;Красный Собор;False;2020;7,56;7,67;-0,11;224;14434;the-red-cathedral;227224;7,333;10;7,52;7,47;;13;7,25;54;7,72;7,71;7,56;674;300;4;1;3;3;120;30;13;10;79;;GaGa Games, Devir, Devir Games;ресурсы, строительство, история, gagagames;строительство, историческая
;272;Каркассон. Купцы и зодчие;True;2003;7,56;7,62;-0,06;144;17834;Carcassonne-Traders-and-Builders;5405;7,327;8;7,48;7,42;260;4;7,23;35;7,83;7,78;7,36;549;154;6;2;4;2;50;45;;10;8;Экономика;Hobby World, Filosofia Éditions, 999 Games, Bergsala Enigma, Devir, Hans im Glück, Ísöld ehf., Lautapelit.fi, MINDOK, Venice Connection, Rio Grande Games;;средние века, строительство
;273;Саграда;False;2017;7,72;7,47;0,25;888;45332;sagrada;199561;7,327;13;7,71;7,69;1300;94;7,11;285;7,69;8,29;7,78;2190;1031;4;1;4;2;45;30;18;5;215;Азартные, Логические;Crowd Games, Floodgate Games;паттерн, узор, саграда фамилия, гауди, витраж, собор, красота, архитектура, стекло, абстракт, одиночный режим, пасьянс, барселона, дизайн, искусство, логика, испания, художник;культура / искусство, строительство, абстрактная, историческая
;274;Современное искусство;False;1992;7,27;7,52;-0,25;184;24320;modern-art;118;7,324;10;7,23;7,18;360;29;6,85;25;7,38;7,68;7,18;297;201;5;3;5;3;60;40;4;10;75;Карты, Экономика;Лавка игр, Oink Games, Wargames Club Publishing, Rebel, Pegasus Spiele, Odysseia Jogos, Mayfair Games, Matagot, Lautapelit.fi, Kaissa Chess & Games, Hans im Glück;аукцион, биржа, управление рукой карт;культура / искусство
;276;Космобаза;False;2018;6,91;7,54;-0,63;198;21822;space-base;242302;7,32;14;6,89;6,86;;7;6,54;22;7,24;7,14;6,72;342;267;5;2;4;2;75;30;11;20;48;Карты, Классика;Лавка игр, Alderac Entertainment Group (AEG);;космос
;277;Cosmic Encounter;False;1976;7,65;7,51;0,14;235;34234;1cosmic-encounter;39463;7,32;12;7,6;7,55;1600;64;7,22;88;7,74;7,8;7,84;248;225;5;3;5;4;120;60;5;0;215;Война;Fantasy Flight Games, Edge Entertainment;;инопланетяне
;278;Agricola: Farmers of the Moor Expansion;True;2009;7,98;8,05;-0,07;22;5996;Agricola-Farmers-of-the-Moor;43018;7,319;12;7,49;7,23;725;11;7,73;10;8,27;8,05;7,86;75;15;5;1;4;3;120;90;1;20;14;Экономика;999 Games, Hobby Japan, HomoLudicus, Lacerta, Lookout Games, MINDOK, Stratelibri, Swan Panasia Co., Ltd., Ystari Games, Z-Man Games;;сельское хозяйство, строительство
;279;Замки безумного короля Людвига;True;2014;7,74;7,51;0,23;571;26927;castles-of-mad-king-ludwig;155426;7,318;13;7,72;7,69;1200;111;7,3;201;7,9;7,82;7,95;1123;541;4;1;4;3;90;60;15;10;238;Логические, Экономика;Crowd Games, Геменот, Bezier Games;пространственное мышление, тетрис, пазл, рынок, экономика, аукцион;строительство, средние века
;280;Star Wars: The Deckbuilding Game;True;2023;7,48;7,83;-0,35;39;9347;star-wars-the-deckbuilding-game;374173;7,316;8;7,26;7,11;;8;7,08;9;7,82;8,05;6,95;62;45;2;2;2;2;30;30;1;0;22;Карты;Fantasy Flight Games;;
;282;Палео;False;2020;7,77;7,67;0,1;323;14728;paleo;300531;7,312;10;7,73;7,69;1660;38;7,22;115;7,8;8,06;8,02;783;423;4;2;2;2;90;60;13;15;177;Приключения;Hobby World, Hans im Glück, Z-Man Games, Giochi Uniti, 999 Games;доисторические времена, кооперативная игра;древний мир
;283;Сопротивление: Авалон;False;2012;7,56;7,5;0,06;238;35467;the-resistance-avalon;128882;7,312;13;7,51;7,47;450;26;7,42;77;8,01;7,71;7,1;430;261;10;5;0;0;0;30;6;0;96;Компанейские;Kickstarter, Indie Boards & Cards;командная, голосование;фэнтези, средние века
;287;Railroad Tycoon;True;2005;7,73;7,67;0,06;12;12491;Railroad-Tycoon;17133;7,309;12;7,13;;;5;7,5;4;7,67;8,33;7,42;8;8;6;2;6;3;180;90;1;45;8;Экономика;Winsome Games, Edge Entertainment, Eagle Games;прокладка маршрутов, доставка грузов, определенное количество действий, выбирание карт, выкладывание плиток, аукцион;транспорт, строительство
;290;Horrified;False;2019;7,18;7,61;-0,43;47;18716;Horrified;282524;7,307;10;7,04;6,95;;10;6,43;8;7,21;7,94;7,13;54;51;5;1;0;0;60;60;4;0;64;Приключения;Ravensburger North America;кооперативная игра;кино и ТВ, ужасы
;295;Dominion: Dark Ages;False;2012;7,71;7,98;-0,27;17;6567;dominion-dark-ages;125403;7,301;13;7,22;;;8;7,65;8;8,24;7,65;7,29;49;18;4;2;4;2;45;30;2;15;9;Карты;999 Games, Filosofia Éditions, Hobby Japan, Lautapelit.fi, Rio Grande Games;дональд ваккарино, средние века, средневековье, доминион, dominion, составление колоды во время игры;средние века
;298;Carcassonne: Big Box 3;True;2010;8,11;7,41;0,7;18;134783;carcassonne-big-box-3;822;7,296;8;7,5;;;3;7,11;9;8,5;8,5;8,33;53;10;6;2;6;5;120;40;;5;;Экономика;Filosofia Éditions, Hans im Glück, Rio Grande Games;;строительство, средние века
;299;Каркассон;True;2000;7,53;7,41;0,12;2462;134783;carcassonne;822;7,296;8;7,53;7,52;570;117;6,89;624;7,78;7,82;7,63;5689;2593;5;2;5;3;40;40;52;3;172;Экономика;Baku Geek Game, Tabulagames.ru, Hobby World, Rio Grande Games, Brain Games, Hans im Glück;выкладывание плиток, управление областями;строительство, средние века
;300;Капитан Сонар;False;2016;7,66;7,51;0,15;223;22844;captain-sonar;171131;7,295;14;7,61;7,56;2500;54;6,95;72;7,74;7,76;8,17;355;325;8;2;8;6;60;45;9;10;209;Война, Компанейские, Логические;Choo Choo Games, Crowd Games, Matagot, Asmodée;доверие, навигация, выслеживание, кооперация, тимбилдинг, координация, рисование, подводная лодка, командная, в реальном времени;современная война, морское / водное
;301;Роскошь;False;2014;7,47;7,42;0,05;975;86417;Splendor;148228;7,293;8;7,46;7,45;;113;6,83;227;7,7;8,13;7,21;1829;1153;4;2;4;3;35;20;21;5;196;;Стиль жизни, Space Cowboys;роскошь, splendor;
;302;Пригород;False;2021;7,69;7,46;0,23;166;26057;suburbia-2nd;123260;7,29;14;7,62;7,55;1500;24;7,27;45;7,81;8,1;7,58;515;233;4;1;4;2;90;60;12;12;85;Экономика;Bezier Games, Crowd Games;пригород, урбанизм, инфраструктура, градостроительство, suburbia;бизнес / промышленность, строительство
;303;Commands & Colors: Ancients;False;2006;7,83;7,78;0,05;84;9022;commands-and-colors-ancients;14105;7,29;12;7,66;7,54;;22;7,33;31;8,26;7,99;7,75;133;68;2;2;2;2;0;60;3;20;56;Война;GMT Games;военные карты, изменяемое игровое поле, компоненты игры в руке, гексы, кубик;древний мир, историческая
;304;Летопись;False;2011;7,7;7,49;0,21;447;24035;village;104006;7,289;12;7,67;7,64;1340;78;7,49;154;7,73;7,91;7,67;667;347;4;2;4;2;90;60;17;15;165;Экономика;Tasty Minstrel Games, Звезда, Pegasus Spiele, Gigamic, Eggertspiele;жетоны из мешка, соревновательная, выставление работников, набор комбинаций, победные очки;сельское хозяйство, средние века
;305;13th Age;False;2013;6,75;7,905;-1,16;1;131;13th-age;143271;7,287;0;;;;;7;;7;7;6;2;;0;0;0;0;0;0;;0;1;Приключения;Pelgrane Press;;фэнтези
;307;Andromeda’s Edge;False;2022;8,18;8,33;-0,15;23;4424;andromedas-edge;358661;7,285;14;7,64;7,35;;8;8,17;12;8,04;8,65;7,87;57;38;5;1;0;0;200;40;1;0;51;Война, Карты, Приключения;Cardboard Alchemy;andromeda's edge, cardboard alchemy, контроль областей, размещение рабочих, космос, разные способности игроков, менеджмент руки, броски кубиков;инопланетяне, футуристика, космос, монстры
;309;Aeon's End: Legacy;False;2018;8,12;8,06;0,06;25;5620;aeons-end-legacy;241451;7,284;14;7,63;7,36;;4;7,8;15;8,36;8,28;8,04;33;16;4;1;4;1;90;45;;0;22;Приключения;Indie Boards & Cards;;постапокалипсис, магия, фэнтези
;310;Тичу;False;1991;6,73;7,58;-0,85;46;16378;Tichu;215;7,283;12;6,67;6,63;;6;7,04;7;7,13;6,63;6,11;116;47;6;3;4;4;60;60;5;30;28;Азартные;Hobby World, Abacusspiele;;абстрактная
;313;Trickerion: Collector's Edition;False;2019;8,27;8,748;-0,48;14;2893;trickerion-collectors-edition;255668;7,282;14;7,49;;4500;1;8,21;9;8,21;8,57;8,07;18;10;4;1;4;3;180;60;;0;4;;Mindclash Games, Corax Games;trickerion, kickstarter;
;314;Немезида: Набор ландшафта;True;2019;8,21;8,25;-0,04;17;59;nemesis-terrain-expansion;272953;7,281;12;7,54;;;7;8,18;10;8,24;8,41;8;123;13;5;1;0;0;180;90;2;0;2;Война, Приключения;Rebel, Awaken Realms;terrain expansion, террейн, nemesis, awaken realms, дополнение;компьютеры, инопланетяне, ужасы, монстры, космос, футуристика
;317;Таверны Тифенталя;False;2019;7,58;7,58;0;285;16114;Die-Tavernen-im-Tiefen-Thal;269207;7,276;10;7,55;7,51;1500;28;7,09;67;7,67;7,91;7,64;531;350;4;2;4;2;60;40;11;12;111;Экономика;Лавка игр, Schmidt Spiele;;бизнес / промышленность, средние века
;318;Нидавеллир;False;2020;7,66;7,57;0,09;369;15303;nidavellir;293014;7,275;10;7,63;7,6;;27;7,23;93;7,85;7,88;7,67;663;489;5;2;5;3;45;30;19;10;98;Карты;Hachette Boardgames USA, Pegasus Spiele, Эврикус;;фэнтези
;319;Звёздные империи: Колониальные войны;True;2015;7,62;7,79;-0,17;242;8605;star-realms-colony-wars;182631;7,268;0;7,57;7,53;;15;7,36;53;8,15;7,82;7,16;1102;222;4;2;2;2;0;0;8;10;23;Карты;Hobby World, Wise Wizard Games;;космос
;322;Ticket to Ride;False;2004;7,42;7,39;0,03;681;95255;ticket-to-ride;9209;7,266;8;7,41;7,39;1300;146;6,66;140;7,54;8,05;7,41;1043;977;5;2;4;4;45;30;20;10;200;Экономика;Hobby World, От и До, Bandai, Lautapelit.fi, Edge Entertainment, Days of Wonder;индивидуальные задания, набор комбинаций, победные очки;транспорт
;324;Вампиры: Маскарад. Классические правила;False;2011;8,48;8,191;0,29;10;73;VoD-anniversary;107412;7,264;18;7,44;;;1;8,5;4;8,4;8,5;8,5;52;11;8;3;5;4;500;120;1;120;8;Приключения;CrowdRepublic, White Wolf, Ulisses Spiele, Raven Distribution, Nosolorol Ediciones, Arkhane Asylum Publishing;;вампиры, политика, криминал, ужасы, магия, фэнтези
;325;Coimbra;False;2018;7,69;7,61;0,08;78;12602;coimbra;245638;7,264;14;7,54;7,43;;17;7,44;24;7,68;8,05;7,58;83;92;4;2;4;2;90;60;1;0;91;Экономика;Choo Choo Games, Eggertspiele;;политика, строительство, средние века, историческая
;326;Вторжение с небес;False;2020;7,57;7,62;-0,05;104;13046;under-falling-skies;306735;7,263;8;7,47;7,38;1200;14;7,1;22;7,54;7,76;7,88;344;87;1;1;1;1;40;20;6;10;58;Азартные;GaGa Games, Czech Games Edition;оборона, одиночная игра, сценарии, соло, gagagames, кубики, космос, стратегия;инопланетяне, роботы, футуристика, космос
;327;КЛАСК;False;2014;7,86;7,63;0,23;116;11595;klask;165722;7,261;5;7,74;7,65;;30;6,27;49;8,72;8,29;8,15;223;143;2;2;2;2;10;10;1;1;85;;Competo / Marektoy, Game Factory, Gigamic, ИнтерХит;;абстрактная
;328;Мой город;False;2020;7,77;7,6;0,17;142;12526;my-city;295486;7,258;10;7,68;7,6;;32;7,34;49;8,02;8,01;7,71;312;177;4;2;4;4;30;30;1;0;103;Экономика;Звезда, KOSMOS;legacy;бизнес / промышленность, строительство
;329;Котики;False;2020;7,59;7,5;0,09;354;21898;calico;283155;7,258;13;7,56;7,53;1600;19;7,36;88;7,57;8,12;7,33;858;500;4;1;3;3;45;30;3;10;87;Логические;Flatout Games, Crowd Games;calico, logic, cats, puzzle, пазл, strategy, котики, логика, головоломка;животные / природа, абстрактная
;330;Secret Hitler;False;2016;7,29;7,5;-0,21;332;32375;secret-hitler;188834;7,257;14;7,26;7,24;;38;6,84;90;7,61;7,58;7,14;552;482;10;5;10;7;20;10;3;3;87;Компанейские;;secret hitler, скрытые роли, голосование, мафия;политика
;332;Camel Up (Русское издание);False;2018;7,59;7,56;0,03;248;16030;camel-up-20;260605;7,253;8;7,54;7,5;1200;19;6,39;59;7,8;8,48;7,69;564;298;8;3;6;5;45;30;14;10;60;Приключения;СтоИгр Екатеринбург, Choo Choo Games, Eggertspiele;;арабская, спортивная, животные / природа, юмор
;333;Дальше и ближе;False;2017;7,67;7,66;0,01;152;10930;near-and-far;195421;7,253;13;7,59;7,52;;43;7,2;49;7,64;8,03;7,82;531;159;4;2;4;2;120;60;33;10;157;Приключения, Экономика;Лавка игр, Red Raven Games;;сельское хозяйство, сказочная, строительство
;336;Memoir '44: Tactics & Strategy Guide;True;2011;5,33;8,62;-3,29;3;41;Memoir44-The-Tactical-and-Strategic-Guide;144211;7,251;0;;;;;5,33;1;5,33;5,33;5,33;5;1;0;0;0;0;0;0;;0;;Война;Days of Wonder;руководство;вторая мировая
;337;Combat Commander: Europe;False;2006;7,81;7,96;-0,15;69;6034;combat-commander-europe;21050;7,247;12;7,63;7,49;;8;7,51;34;7,97;8;7,74;84;50;2;2;2;2;0;120;2;0;73;Война;GMT Games;изменяемый порядок фаз хода, военные карты, имитация, гексы;вторая мировая, историческая
;339;Волшебные королевства;False;2017;7,17;7,51;-0,34;289;17272;fantasy-realms;223040;7,245;10;7,14;7,12;360;20;6,71;42;7,59;7,31;7,07;492;343;6;2;5;3;30;20;2;10;66;Карты;Лавка игр, WizKids;;магия, фэнтези
;340;Остров юрского периода;False;2017;7,41;7,54;-0,13;120;16813;dinosaur-island;221194;7,245;10;7,33;7,27;2464;21;7,14;26;7,62;7,38;7,48;174;131;4;1;4;2;150;60;11;0;75;Экономика;Pandasaurus Games;динозавры;микромир, динозавры, строительство
;341;Thunder Road: Vendetta;False;2022;7,26;7,94;-0,68;30;6075;ThunderRoadVendetta;342070;7,244;0;7,04;6,92;;6;6,2;7;7,6;7,83;7,4;32;54;4;2;4;4;75;45;2;0;15;Война;Hobby World, Restoration Games;;постапокалипсис, транспорт
;342;Ла-Гранха;False;2014;7,77;7,6;0,17;289;11654;la-granja;146886;7,242;12;7,72;7,68;1300;34;7,93;102;7,93;7,67;7,55;443;279;4;1;4;1;120;90;14;15;197;Экономика;Stronghold Games, Crowd Games, Spielworxx;контроль области, выставление работников, персональные возможности игроков, управление рукой карт, броски кубиков;сельское хозяйство
;343;Кодовые имена. Дуэт;False;2017;7,4;7,42;-0,02;520;25339;Codenames-duet;224037;7,242;11;7,38;7,36;560;41;7,01;114;7,68;7,6;7,3;1604;501;4;2;2;2;30;15;24;5;78;Компанейские;White Goblin Games, Rebel, MINDOK, Lex Games, IELLO, Hobby Japan, HeidelBÄR Games, Gém Klub Kft., Fantasmagoria, Devir, Cranio Creations, Asmodée, Дом Игр (Украина), GaGa Games, Czech Games Edition;отгадывать слова, миссии, объяснение слов, дуэльная игра, шпионы, кодовые имена;шпионы, абстрактная
;345;Century: Golem Edition;False;2017;7,38;7,58;-0,2;62;13494;century-golem-edition;232832;7,238;8;7,24;7,14;;13;6,81;15;7,55;7,97;7,19;70;61;5;2;0;0;45;30;2;0;26;;Plan B Games;;
;346;Legendary: A Marvel Deck Building Game;False;2012;7,74;7,52;0,22;128;23095;Legendary-Marvel-DBG;129437;7,235;10;7,64;7,56;;27;7,41;41;8,18;8,22;7,16;145;104;5;1;5;1;0;45;6;15;64;Карты;Upper Deck;marvel, комиксы, по лицензии;супергерои
;347;Путь лепестка;False;2017;7,7;7,46;0,24;649;20300;Hanamikoji;158600;7,232;10;7,68;7,66;200;48;7,42;188;7,65;7,91;7,81;1558;668;2;2;2;2;15;15;22;5;145;Карты;Звезда, Reflexshop, White Goblin Games, Nasza Księgarnia, Ludicus, Deep Water Games, COLON ARC, KOSMOS, Quick Simple Fun Games, Takamagahara, EmperorS4 Games, Maisherly;на двоих, контроль территории, япония;восточная
;348;Дальние дали;False;2023;7,51;7,56;-0,05;205;13471;faraway;385761;7,229;10;7,46;7,41;;12;7,12;37;7,59;7,59;7,73;515;327;5;2;0;0;30;15;8;0;45;Карты;Pandasaurus Games, Эврикус, Catch Up Games;;фэнтези
;349;Криминалист: Убийство в Гонконге;False;2015;7,2;7,43;-0,23;386;24253;Deception-Murder-in-HongKong;156129;7,228;14;7,18;7,16;;65;6,66;76;7,53;7,38;7,21;692;428;12;4;12;5;30;20;18;7;154;Компанейские;Funmill.ru, Jolly Thinkers, Grey Fox Games;кооперативная с предателем, плитки, тайные цели, ограничение по времени, филлер, карты;шпионы, восточная, криминал
;350;МикроМакро. Город Улик;False;2021;7,36;7,47;-0,11;175;18302;micromacro-crime-city;318977;7,225;14;7,31;7,26;500;16;6,33;38;7,27;7,67;8,15;423;228;4;1;0;0;45;15;10;0;77;Логические;Стиль жизни, Edition Spielwiese;campaign game, solo  solitaire game, deduction, team-based game, cooperative game, storytelling;криминал
;351;Легенды Дикого Запада;False;2018;7,53;7,61;-0,08;248;12372;western-legends;232405;7,224;14;7,49;7,45;;36;6,92;73;7,62;7,89;7,67;514;313;6;2;0;0;90;60;23;0;168;Приключения;Лавка игр, Kolossal Games;;дикий запад
;353;Sushi Go Party!;False;2016;7,26;7,38;-0,12;138;38289;sushi-go-party;192291;7,224;8;7,2;7,15;;36;6,52;19;7,6;7,85;7,07;270;176;8;2;0;0;20;20;4;0;65;;Gamewright;;
;354;Зомбицид. Чёрная чума;False;2015;7,19;7,6;-0,41;193;16977;Zombicide-Black-Plague;176189;7,224;14;7,15;7,12;2500;74;6,46;51;7,52;8,1;6,68;463;184;6;1;6;4;90;60;14;30;89;Приключения;Guillotine Games;;зомби, средние века, фэнтези
;355;Ticket to Ride: Европа. Юбилейное издание;False;2021;6,55;8,19;-1,64;82;4436;TickettoRideEurope15thAnniversary;329841;7,223;8;6,53;6,52;;15;6,01;33;6,52;7,28;6,39;209;59;5;2;0;0;80;40;3;0;14;Экономика;Hobby World, Days of Wonder;;транспорт
;356;Samurai;False;1998;7,06;7,48;-0,42;88;16805;samurai;3;7,223;10;6,99;6,94;;15;7,15;9;7,4;6,88;6,82;127;75;4;2;0;0;60;30;1;0;39;;Rio Grande Games;;восточная, средние века
;357;Крути педали;False;2016;7,03;7,48;-0,45;249;19183;flamme-rouge;199478;7,222;8;7,01;6,98;1645;23;6,25;25;7,12;7,4;7,33;394;216;4;2;4;2;45;30;22;7;76;Приключения;Лавка игр, Lautapelit.fi;;спортивная
;358;Vindication;False;2018;7,15;7,78;-0,63;51;7962;vindication;224783;7,22;13;7,03;6,94;;10;6,88;11;6,92;7,55;7,25;48;51;5;2;5;2;150;45;1;30;65;Приключения;Orange Nebula;orange nebula, vindication;магия, фэнтези
;359;Остров Скай;False;2015;7,34;7,39;-0,05;352;26591;Isle-of-Skye;176494;7,219;8;7,31;7,29;1150;45;7,18;71;7,66;7,51;7,02;521;323;5;2;5;3;60;30;11;8;109;Экономика;Hobby World, Lookout Games;;средние века
;361;Glory to Rome;False;2005;7,49;7,49;0;60;14686;glory-to-rome;19857;7,218;12;7,33;7,22;720;17;7,53;18;7,55;7,23;7,63;48;54;5;2;4;3;60;30;1;20;53;Карты, Экономика;Kickstarter, Boat City, Lookout Games, HomoLudicus, Cambridge Games Factory;изменяемый порядок фаз хода, выбирание карт, компоненты игры в руке;древний мир
;362;Путь героя;False;2016;7,4;7,43;-0,03;306;21814;roll-player;169426;7,217;10;7,37;7,34;;42;6,88;59;7,45;7,71;7,54;553;344;4;1;4;2;90;60;23;10;133;Азартные, Приключения;Crowd Games, Thunderworks Games;черты характера, навыки, создание персонажа, оружие, абстракт, психология, логика, рпг, ролевые игры, фентези;средние века, фэнтези
;363;Правители Флоренции;False;2000;7,69;7,5;0,19;38;15859;princes-of-florence;555;7,217;12;7,42;7,25;;3;7,42;7;7,82;7,89;7,61;111;64;5;2;5;3;0;90;3;10;22;Экономика;Звезда, Korea Boardgames;полимино;культура / искусство, строительство, историческая
;364;The Princes of Florence;True;2000;7,4;7,5;-0,1;26;15859;The-Princes-of-Florence;555;7,217;12;7,12;6,97;;9;7,19;6;7,65;7,46;7,31;34;25;5;2;5;3;0;90;1;10;39;Экономика;;the princes of florence, князья флоренции;культура / искусство, средние века, историческая
;365;Халлертау;False;2020;7,82;7,84;-0,02;113;6567;hallertau;300322;7,216;12;7,7;7,61;2690;21;7,71;44;7,98;8,17;7,42;270;144;4;1;2;2;180;90;12;15;97;Экономика;;бонусы в конце игры, контракты, модульное поле, размещение рабочих, менеджмент руки;животные / природа
;366;Повелитель Токио: Подзарядка!;True;2012;7,22;7,58;-0,36;98;11871;King-of-Tokyo-Power-Up;127067;7,214;8;7,14;7,08;300;11;6,67;17;7,56;7,53;7,13;458;109;6;2;6;2;0;30;3;0;16;Карты, Приключения;GaGa Games, IELLO;токио, контроль территории, king of tokyo, монстры, gagagames, семейная, кубики, дополнение;монстры, кино и ТВ
;367;So Clover!;False;2021;7,7;7,59;0,11;5;10576;So-Clover;329839;7,211;10;;;;3;7,4;1;7,8;8,2;7,4;24;14;6;3;0;0;0;30;;0;7;Компанейские;Choo Choo Games, Repos Production;;
;369;Эпохи;False;2019;7,38;7,44;-0,06;279;21997;tapestry;286096;7,209;12;7,35;7,31;3000;20;6,8;78;7,28;8,16;7,28;347;285;5;1;4;3;120;90;16;15;75;Война;Лавка игр, PHALANX, Matagot, Maldito Games, Ludofy Creative, Ghenos Games, Feuerland Spiele, Albi, 999 Games, Stonemaier Games;цивилизация;изобретения, строительство, футуристика
;370;Пульсар 2849;False;2017;7,77;7,65;0,12;59;9473;pulsar-2849;228341;7,208;14;7,57;7,42;;17;7,68;21;8,02;7,69;7,69;77;59;4;2;4;4;90;60;;30;67;;GaGa Games, Czech Games Edition;борьба за ресурсы, sci-fi, фантастика, космос, gagagames;космос, футуристика
;371;Битвы героев;True;2016;7,12;7,5;-0,38;394;19259;bitvy-geroyev;198994;7,207;12;7,1;7,09;;32;6,75;58;7,57;7,61;6,56;905;346;4;2;2;2;30;20;9;5;79;Карты;Hobby World, Wise Wizard Games;;фэнтези
;373;Kanban: Driver's Edition;False;2018;8,27;7,79;0,48;30;7038;kanban;109276;7,206;12;7,8;7,52;;7;8,4;18;8,27;8,07;8,33;24;36;4;2;0;0;120;90;2;0;20;;Stronghold Games;kanban;спортивная, роботы, транспорт, бизнес / промышленность, строительство
;374;Kanban: Automotive Revolution;False;2014;8,12;7,785;0,33;15;7038;kanban-automotive-revolution;109276;7,206;10;7,43;;;8;7,93;10;7,87;8,2;8,47;9;10;4;2;4;3;0;120;;20;28;Экономика;Stronghold Games;;бизнес / промышленность
;375;Santorini;False;2016;7,76;7,34;0,42;383;40896;santorini;194655;7,203;8;7,73;7,69;1300;133;7,16;138;7,55;8,48;7,83;591;516;4;2;2;2;30;20;11;10;252;Логические;Roxley Games;square grid, three dimensional movement, team-based game, race, variable player powers;древний мир, строительство, абстрактная
;376;Anno 1800;False;2020;7,83;7,7;0,13;162;8375;anno-1800;311193;7,202;12;7,75;7,67;1800;21;7,71;57;8,08;7,78;7,74;342;188;4;2;3;3;120;120;6;0;87;Экономика;Звезда, KOSMOS;anno1800;историческая
;377;Goa;False;2004;6,85;7,56;-0,71;13;11663;Goa;9216;7,202;12;6,65;;1200;1;6,92;3;6,85;6,62;7;10;11;4;2;4;4;90;60;2;10;17;Экономика;999 Games, Filosofia Éditions, Hans im Glück, Rio Grande Games;;сельское хозяйство, бизнес / промышленность, строительство, историческая
;379;Ultimate Railroads;False;2021;8,5;8,38;0,12;15;3293;ultimate-railroads;329591;7,199;12;7,66;;3218;10;8,53;10;8,6;8,8;8,07;38;26;4;1;2;2;120;90;1;25;10;Экономика;Hans im Glück;бонусы в конце игры, размещение рабочих;транспорт
;380;Кемет: Кровь и песок;False;2020;7,85;7,94;-0,09;164;5655;kemet-blood-and-sand;297562;7,197;13;7,77;7,69;;28;7,55;64;7,93;8,24;7,66;426;179;5;2;4;3;120;90;14;0;87;;Kolossal Games, Crowd Games, Geekach Games, Matagot;;
;382;Monikers;False;2015;5,63;7,772;-2,14;2;7177;monikers;156546;7,197;18;;;;3;5;;7;7;3,5;2;4;20;4;12;6;60;30;;0;10;Компанейские;;;
;383;Shogun;False;2006;7,89;7,51;0,38;95;14466;Shogun;20551;7,195;12;7,75;7,63;;26;7,68;37;7,92;8,12;7,83;77;77;5;3;5;3;0;150;2;15;86;Война, Экономика;Эврикус, Queen Games;;восточная, средние века, бизнес / промышленность
;384;PARKS: Nightfall Expansion;True;2020;7,64;8,157;-0,52;18;4242;parks-nightfall-expansion;298729;7,195;10;7,2;;;5;7,22;7;7,5;8,56;7,28;83;24;5;1;0;0;60;30;1;0;8;Война;Keymaster Games;parks: nightfall expansion, keymaster games, животные / природа, размещение рабочих, дополнение;животные / природа
;386;Skull King;False;2013;7,35;7,54;-0,19;67;13265;skull-king;150145;7,194;8;7,23;7,13;;4;6,85;12;7,84;7,63;7,06;139;106;6;2;0;0;0;30;;0;28;;Schmidt Spiele, Grandpa Beck's Games;;
;387;Космические дальнобойщики;False;2007;7,75;7,33;0,42;526;35262;galaxy-trucker;31481;7,193;10;7,72;7,7;1760;66;6,79;198;7,86;7,97;8,36;763;523;4;2;4;2;90;45;24;20;166;Приключения, Экономика;GaGa Games, Магеллан, Rio Grande Games, Quined White Goblin Games, Playgo Hungary, IELLO, HomoLudicus, HeidelBÄR Games, Czech Games Edition, Albi;в реальном времени, ограничение по времени, размещение тайлов, космос, gagagames;космос, юмор
;389;Серп. Небесный гамбит;True;2017;7,62;7,77;-0,15;158;7638;scythe-the-wind-gambit;223555;7,19;14;7,55;7,48;;57;7,15;58;7,47;8,15;7,72;1196;160;7;1;0;0;140;90;6;0;28;Война, Экономика;Geekach Games, Crowd Games, Stonemaier Games;;изобретения, сельское хозяйство, транспорт, бизнес / промышленность, строительство
;390;Цолькин: Календарь майя – Племена и пророчества;True;2013;7,96;8,11;-0,15;72;4227;tzolkin-tribes-prophecies;143065;7,189;14;7,77;7,62;600;21;8;27;8,03;7,94;7,85;374;74;5;2;4;2;90;90;7;10;23;Экономика;GaGa Games, Czech Games Edition;цивилизация майя, календарь, необычное поле, шестеренки, сбор коллекции, размещение рабочих, экономика, еврогейм, gagagames, дополнение;сельское хозяйство, строительство
;392;Виноделие;False;2013;7,52;7,47;0,05;222;14984;viticulture;128621;7,186;12;7,47;7,43;;114;7,3;73;7,52;7,95;7,29;199;379;6;2;5;2;60;60;3;30;280;Экономика;Stonemaier Games;виноделие, сельское хозяйство;сельское хозяйство, бизнес / промышленность, животные / природа
;393;Aeon's End: The New Age;False;2019;8,66;8,5;0,16;14;3139;Aeons-End-The-New-Age;270633;7,186;14;7,72;;;1;8,43;8;8,86;8,86;8,5;26;6;4;1;0;0;60;60;1;0;6;Карты;Indie Boards & Cards, Indie Game Studios, Action Phase Games;;фэнтези
;394;1960: The Making of the President;False;2007;8,08;7,62;0,46;29;9453;1960-the-making-of-the-president;27708;7,185;12;7,65;7,39;1910;11;8;13;8,14;8,45;7,72;27;11;2;2;2;2;90;75;2;20;29;Карты;Z-Man Games, Gabinete Ludico, Filosofia Éditions;;политика
;395;Вечная зима: Палеоиндейцы;False;2021;7,76;7,66;0,1;185;9416;endless-winter-paleoamericans;305096;7,185;12;7,69;7,63;3110;33;7,56;65;7,63;8,42;7,42;530;240;4;1;4;3;90;50;18;15;138;Война, Карты, Приключения;GaGa Games, Fantasia Games;доисторические времена, заселение америки, большинство на территориях, сбор сетов, размещение рабочих, модульное игровое поле, менеджмент руки, gagagames;пещерный век, культура / искусство, животные / природа, историческая
;396;Звёздные империи: Фронтир;False;2018;7,71;7,92;-0,21;317;5858;star-realms-frontiers;230253;7,184;0;7,67;7,63;;10;7,32;92;8,24;7,99;7,27;1340;298;4;1;0;0;0;0;3;0;23;;Hobby World, Wise Wizard Games;;космос, футуристика
;399;Marvel United;True;2021;7,36;7,56;-0,2;61;12434;marvelunited;298047;7,181;14;7,22;7,12;;3;6,67;17;7,41;8,07;7,3;95;57;4;1;0;0;60;40;8;0;21;Война;Spin Master, CMON Limited;marvel united, кооперативная игра, карты, миниатюры;супергерои
;400;Foundations of Rome;False;2020;8,05;8,04;0,01;24;4767;foundations-of-rome;284189;7,181;0;7,56;7,3;;13;7,21;12;8,29;9,04;7,67;28;34;4;2;0;0;0;0;2;0;25;Война, Карты, Экономика;Arcane Wonders;foundations of rome, градостроительство, arcane wonders, античность;древний мир, строительство
;401;Bora Bora;False;2013;7,56;7,56;0;88;10556;Bora-Bora;127060;7,18;12;7,44;7,35;;21;7,45;25;7,73;7,9;7,14;107;92;4;2;0;0;90;0;2;0;78;Экономика;Alea, Ravensburger Spieleverlag GmbH;собирание наборов, размещение рабочих, кубик;транспорт, морское / водное
;402;Лоскутное королевство;False;2016;7,44;7,3;0,14;839;50971;kingdomino;204583;7,178;8;7,43;7,42;650;54;6,72;163;7,77;8,11;7,14;1881;921;4;2;4;2;20;15;18;7;142;Экономика;Blue Orange Games, FEELINDIGO, Pegasus Spiele, Стиль жизни, Games Factory Publishing, Blue Orange (EU);территории, выкладывание тайлов, градостроение;сказочная, строительство, фэнтези
;403;Обет. Хроники завоеваний и изгнаний;False;2021;8,1;7,74;0,36;148;8752;oath-chronicles-of-empire-and-exile;291572;7,177;10;7,98;7,89;1000;33;8,08;84;7,77;8,16;8,38;500;175;6;1;4;3;150;45;17;40;210;Война, Карты, Приключения;Crowd Games, Leder Games;нарратив, наследие, сторителлинг, дипломатия, политика, средние века, ролевые игры, история;сказочная, строительство, средние века
;404;Cosmic Encounter: Cosmic Incursion;True;2010;7,79;8,22;-0,43;22;3799;Cosmic-Encounter-Cosmic-Incursion;61001;7,177;10;7,36;7,13;;6;7,32;8;8,27;7,73;7,82;195;24;6;3;6;3;60;45;1;0;9;;Arclight, Edge Entertainment, Fantasy Flight Games;;космос, футуристика
;405;Руины острова Арнак: Пропавшая экспедиция;True;2023;8,35;8,67;-0,32;10;2753;lost-ruins-of-arnak-the-missing-expedition;382350;7,177;12;7,38;;;18;8,4;6;8,2;8,3;8,5;133;21;4;1;4;1;120;30;1;0;30;Карты;GaGa Games, Czech Games Edition;дополнение;
;407;Баталия;False;2000;7,39;7,42;-0,03;621;18017;battle-line;760;7,177;12;7,37;7,36;50;41;7,23;120;7,65;7,58;7,1;1438;513;2;2;2;2;30;20;7;8;105;Карты;Wargames Club Publishing, GMT Games;сбор сетов, компоненты игры в руке;историческая, абстрактная, средние века
;408;Машина Тьюринга;False;2022;7,7;7,64;0,06;74;9261;turing-machine;356123;7,176;12;7,55;7,42;;9;7,55;22;7,53;7,74;7,96;278;149;4;1;0;0;30;20;7;0;38;;Лавка игр, Le Scorpion Masqué;;шпионы
;409;Apiary;False;2023;7,94;7,73;0,21;19;7640;apiary;400314;7,176;14;7,41;;;;7,58;7;8,16;8,05;7,95;15;37;5;1;0;0;90;60;1;0;27;;Stonemaier Games;пчелы, соревновательная игра, соло режим, размещение рабочих, разные способности игроков, научная фантастика;космос, животные / природа
;410;Место преступления;False;2018;7,39;7,55;-0,16;468;24075;Chronicles-of-Crime;239188;7,173;14;7,37;7,35;;46;6,95;122;7,24;7,47;7,91;1337;574;4;1;4;2;90;60;35;7;158;Приключения;Hobby World, Lucky Duck Games;с приложением, кооператив;криминал
;412;Криптид;False;2018;7,21;7,44;-0,23;263;16146;Cryptid;246784;7,172;10;7,18;7,15;1133;23;6,95;41;7,33;7,19;7,37;508;353;5;3;5;4;50;30;8;10;103;Логические;Skellig Games, Фабрика игр, Osprey Games;;динозавры, монстры, животные / природа, абстрактная
;413;Steam. Железнодорожный магнат;True;2009;7,25;7,54;-0,29;175;10400;Steam;27833;7,171;10;7,2;7,16;1450;15;7,33;35;7,55;7,17;6,94;342;168;5;3;5;3;120;90;21;15;81;Экономика;Hobby World, Phalanx Games Polska, Phalanx Games Deutschland, Phalanx Games, Mayfair Games, Edge Entertainment, Devir;транспорт, экономические игры, грузовые перевозки, товары, железная дорога, steam, экономическая игра, грузы, поезда, торговля;транспорт, строительство, историческая
;414;Улей;False;2001;7,54;7,32;0,22;549;39247;hive;2655;7,17;9;7,52;7,5;500;80;7,41;131;7,57;7,85;7,32;1056;598;2;2;2;2;30;15;11;10;178;Логические;Wargames Club Publishing, Vendetta, Smart Zone Games, Productief BV, HUCH!, Gigamic, Gen Four Two, G3 Poland, Crómola;без фактора случайности, в дорогу;абстрактная
;416;Этнос;False;2017;7,31;7,46;-0,15;334;14330;Ethnos;206718;7,17;14;7,28;7,26;;43;6,83;58;7,65;7,55;7,21;481;375;6;2;5;3;60;45;8;7;119;Война;Лавка игр, Asterion Press;ethnos, этнос;фэнтези
;417;Рококо;False;2013;7,68;7,58;0,1;405;9384;rokoko;144344;7,169;12;7,65;7,62;800;34;7,48;107;7,8;7,88;7,56;765;316;5;2;4;3;90;60;17;10;112;Карты, Экономика;Звезда, Eggertspiele;контроль области, соревновательная, набор комбинаций, управление рукой карт, победные очки, составление колоды во время игры;культура / искусство
;418;Dice Throne: Season Two;True;2018;7,64;8,04;-0,4;34;5049;dice-throne-season-two;244271;7,163;8;7,36;7,18;600;6;6,94;11;7,71;8,53;7,38;86;27;2;2;2;2;40;20;2;0;22;Азартные, Карты;Roxley Games;;дикий запад, восточная, фэнтези
;419;Forgotten Waters DLC 1: Kraken's Eye;True;0;;7,773;;;6742;forgotten-waters-dlc-1-krakens-eye;302723;7,163;18;;;;2;;;;;;4;;7;3;5;1;240;120;;0;3;Приключения;Asmodée, Asmodee Italia, Plaid Hat Games;;фэнтези
;420;Забытые моря;False;2020;7,64;7,77;-0,13;175;6742;forgotten-waters;302723;7,163;18;7,57;7,51;2050;25;6,98;60;7,61;7,98;8;400;208;7;3;5;4;240;120;17;20;123;Приключения;MYBG Co., Crowd Games, Asmodee Italia, Plaid Hat Games;forgotten waters, plaid hat games, пираты, приключения;пираты, морское / водное
;421;Тайное послание 2019;False;2019;7,77;7,51;0,26;33;13490;love-letter-2019-edition;277085;7,16;10;7,45;7,25;;3;7,24;11;8,24;7,91;7,7;128;47;6;2;0;0;0;20;2;0;7;;;;
;422;Агентство «ВРЕМЯ»;True;2015;7,65;7,36;0,29;526;28389;time-stories;146508;7,16;12;7,63;7,6;2000;86;7,06;222;7,48;7,74;8,31;976;473;4;2;4;3;360;90;47;15;294;Карты, Компанейские, Приключения;Crowd Games, Space Cowboys;time stories, сериал, загадки, приключение, путешествия во времени, кампания, сценарий, квест, crowd games, агентство время, ролевая, детектив, фантастика, кооперативная, локализация;призраки, футуристика, монстры
;423;Ведьмак: Старый мир;False;2023;6,98;7,93;-0,95;357;7823;the-witcher-old-world;331106;7,158;14;6,97;6,96;3700;49;6,59;129;6,98;7,55;6,81;766;306;5;1;0;0;150;90;18;0;199;Приключения;Geekach Shop (Украина), GaGa Games, Go On Board;ассиметричные возможности игроков, неизданная, построение колоды, драфт карт, менеджмент руки, gagagames, броски кубиков;монстры, фэнтези
;426;Диксит Одиссея;False;2011;7,21;7,39;-0,18;352;22259;dixit-odyssey;92828;7,156;8;7,19;7,17;;27;6,58;68;7,41;7,7;7,16;949;288;12;3;0;4;60;30;21;10;14;Компанейские;Libellud;;
;427;Колонизаторы: Города и рыцари. Четвёртое издание;True;1998;7,57;7,45;0,12;255;21097;catan-cities-knights;926;7,154;10;7,53;7,48;450;47;7,39;65;7,66;7,85;7,38;912;233;4;3;4;4;120;120;14;0;40;Экономика;Хитрый Ёж (Пермь), Hobby World, 999 Games;песочные часы, кости, кооперативная;строительство
;430;Испорченный телефон;False;2009;6,61;7,38;-0,77;130;19787;telestrations;46213;7,148;13;6,6;6,58;1360;16;5,27;12;7,43;7,33;6,42;199;168;8;4;8;6;30;30;4;5;28;Компанейские;Магеллан, The OP;рисование, в дорогу, семейная;юмор
;431;Затерянные города;False;1999;6,66;7,25;-0,59;499;49343;lost-cities;50;7,148;10;6,65;6,65;;52;6,32;41;7,18;6,88;6,25;834;427;2;2;2;2;30;20;13;5;117;Азартные;Звезда, Tilsit, Rio Grande Games, KOSMOS;;абстрактная
;432;Dorfromantik: Сельская Идиллия;False;2022;7,57;7,62;-0,05;75;9169;dorfromantik-the-board-game;370591;7,146;8;7,43;7,32;1305;14;6,76;23;7,91;8,15;7,44;200;92;6;1;0;0;60;30;7;0;51;Экономика;Нескучные игры, Funmill.ru, Pegasus Spiele;по видеоигре, модульное поле, кооперативная игра;строительство
;434;Onitama;False;2014;7,59;7,34;0,25;159;23987;onitama;160477;7,146;8;7,52;7,46;;46;7,51;48;7,53;7,99;7,31;206;160;2;2;2;2;15;10;3;0;96;Классика, Логические;Hobby World, Arcane Wonders, MinimalGames, conception;;абстрактная
;436;Arcadia Quest;False;2014;7,76;7,59;0,17;54;10676;Arcadia-Quest;155068;7,144;13;7,55;7,39;;28;6,87;23;8;8,59;7,59;67;41;4;2;0;0;60;60;3;0;101;Приключения;CMON Limited;;фэнтези
;437;Билет на поезд: Индия и Швейцария;True;2011;7,83;7,76;0,07;105;6560;ticket-ride-map-collection-2-india-switzerland;106645;7,144;8;7,71;7,6;;35;7,55;39;8,15;8,23;7,38;374;114;4;2;4;2;45;30;3;5;27;Экономика;Days of Wonder;;транспорт
;438;Счастливое число;False;2021;7,45;7,56;-0,11;76;9538;long-shot-the-dice-game;295374;7,144;14;7,33;7,23;600;5;6,82;13;7,67;7,95;7,37;207;130;8;1;0;0;30;20;8;0;23;Азартные, Приключения;Лавка игр, Perplext;ставки, гонки;спортивная, юмор
;439;Эверделл: Фестиваль;True;2019;7,9;8,02;-0,12;60;4653;everdell-bellfaire;289057;7,143;14;7,69;7,52;;25;7,57;22;8,13;8,27;7,63;517;119;6;1;0;0;120;40;5;0;20;Экономика;Starling Games;;животные / природа
;440;Indonesia;False;2005;7,59;7,89;-0,3;32;4880;Indonesia;19777;7,14;12;7,31;7,13;;16;7,88;14;7,78;6,78;7,91;26;39;5;2;5;3;240;120;;0;39;Экономика;Splotter Spellen;;восточная, транспорт, бизнес / промышленность
;443;The Manhattan Project: Energy Empire;False;2016;7,55;7,73;-0,18;17;6447;the-manhattan-project-energy-empire;176734;7,138;13;7,12;;1857;4;7;4;7,71;8,18;7,29;18;26;5;1;4;4;120;60;;0;33;;Minion Games;;
;444;Продано!;False;1997;6,79;7,26;-0,47;474;33112;for-sale;172;7,138;8;6,78;6,77;360;27;6,21;31;7,27;7,01;6,66;1206;536;6;3;6;3;30;20;6;10;81;Карты;Geekach Games, Нескучные игры, FX Schmid, Gabinete Ludico, Eagle-Gryphon Games, Überplay, Ravensburger Spieleverlag GmbH, Wargames Club Publishing, Взрослые дети;;бизнес / промышленность
;445;Navegador;False;2010;7,67;7,53;0,14;82;9529;navegador;66589;7,137;12;7,53;7,42;;15;7,56;24;7,74;7,9;7,48;76;73;5;2;5;2;90;60;;15;74;Экономика;PD-Verlag;;историческая
;446;Summoner Wars (Second Edition);False;2021;7,84;8,07;-0,23;20;4472;summoner-wars-second-edition;332800;7,137;9;7,36;7,12;;1;7,55;9;8,05;8,15;7,6;30;21;2;2;2;2;60;40;3;0;17;Карты;Plaid Hat Games;;фэнтези
;448;Imperial;False;2006;7,47;7,59;-0,12;18;8930;Imperial;24181;7,135;5;7,09;;2000;6;7,39;3;7,33;7,61;7,56;30;12;6;2;4;4;0;120;1;60;19;Экономика;Eggertspiele, Rio Grande Games;;
;449;The Great Zimbabwe;False;2012;7,67;7,84;-0,17;38;5216;thegreatzimbabwe;111341;7,132;14;7,41;7,23;;6;7,84;16;7,61;7,24;8;47;54;5;2;0;0;150;120;;0;49;Экономика;Splotter Spellen;;бизнес / промышленность, строительство
;450;Путешественники с южного Тигра;False;2022;7,76;7,79;-0,03;79;5965;wayfarers-of-the-south-tigris;350316;7,131;12;7,61;7,49;;17;7,82;22;7,91;7,81;7,51;268;104;4;1;0;0;90;60;7;0;42;Приключения;Лавка игр, Garphill Games;размещение кубиков, большинство на территориях, сбор сетов, размещение тайлов;средние века
;451;The Lord of the Rings: The Card Game - Revised Core Set;False;2022;8,44;8,46;-0,02;4;3286;the-lord-of-the-rings-the-card-game-revised-core-set;349067;7,128;14;;;;2;8,5;2;8,75;8,5;8;12;4;4;1;2;1;90;30;1;15;6;Карты;Asmodée, Fantasy Flight Games;по книге, кооперативная;фэнтези
;452;Acquire;False;1962;7,05;7,35;-0,3;44;21511;acquire;5;7,128;12;6,93;6,85;1000;9;6,95;4;7,11;6,89;7,25;51;36;6;2;4;4;90;90;;20;36;Экономика;Avalon Hill, Smart Games Colombia, Schmidt Spiele, Schmidt International, Schmidt France, PS-Games, Grow Jogos e Brinquedos, Dujardin, Hasbro;застройка, акции;бизнес / промышленность
;453;Кот в коробке. Делюкс версия;False;2022;7,44;7,47;-0,03;85;11332;cat-in-the-box-deluxe-edition;345972;7,127;10;7,33;7,24;;2;7,06;18;7,44;7,64;7,65;271;142;5;2;5;3;40;20;7;5;28;Карты;Choo Choo Games, Bezier Games, Hobby Japan;;юмор, абстрактная, животные / природа
;455;Кланк! Затонувшие сокровища;True;2017;7,82;7,97;-0,15;95;4648;clank-sunken-treasures;218103;7,126;13;7,68;7,57;;11;7,45;24;8,05;8,12;7,64;580;120;4;2;0;0;60;60;6;0;9;;Лавка игр, Dire Wolf;;фэнтези
;456;The King is Dead: Second Edition;False;2020;7,76;7,61;0,15;58;8008;the-king-is-dead-second-edition;319966;7,125;14;7,56;7,41;948;4;7,69;18;7,71;7,79;7,84;72;52;4;2;0;0;45;30;1;0;30;;Studio Supernova, Osprey Games;;политика, средние века, абстрактная
;458;Тайное послание;False;2012;7,22;7,23;-0,01;1207;70381;Love-Letter;129622;7,123;10;7,21;7,21;;53;6,34;217;7,78;7,45;7,32;2632;1072;4;2;4;3;20;10;11;5;120;Карты;Japon Brand, Hobby World, Alderac Entertainment Group (AEG), Kanai Factory;компоненты игры в руке, управление рукой карт, блеф;романтика / секс, средние века
;459;Космическая тревога;False;2008;7,69;7,38;0,31;144;16387;space-alert;38453;7,123;12;7,61;7,53;670;39;7,06;69;7,68;7,58;8,44;265;104;5;1;5;3;30;30;10;20;132;Приключения;Магеллан, Мосигра, Czech Games Edition;реального времени, космос, кооперативная игра;космос
;460;El Grande Big Box;False;2015;8,31;8,19;0,12;24;3452;el-grande-big-box;171908;7,121;12;7,75;7,44;2000;7;8,04;12;8,46;8,54;8,21;27;21;5;2;5;3;120;60;1;15;21;Война;Z-Man Games, Giochi Uniti, 999 Games, Hans im Glück;;
;461;Последний день Атлантиды;False;2012;7,55;7,31;0,24;456;27301;survive-30th-anniversary-edition;2653;7,12;8;7,53;7,5;1400;62;6,6;109;7,75;8,09;7,74;1046;498;4;2;4;4;60;45;12;15;178;Приключения;Стиль жизни, Stronghold Games;;транспорт, морское / водное, животные / природа
;462;Survive: Escape from Atlantis!;False;1982;7,41;7,31;0,1;104;27301;survive;2653;7,12;8;7,32;7,25;1810;19;6,43;19;7,74;7,9;7,55;116;83;4;2;4;2;60;45;3;15;44;Приключения;Стиль жизни, Parker Brothers, Editrice Giochi, Stronghold Games;лодки, катастрофа, море;морское / водное
;463;Age of Empires III: The Age of Discovery;False;2007;7,53;7,51;0,02;125;10420;age-of-empires-iii;22545;7,12;10;7,45;7,37;;23;7,38;32;7,66;7,86;7,21;123;97;5;2;5;4;120;120;2;0;82;Война, Экономика;Hobby Games, Quined White Goblin Games, Tropical Games, Pro Ludo, Idea Edizioni, Edge Entertainment;;строительство
;464;Power Grid Deluxe: Europe/North America;False;2014;8,44;7,945;0,49;4;4579;Power-Grid-Deluxe-Europe-North-America;155873;7,116;12;;;;2;8,25;2;8,75;8,5;8,25;11;6;6;2;5;4;120;90;;20;3;Экономика;;;бизнес / промышленность, строительство
;465;Тикаль;False;1999;7,54;7,32;0,22;138;21075;tikal;54;7,115;10;7,46;7,4;1700;20;7,29;30;7,67;7,75;7,43;158;103;4;2;4;4;120;90;11;15;89;Приключения;Звезда, Egmont Polska, Ravensburger Spieleverlag GmbH, Rio Grande Games;америка, храмы, индейцы, джунгли, археология;древний мир
;467;Тикаль (Super Meeple edition);False;2016;7,66;7,32;0,34;98;21075;tikal-super-meeple-edition;54;7,115;10;7,54;7,45;1900;9;7,15;23;7,7;8,27;7,52;191;83;4;2;4;2;90;60;9;20;41;;Super Meeple, Звезда;;абстрактная
;468;Диксит 2: Открытие (2010);True;2010;7,57;7,67;-0,1;205;7365;Dixit-2;55660;7,114;8;7,52;7,47;;22;6,84;60;7,66;8,14;7,62;732;159;6;3;6;5;0;30;6;5;13;Компанейские;Asmodée, Libellud;;
;469;Гильдия купцов-путешественников;False;2022;7,41;7,65;-0,24;89;6967;the-guild-of-merchant-explorers;350933;7,113;14;7,31;7,22;;7;7,12;10;7,71;7,51;7,31;205;126;4;1;0;0;0;45;5;0;35;;Лавка игр, Origames, Alderac Entertainment Group (AEG);;морское / водное, фэнтези
;470;Королевство кроликов;False;2017;7,75;7,42;0,33;423;14220;korolevstvo-krolikov;184921;7,113;10;7,72;7,69;1450;67;7,12;135;7,88;8,23;7,78;950;585;4;2;4;2;60;40;19;10;201;Приключения;GaGa Games, IELLO;кролики, контроль территорий, gagagames, еврогейм, семейная;средние века, животные / природа
;471;Century. Пряности;False;2017;7,36;7,3;0,06;388;26943;Century;209685;7,112;8;7,34;7,31;;48;6,88;72;7,68;7,92;6,96;505;494;5;2;5;2;40;30;11;5;120;Карты;Единорог, Plan B Games;;бизнес / промышленность
;473;Поселенцы;False;2014;7,55;7,3;0,25;793;24988;imperial-settlers;154203;7,112;8;7,54;7,52;;111;7,33;226;7,68;7,95;7,22;1393;627;4;1;4;2;80;20;51;15;259;Карты, Экономика;REXhry, Звезда, Portal Games;;древний мир
;476;Chinatown;False;1999;7,57;7,44;0,13;43;12076;Chinatown;47;7,111;8;7,35;7,2;1510;9;6,93;13;7,84;7,67;7,84;70;61;5;3;5;3;90;45;2;10;47;;Alea, Competo / Marektoy, Filosofia Éditions, HeidelBÄR Games, Quined White Goblin Games, Z-Man Games;;бизнес / промышленность
;477;Мышиная Стража: ролевая игра. Коробочная версия;False;2015;8,1;8,3;-0,2;29;53;mouseguard;187728;7,111;12;7,66;7,41;2200;16;8,31;17;7,72;8,14;8,21;115;16;6;2;5;2;240;120;3;30;49;Приключения;Archaia, Pandora's Box Studio;;сказочная, средние века, животные / природа, фэнтези
;478;Glass Road;False;2013;7,38;7,41;-0,03;57;12428;Glass-Road;143693;7,11;12;7,23;7,13;1810;12;7,16;16;7,6;7,47;7,38;50;54;4;1;4;2;90;60;2;15;53;Экономика;White Goblin Games, Filosofia Éditions, Feuerland Spiele, Z-Man Games;выкладывание плиток, компоненты игры в руке, одновременный выбор действий;бизнес / промышленность, строительство
;481;Проект L;False;2019;7,4;7,46;-0,06;219;11898;projectL;260180;7,108;13;7,36;7,32;400;26;6,66;41;7,53;8,07;7,32;600;341;4;1;4;2;40;20;7;7;49;Логические;Boardcubator;построение движка, тетрис, абстракт, логика;абстрактная
;482;Nemo's War (Second Edition);False;2017;7,61;7,804;-0,19;14;5648;nemos-war-second-edition;187617;7,108;13;7,11;;1800;4;7,21;7;7,43;7,86;7,93;30;13;4;1;1;1;120;60;1;60;47;;Victory Point Games;time track, solo solitaire game, simulation, area movement, action points, cooperative game, area majority, push your luck, dice rolling;
;483;Дилемма короля;False;2019;7,36;7,7;-0,34;115;6766;King-s-Dilemma;245655;7,108;14;7,28;7,22;2100;22;6,89;43;7,16;7,27;8,12;164;105;5;3;5;4;60;45;7;15;98;Карты, Приключения, Экономика;Crowd Games, Horrible Guild;дилема короля, king's dilemma, королевская дилемма, легаси, legacy, дипломатия, ролевые игры, история, crowd games;политика, средние века, фэнтези
;484;Крошечные Эпические Галактики;False;2015;7,13;7,33;-0,2;219;21717;tinyepicgalaxies;163967;7,107;14;7,1;7,07;350;36;6,52;24;7,35;7,56;7,1;425;215;5;1;0;4;0;30;5;0;85;Экономика;GaGa Games, Gamelyn Games;sci-fi, развитие, фантастика, gagagames, космос, семейная игра, приключения;космос, футуристика
;486;Heaven & Ale;False;2017;7,75;7,53;0,22;73;8984;heaven-ale;227789;7,107;12;7,59;7,46;;14;7,75;28;7,86;7,79;7,6;81;75;4;2;4;4;90;60;1;0;76;;Eggertspiele;;
;488;Империал 2030;True;2009;7,59;7,64;-0,05;276;7140;Imperial-2030;54138;7,106;12;7,55;7,51;1700;40;7,54;89;7,82;7,4;7,61;402;203;6;2;6;6;120;90;4;0;92;Экономика;The Game Master BV, Hobby World, Rio Grande Games;;
;489;Ярость Дракулы (3-е издание);False;2015;7,72;7,41;0,31;634;15207;fury-of-dracula-3;181279;7,106;13;7,7;7,68;1790;71;7,46;232;7,64;7,95;7,84;1366;538;5;2;5;3;180;120;45;120;189;Приключения;WizKids, HeidelBÄR Games, Giochi Uniti, Game Harbor, Galakta, Edge Entertainment, Arclight, ADC Blackfire Entertainment GmbH, Hobby World, Fantasy Flight Games;fury of dracula;вампиры
;491;Предназначение;False;2020;7,37;7,68;-0,31;205;9520;destinies;285192;7,104;14;7,32;7,28;;27;7;55;7,39;7,39;7,73;470;273;3;1;0;0;150;90;22;0;109;Война, Карты, Приключения;Lucky Duck Games;использование приложения, destinies, нарративная, lucky duck games, исследования, средневековье, размещение тайлов, миниатюры;монстры, средние века, магия, фэнтези
;492;Нусфьорд;False;2017;7,6;7,64;-0,04;251;6965;nusfjord;234277;7,103;12;7,55;7,51;;25;7,49;67;7,8;7,88;7,22;502;238;5;1;5;2;90;30;14;10;118;Экономика;Crowd Games, Mayfair Games, Lookout Games;;сельское хозяйство, строительство
;494;Опасные гости. Кто убил мистера Уолтона?;False;2016;7,26;7,55;-0,29;185;9132;awkward-guests;188866;7,102;12;7,22;7,18;;18;6,96;26;7,51;7,18;7,37;484;230;8;1;5;4;75;45;8;15;82;Карты, Компанейские;Фабрика игр, Megacorpin Games;;криминал, юмор
;496;Summoner Wars: Master Set;True;2011;7,85;7,47;0,38;60;11102;SummonerWarsMasterSet;93260;7,101;9;7,64;7,49;;8;7,68;22;8,18;7,82;7,7;52;38;4;2;2;2;45;30;1;0;35;Карты;Plaid Hat Games;;фэнтези
;497;Мастера пламени;False;2022;7,42;7,4;0,02;252;18578;flamecraft;336986;7,098;14;7,38;7,35;2400;26;6,65;47;7,22;8,51;7,28;819;395;5;1;3;3;60;60;8;0;122;Карты, Экономика;Crowd Games, Cardboard Alchemy;flamecraft, cardboard alchemy, построение движка, драконы, pick-up and deliver, размещение рабочих, менеджмент руки, фентези;магия, фэнтези
;498;Звёздное слияние. Обновлённое издание;False;2017;7,85;7,77;0,08;96;5765;siderial-confluence;202426;7,096;14;7,71;7,6;;10;7,66;39;7,6;7,71;8,42;199;136;9;4;0;0;90;60;9;0;55;Карты, Экономика;WizKids, Лавка игр;;космос
;499;Замок де Комбо;False;2024;7,41;7,63;-0,22;135;7340;castle-combo;416851;7,096;10;7,34;7,28;;5;7,07;23;7,71;7,79;7,07;341;198;5;2;5;3;30;10;;10;26;Карты;Эврикус, Pandasaurus Games, Catch Up Games;;средние века
;500;Sidereal Confluence: Trading and Negotiation in the Elysian Quadrant;False;2017;7,62;7,77;-0,15;11;5765;sidereal-confluence-trading-and-negotiation-in-the-elysian;202426;7,096;14;7,04;;;1;7,64;5;7,64;6,82;8,36;9;15;9;4;0;0;180;120;1;0;25;Экономика;WizKids;;космос
