snapshot_date;alias;title;kind;seq;related_alias;related_title;source_url
2026-09-27;Star-Wars-Rebellion;Звёздные войны: Восстание;в одном мире;0;star-wars-ccg;;https://tesera.ru/game/Star-Wars-Rebellion/
2026-09-27;Star-Wars-Rebellion;Звёздные войны: Восстание;в одном мире;1;Star-Wars-The-Card-Game;;https://tesera.ru/game/Star-Wars-Rebellion/
2026-09-27;Star-Wars-Rebellion;Звёздные войны: Восстание;в одном мире;2;swdestiny;;https://tesera.ru/game/Star-Wars-Rebellion/
2026-09-27;Star-Wars-Rebellion;Звёздные войны: Восстание;в одном мире;3;Star-Wars-Imperial-Assault;Star Wars: Imperial Assault Core Set;https://tesera.ru/game/Star-Wars-Rebellion/
2026-09-27;castles-of-burgundy-special-edition;The Castles of Burgundy: Special Edition;дополнение;0;castles-of-burgundy-special-edition-stretch-goals;;https://tesera.ru/game/castles-of-burgundy-special-edition/
2026-09-27;castles-of-burgundy-special-edition;The Castles of Burgundy: Special Edition;исходная игра;1;die-burgen-von-burgund;Замки Бургундии;https://tesera.ru/game/castles-of-burgundy-special-edition/
2026-09-27;castles-of-burgundy-special-edition;The Castles of Burgundy: Special Edition;дополнение;2;castles-of-burgundy-special-edition-3d-terrain-pack;;https://tesera.ru/game/castles-of-burgundy-special-edition/
2026-09-27;castles-of-burgundy-special-edition;The Castles of Burgundy: Special Edition;в одной серии;3;The-Castles-of-Burgundy-Tortuga;;https://tesera.ru/game/castles-of-burgundy-special-edition/
2026-09-27;twilight-imperium-fourth-edition-prophecy-of-kings;Сумерки империи. Четвёртая редакция: Пророчество королей;исходная игра;0;twilight-imperium-fourth-edition;Сумерки империи. Четвёртая редакция;https://tesera.ru/game/twilight-imperium-fourth-edition-prophecy-of-kings/
2026-09-27;Forbidden-Stars;Forbidden Stars;в одном мире;0;Warhammer-40k;Warhammer 40000;https://tesera.ru/game/Forbidden-Stars/
2026-09-27;Forbidden-Stars;Forbidden Stars;в одном мире;1;aeronautica-imperialis;;https://tesera.ru/game/Forbidden-Stars/
2026-09-27;Forbidden-Stars;Forbidden Stars;в одном мире;2;Assassinorum-Execution-Force;;https://tesera.ru/game/Forbidden-Stars/
2026-09-27;Forbidden-Stars;Forbidden Stars;в одном мире;3;horus-heresy;;https://tesera.ru/game/Forbidden-Stars/
2026-09-27;mage-knight-ultimate-edition;Рыцарь-маг. Полное издание;предшественница;0;Mage-Knight-Board-Game;Рыцарь-маг;https://tesera.ru/game/mage-knight-ultimate-edition/
2026-09-27;mage-knight-ultimate-edition;Рыцарь-маг. Полное издание;римейк;1;Star-Trek-Frontiers;;https://tesera.ru/game/mage-knight-ultimate-edition/
2026-09-27;mage-knight-ultimate-edition;Рыцарь-маг. Полное издание;исходная игра;2;mage-knight-the-apocalypse-dragon;Mage Knight: The Apocalypse Dragon;https://tesera.ru/game/mage-knight-ultimate-edition/
2026-09-27;mage-knight-ultimate-edition;Рыцарь-маг. Полное издание;дополнение;3;mke-the-portal-to-power;;https://tesera.ru/game/mage-knight-ultimate-edition/
2026-09-27;War-of-the-Ring-Second-Edition;Война Кольца (Второе издание);в одном мире;0;middle-earth-quest;;https://tesera.ru/game/War-of-the-Ring-Second-Edition/
2026-09-27;War-of-the-Ring-Second-Edition;Война Кольца (Второе издание);в одной серии;1;War-of-the-Ring-Collectors-Edition;;https://tesera.ru/game/War-of-the-Ring-Second-Edition/
2026-09-27;War-of-the-Ring-Second-Edition;Война Кольца (Второе издание);в одной серии;2;war-of-the-ring;War of the Ring;https://tesera.ru/game/War-of-the-Ring-Second-Edition/
2026-09-27;War-of-the-Ring-Second-Edition;Война Кольца (Второе издание);в одном мире;3;The-Hobbit-An-Unexpected-Journey-SBG;;https://tesera.ru/game/War-of-the-Ring-Second-Edition/
2026-09-27;twilight-imperium-fourth-edition;Сумерки империи. Четвёртая редакция;предшественница;0;twilight-imperium-third-edition;Twilight Imperium 3rd Edition;https://tesera.ru/game/twilight-imperium-fourth-edition/
2026-09-27;twilight-imperium-fourth-edition;Сумерки империи. Четвёртая редакция;в одном мире;1;Rex;;https://tesera.ru/game/twilight-imperium-fourth-edition/
2026-09-27;twilight-imperium-fourth-edition;Сумерки империи. Четвёртая редакция;в одном мире;2;twilight-imperium-armada;;https://tesera.ru/game/twilight-imperium-fourth-edition/
2026-09-27;twilight-imperium-fourth-edition;Сумерки империи. Четвёртая редакция;дополнение;3;twilight-imperium-fourth-edition-prophecy-of-kings;Сумерки империи. Четвёртая редакция: Пророчество королей;https://tesera.ru/game/twilight-imperium-fourth-edition/
2026-09-27;gloomhaven;Мрачная гавань;в одном мире;0;founders-of-gloomhaven;;https://tesera.ru/game/gloomhaven/
2026-09-27;gloomhaven;Мрачная гавань;дополнение;1;gloomhaven-solo-scenarios;;https://tesera.ru/game/gloomhaven/
2026-09-27;gloomhaven;Мрачная гавань;дополнение;2;gloomhaven-forgotten-circles;;https://tesera.ru/game/gloomhaven/
2026-09-27;gloomhaven;Мрачная гавань;дополнение;3;gloomhaven-jaws-of-the-Lion;Мрачная гавань: Челюсти льва;https://tesera.ru/game/gloomhaven/
2026-09-27;brass-birmingham;Brass: Бирмингем;предшественница;0;brass-lancashire;Brass. Ланкашир;https://tesera.ru/game/brass-birmingham/
2026-09-27;brass-birmingham;Brass: Бирмингем;предшественница;1;brass;Brass;https://tesera.ru/game/brass-birmingham/
2026-09-27;brass-birmingham;Brass: Бирмингем;дополнение;2;brass-birmingham-realres;;https://tesera.ru/game/brass-birmingham/
2026-09-27;brass-birmingham;Brass: Бирмингем;в одной серии;3;2513048;;https://tesera.ru/game/brass-birmingham/
2026-09-27;spirit-island-the-jagged-earth;Остров духов: Гиблый край;исходная игра;0;spirit-island;Остров духов;https://tesera.ru/game/spirit-island-the-jagged-earth/
2026-09-27;spirit-island-the-jagged-earth;Остров духов: Гиблый край;в одной серии;1;Spirit-Island-Branch-and-Claw;Остров духов. Ветви и когти;https://tesera.ru/game/spirit-island-the-jagged-earth/
2026-09-27;spirit-island-the-jagged-earth;Остров духов: Гиблый край;в одной серии;2;spirit-island-nature-incarnate;;https://tesera.ru/game/spirit-island-the-jagged-earth/
2026-09-27;gaia-project;Проект «Гайя»;оригинал;0;Terra-Mystica;Терра мистика;https://tesera.ru/game/gaia-project/
2026-09-27;gaia-project;Проект «Гайя»;в одной серии;1;terra-nova-2022;;https://tesera.ru/game/gaia-project/
2026-09-27;gaia-project;Проект «Гайя»;дополнение;2;gaia-project-the-lost-fleet;Gaia Project: The Lost Fleet;https://tesera.ru/game/gaia-project/
2026-09-27;gaia-project;Проект «Гайя»;в одной серии;3;age-of-innovation;Age of Innovation;https://tesera.ru/game/gaia-project/
2026-09-27;great-western-trail-new-zealand;Великий западный путь. Новая Зеландия;в одной серии;0;great-western-trail-argentina;Великий Западный Путь. Аргентина;https://tesera.ru/game/great-western-trail-new-zealand/
2026-09-27;great-western-trail-new-zealand;Великий западный путь. Новая Зеландия;в одной серии;1;great-western-trail-second-edition;Великий Западный Путь. Второе издание;https://tesera.ru/game/great-western-trail-new-zealand/
2026-09-27;great-western-trail-new-zealand;Великий западный путь. Новая Зеландия;в одной серии;2;great-western-trail;Великий западный путь (первое издание);https://tesera.ru/game/great-western-trail-new-zealand/
2026-09-27;the-castles-of-burgundy-2019;The Castles of Burgundy (20th Anniversary);оригинал;0;die-burgen-von-burgund;Замки Бургундии;https://tesera.ru/game/the-castles-of-burgundy-2019/
2026-09-27;the-castles-of-burgundy-2019;The Castles of Burgundy (20th Anniversary);в одной серии;1;The-Castles-of-Burgundy-Tortuga;;https://tesera.ru/game/the-castles-of-burgundy-2019/
2026-09-27;through-ages-new-story-civilization;Сквозь века: Новая история цивилизации;в одном мире;0;Through-the-Ages;Through the Ages: A Story of Civilization;https://tesera.ru/game/through-ages-new-story-civilization/
2026-09-27;through-ages-new-story-civilization;Сквозь века: Новая история цивилизации;дополнение;1;through-ages-new-leaders-and-wonders;Сквозь века: Новая история цивилизации - Новые лидеры и чудеса;https://tesera.ru/game/through-ages-new-story-civilization/
2026-09-27;tainted-grail-the-fall-of-avalon;Осквернённый Грааль. Падение Авалона;дополнение;0;tainted-grail-the-fall-of-avalon-monsters-of-avalon;;https://tesera.ru/game/tainted-grail-the-fall-of-avalon/
2026-09-27;tainted-grail-the-fall-of-avalon;Осквернённый Грааль. Падение Авалона;дополнение;1;tainted-grail-the-fall-of-avalon-age-of-legends;;https://tesera.ru/game/tainted-grail-the-fall-of-avalon/
2026-09-27;tainted-grail-the-fall-of-avalon;Осквернённый Грааль. Падение Авалона;дополнение;2;tainted-grail-the-fall-of-avalon-echoes-of-the-past;;https://tesera.ru/game/tainted-grail-the-fall-of-avalon/
2026-09-27;tainted-grail-the-fall-of-avalon;Осквернённый Грааль. Падение Авалона;дополнение;3;tainted-grail-the-fall-of-avalon-red-death-expansion;;https://tesera.ru/game/tainted-grail-the-fall-of-avalon/
2026-09-27;dune-imperium-uprising;Дюна: Империя. Восстание;предшественница;0;dune-imperium;Дюна: Империя;https://tesera.ru/game/dune-imperium-uprising/
2026-09-27;dune-imperium-uprising;Дюна: Империя. Восстание;дополнение;1;dune-imperium-uprising-arrakis-revolt;;https://tesera.ru/game/dune-imperium-uprising/
2026-09-27;dune-imperium-uprising;Дюна: Империя. Восстание;дополнение;2;dune-imperium-rise-of-ix;;https://tesera.ru/game/dune-imperium-uprising/
2026-09-27;dune-imperium-uprising;Дюна: Империя. Восстание;в одном мире;3;dune-war-for-arrakis;Дюна: Война за Арракис;https://tesera.ru/game/dune-imperium-uprising/
2026-09-27;Paths-of-Glory;Пути славы;в одной серии;0;world-war-ii-barbarossa-to-berlin;;https://tesera.ru/game/Paths-of-Glory/
2026-09-27;Paths-of-Glory;Пути славы;в одной серии;1;IoG;;https://tesera.ru/game/Paths-of-Glory/
2026-09-27;Paths-of-Glory;Пути славы;в одной серии;2;pursuit-of-glory;;https://tesera.ru/game/Paths-of-Glory/
2026-09-27;pax-renaissance-second-edition;Pax Renaissance. Русское издание;предшественница;0;pax-renaissance;;https://tesera.ru/game/pax-renaissance-second-edition/
2026-09-27;pax-renaissance-second-edition;Pax Renaissance. Русское издание;в одной серии;1;pax-viking;;https://tesera.ru/game/pax-renaissance-second-edition/
2026-09-27;pax-renaissance-second-edition;Pax Renaissance. Русское издание;в одной серии;2;pax-pamir-second-edition;Pax Pamir. Большая игра;https://tesera.ru/game/pax-renaissance-second-edition/
2026-09-27;pax-renaissance-second-edition;Pax Renaissance. Русское издание;в одной серии;3;paxemancipation;Pax Emancipation;https://tesera.ru/game/pax-renaissance-second-edition/
2026-09-27;star-wars-rebellion-rise-of-the-empire;Звёздные Войны: Восстание. Рассвет Империи;исходная игра;0;Star-Wars-Rebellion;Звёздные войны: Восстание;https://tesera.ru/game/star-wars-rebellion-rise-of-the-empire/
2026-09-27;terraforming-mars;Покорение Марса;дополнение;0;terraforming-mars-hellas-elysium;Покорение Марса: Эллада и Элизий;https://tesera.ru/game/terraforming-mars/
2026-09-27;terraforming-mars;Покорение Марса;дополнение;1;terraforming-mars-venus-next;;https://tesera.ru/game/terraforming-mars/
2026-09-27;terraforming-mars;Покорение Марса;дополнение;2;terraforming-mars-small-asteroid;;https://tesera.ru/game/terraforming-mars/
2026-09-27;terraforming-mars;Покорение Марса;дополнение;3;terraforming-mars-penguin;;https://tesera.ru/game/terraforming-mars/
2026-09-27;brass-lancashire;Brass. Ланкашир;продолжение;0;brass-birmingham;Brass: Бирмингем;https://tesera.ru/game/brass-lancashire/
2026-09-27;brass-lancashire;Brass. Ланкашир;оригинал;1;brass;Brass;https://tesera.ru/game/brass-lancashire/
2026-09-27;brass-lancashire;Brass. Ланкашир;в одной серии;2;2513048;;https://tesera.ru/game/brass-lancashire/
2026-09-27;Spirit-Island-Branch-and-Claw;Остров духов. Ветви и когти;исходная игра;0;spirit-island;Остров духов;https://tesera.ru/game/Spirit-Island-Branch-and-Claw/
2026-09-27;Spirit-Island-Branch-and-Claw;Остров духов. Ветви и когти;в одной серии;1;spirit-island-the-jagged-earth;Остров духов: Гиблый край;https://tesera.ru/game/Spirit-Island-Branch-and-Claw/
2026-09-27;Spirit-Island-Branch-and-Claw;Остров духов. Ветви и когти;в одной серии;2;spirit-island-nature-incarnate;;https://tesera.ru/game/Spirit-Island-Branch-and-Claw/
2026-09-27;Runewars-Banners-of-War;Runewars: Banners of War;исходная игра;0;runewars;Runewars;https://tesera.ru/game/Runewars-Banners-of-War/
2026-09-27;Runewars-Banners-of-War;Runewars: Banners of War;исходная игра;1;Runewars-Revised-Edition;Runewars (Revised Edition);https://tesera.ru/game/Runewars-Banners-of-War/
2026-09-27;Runewars-Banners-of-War;Runewars: Banners of War;в одной серии;2;battlemist;;https://tesera.ru/game/Runewars-Banners-of-War/
2026-09-27;twilight-struggle;Сумеречная борьба: Делюкс издание;в одной серии;0;imperial-struggle;Борьба империй;https://tesera.ru/game/twilight-struggle/
2026-09-27;twilight-struggle;Сумеречная борьба: Делюкс издание;дополнение;1;twilight-struggle-turn-zero;;https://tesera.ru/game/twilight-struggle/
2026-09-27;twilight-struggle;Сумеречная борьба: Делюкс издание;в одном мире;2;Twilight-Struggle-Red-Sea;;https://tesera.ru/game/twilight-struggle/
2026-09-27;twilight-struggle;Сумеречная борьба: Делюкс издание;дополнение;3;sumerechnaya-borba-filmy-kholodnoy-voyny;;https://tesera.ru/game/twilight-struggle/
2026-09-27;dune-war-for-arrakis;Дюна: Война за Арракис;в одном мире;0;dune;Dune (2019);https://tesera.ru/game/dune-war-for-arrakis/
2026-09-27;dune-war-for-arrakis;Дюна: Война за Арракис;в одном мире;1;dune-imperium;Дюна: Империя;https://tesera.ru/game/dune-war-for-arrakis/
2026-09-27;dune-war-for-arrakis;Дюна: Война за Арракис;в одном мире;2;arrakis-dawn-of-the-fremen;;https://tesera.ru/game/dune-war-for-arrakis/
2026-09-27;dune-war-for-arrakis;Дюна: Война за Арракис;дополнение;3;dune-war-for-arrakis-the-spacing-guild;;https://tesera.ru/game/dune-war-for-arrakis/
2026-09-27;hegemony-lead-your-class-to-victory;Гегемония: Классовая борьба;дополнение;0;hegemony-lead-your-class-to-victory-historical-events;;https://tesera.ru/game/hegemony-lead-your-class-to-victory/
2026-09-27;hegemony-lead-your-class-to-victory;Гегемония: Классовая борьба;дополнение;1;hegemony-crisis-and-control;;https://tesera.ru/game/hegemony-lead-your-class-to-victory/
2026-09-27;hegemony-lead-your-class-to-victory;Гегемония: Классовая борьба;дополнение;2;hegemony-lead-your-class-to-victory-deluxe-metal-coins;;https://tesera.ru/game/hegemony-lead-your-class-to-victory/
2026-09-27;hegemony-lead-your-class-to-victory;Гегемония: Классовая борьба;дополнение;3;gegemoniya-promo-controlling-the-narrative-promo;;https://tesera.ru/game/hegemony-lead-your-class-to-victory/
2026-09-27;john-company-second-edition;Джон Компани. Второе издание;в одной серии;0;pax-pamir-second-edition;Pax Pamir. Большая игра;https://tesera.ru/game/john-company-second-edition/
2026-09-27;john-company-second-edition;Джон Компани. Второе издание;оригинал;1;john-company;John Company;https://tesera.ru/game/john-company-second-edition/
2026-09-27;john-company-second-edition;Джон Компани. Второе издание;в одном мире;2;an-infamous-traffic;;https://tesera.ru/game/john-company-second-edition/
2026-09-27;age-of-innovation;Age of Innovation;предшественница;0;Terra-Mystica;Терра мистика;https://tesera.ru/game/age-of-innovation/
2026-09-27;age-of-innovation;Age of Innovation;в одной серии;1;terra-nova-2022;;https://tesera.ru/game/age-of-innovation/
2026-09-27;age-of-innovation;Age of Innovation;в одной серии;2;gaia-project;Проект «Гайя»;https://tesera.ru/game/age-of-innovation/
2026-09-27;seti-search-extraterrestrial-intelligence;SETI: Search for Extraterrestrial Intelligence;дополнение;0;seti-space-agencies;SETI: Space Agencies;https://tesera.ru/game/seti-search-extraterrestrial-intelligence/
2026-09-27;War-of-the-Ring-Lords-of-the-Middle-Earth;Война Кольца: Владыки Средиземья;исходная игра;0;war-of-the-ring;War of the Ring;https://tesera.ru/game/War-of-the-Ring-Lords-of-the-Middle-Earth/
2026-09-27;War-of-the-Ring-Lords-of-the-Middle-Earth;Война Кольца: Владыки Средиземья;дополнение;1;War-of-the-Ring-Treebeard-Promo;;https://tesera.ru/game/War-of-the-Ring-Lords-of-the-Middle-Earth/
2026-09-27;War-of-the-Ring-Lords-of-the-Middle-Earth;Война Кольца: Владыки Средиземья;в одном мире;2;Lord-of-the-Rings-Trivia-Game;;https://tesera.ru/game/War-of-the-Ring-Lords-of-the-Middle-Earth/
2026-09-27;War-of-the-Ring-Lords-of-the-Middle-Earth;Война Кольца: Владыки Средиземья;дополнение;3;war-of-the-ring-battles-of-the-third-age;;https://tesera.ru/game/War-of-the-Ring-Lords-of-the-Middle-Earth/
2026-09-27;spirit-island;Остров духов;дополнение;0;spirit-island-heart-of-the-wildfire-serpent-slumbering-beneath;"Остров духов: Промо-духи ""Сердце дикого огня"" и ""Дремлющий под Островом Змей""";https://tesera.ru/game/spirit-island/
2026-09-27;spirit-island;Остров духов;дополнение;1;spirit-island-champions-of-the-dahan-token-pack;;https://tesera.ru/game/spirit-island/
2026-09-27;spirit-island;Остров духов;дополнение;2;Spirit-Island-Branch-and-Claw;Остров духов. Ветви и когти;https://tesera.ru/game/spirit-island/
2026-09-27;spirit-island;Остров духов;дополнение;3;spirit-island-the-jagged-earth;Остров духов: Гиблый край;https://tesera.ru/game/spirit-island/
2026-09-27;StarCraft-Brood-War;StarCraft: The Board Game - Brood War Expansion;исходная игра;0;starcraft-the-board-game;StarCraft. Настольная игра;https://tesera.ru/game/StarCraft-Brood-War/
2026-09-27;StarCraft-Brood-War;StarCraft: The Board Game - Brood War Expansion;дополнение;1;starcraft-brood-war-promotional-leadership-cards;;https://tesera.ru/game/StarCraft-Brood-War/
2026-09-27;StarCraft-Brood-War;StarCraft: The Board Game - Brood War Expansion;дополнение;2;starcraft-typhon-promotion;;https://tesera.ru/game/StarCraft-Brood-War/
2026-09-27;StarCraft-Brood-War;StarCraft: The Board Game - Brood War Expansion;в одном мире;3;risk-starcraft;;https://tesera.ru/game/StarCraft-Brood-War/
2026-09-27;nemesis;Немезида;дополнение;0;Lords-of-Hellas-Adrestia;;https://tesera.ru/game/nemesis/
2026-09-27;nemesis;Немезида;дополнение;1;nemesis-aftermath;Nemesis: Aftermath & Void Seeders;https://tesera.ru/game/nemesis/
2026-09-27;nemesis;Немезида;дополнение;2;nemesis-terrain-expansion;Немезида: Набор ландшафта;https://tesera.ru/game/nemesis/
2026-09-27;nemesis;Немезида;дополнение;3;nemesis-medic-character-expansion;;https://tesera.ru/game/nemesis/
2026-09-27;Inis;Иниш;в одной серии;0;cyclades;Киклады;https://tesera.ru/game/Inis/
2026-09-27;Inis;Иниш;в одной серии;1;kemet;Кемет;https://tesera.ru/game/Inis/
2026-09-27;Inis;Иниш;дополнение;2;inis-seasons-of-inis;Иниш. Сезоны;https://tesera.ru/game/Inis/
2026-09-27;Inis;Иниш;в одной серии;3;galactic-renaissance;;https://tesera.ru/game/Inis/
2026-09-27;europa-universalis-the-price-of-power;Europa Universalis: The Price of Power;дополнение;0;europa-universalis-fate-of-empires;;https://tesera.ru/game/europa-universalis-the-price-of-power/
2026-09-27;europa-universalis-the-price-of-power;Europa Universalis: The Price of Power;предшественница;1;Europa-Universalis;;https://tesera.ru/game/europa-universalis-the-price-of-power/
2026-09-27;europa-universalis-the-price-of-power;Europa Universalis: The Price of Power;дополнение;2;europa-universalis-defying-destiny;;https://tesera.ru/game/europa-universalis-the-price-of-power/
2026-09-27;pax-pamir-second-edition;Pax Pamir. Большая игра;в одном мире;0;pax-pamir;;https://tesera.ru/game/pax-pamir-second-edition/
2026-09-27;pax-pamir-second-edition;Pax Pamir. Большая игра;в одной серии;1;pax-viking;;https://tesera.ru/game/pax-pamir-second-edition/
2026-09-27;pax-pamir-second-edition;Pax Pamir. Большая игра;в одной серии;2;pax-renaissance;;https://tesera.ru/game/pax-pamir-second-edition/
2026-09-27;pax-pamir-second-edition;Pax Pamir. Большая игра;в одной серии;3;pax-porfiriana;;https://tesera.ru/game/pax-pamir-second-edition/
2026-09-27;Android-Netrunner;Android: Netrunner;в одном мире;0;Android;Android;https://tesera.ru/game/Android-Netrunner/
2026-09-27;Android-Netrunner;Android: Netrunner;оригинал;1;netrunner;;https://tesera.ru/game/Android-Netrunner/
2026-09-27;Android-Netrunner;Android: Netrunner;в одном мире;2;Infiltration;Android: Infiltration;https://tesera.ru/game/Android-Netrunner/
2026-09-27;Android-Netrunner;Android: Netrunner;дополнение;3;what-lies-ahead;Android: Netrunner - What Lies Ahead;https://tesera.ru/game/Android-Netrunner/
2026-09-27;eclipse-second-dawn-for-the-galaxy;Eclipse. Второй рассвет галактики;оригинал;0;Eclipse-New-Dawn-for-the-Galaxy;Eclipse: New Dawn for the Galaxy;https://tesera.ru/game/eclipse-second-dawn-for-the-galaxy/
2026-09-27;eclipse-second-dawn-for-the-galaxy;Eclipse. Второй рассвет галактики;дополнение;1;Eclipse-Supernova;;https://tesera.ru/game/eclipse-second-dawn-for-the-galaxy/
2026-09-27;eclipse-second-dawn-for-the-galaxy;Eclipse. Второй рассвет галактики;дополнение;2;eclipse-2nd-dawn-rift-cannon;;https://tesera.ru/game/eclipse-second-dawn-for-the-galaxy/
2026-09-27;eclipse-second-dawn-for-the-galaxy;Eclipse. Второй рассвет галактики;дополнение;3;eclipse-2nd-dawn-ship-stands;;https://tesera.ru/game/eclipse-second-dawn-for-the-galaxy/
2026-09-27;Feast-Odin-First-Expansion;A Feast for Odin: The Norwegians Expansion;исходная игра;0;Feast-Odin;Во славу Одина;https://tesera.ru/game/Feast-Odin-First-Expansion/
2026-09-27;Feast-Odin-First-Expansion;A Feast for Odin: The Norwegians Expansion;исходная игра;1;a-feast-for-odin-lofoten-orkney-and-tierra-del-fuego;A Feast for Odin: Lofoten, Orkney, and Tierra del Fuego;https://tesera.ru/game/Feast-Odin-First-Expansion/
2026-09-27;Feast-Odin-First-Expansion;A Feast for Odin: The Norwegians Expansion;в одной серии;2;a-feast-for-odin-new-special-tiles;;https://tesera.ru/game/Feast-Odin-First-Expansion/
2026-09-27;arkham-horror-the-card-game-the-path-to-carcosa;Ужас Аркхэма. Карточная игра: Путь в Каркозу;в одной серии;0;uzhas-arkkhema-kartochnaya-igra-naslediye-danvicha;Ужас Аркхэма. Карточная игра: Наследие Данвича;https://tesera.ru/game/arkham-horror-the-card-game-the-path-to-carcosa/
2026-09-27;arkham-horror-the-card-game-the-path-to-carcosa;Ужас Аркхэма. Карточная игра: Путь в Каркозу;дополнение;1;Arkham-Horror-The-Card-Game-Echoes-of-the-Past;;https://tesera.ru/game/arkham-horror-the-card-game-the-path-to-carcosa/
2026-09-27;arkham-horror-the-card-game-the-path-to-carcosa;Ужас Аркхэма. Карточная игра: Путь в Каркозу;дополнение;2;uzhas-arkkhema-kartochnaya-igra-put-v-karkozu-prizrak-istiny;Ужас Аркхэма. Карточная игра: Путь в Каркозу. Призрак Истины;https://tesera.ru/game/arkham-horror-the-card-game-the-path-to-carcosa/
2026-09-27;arkham-horror-the-card-game-the-path-to-carcosa;Ужас Аркхэма. Карточная игра: Путь в Каркозу;дополнение;3;Arkham-Horror-The-Card-Game-The-Pallid-Mask;Ужас Аркхэма. Карточная игра: Путь в Каркозу. Бледная маска;https://tesera.ru/game/arkham-horror-the-card-game-the-path-to-carcosa/
2026-09-27;root-the-underworld-expansion;Корни. Подземный мир;исходная игра;0;root;Корни;https://tesera.ru/game/root-the-underworld-expansion/
2026-09-27;root-the-underworld-expansion;Корни. Подземный мир;в одной серии;1;root-the-riverfolk-expansion;Корни. Речное братство;https://tesera.ru/game/root-the-underworld-expansion/
2026-09-27;root-the-underworld-expansion;Корни. Подземный мир;в одной серии;2;RootTheClockworkExpansion;;https://tesera.ru/game/root-the-underworld-expansion/
2026-09-27;root-the-underworld-expansion;Корни. Подземный мир;в одном мире;3;Root-RPG;;https://tesera.ru/game/root-the-underworld-expansion/
2026-09-27;imperial-struggle;Борьба империй;в одной серии;0;twilight-struggle;Сумеречная борьба: Делюкс издание;https://tesera.ru/game/imperial-struggle/
2026-09-27;barrage;Плотина;дополнение;0;barrage-leeghwater-project;Плотина: Проект «Легватер»;https://tesera.ru/game/barrage/
2026-09-27;barrage;Плотина;дополнение;1;barrage-5-player-expansion;;https://tesera.ru/game/barrage/
2026-09-27;barrage;Плотина;дополнение;2;barrage-executive-officers-pack-b;;https://tesera.ru/game/barrage/
2026-09-27;barrage;Плотина;дополнение;3;barrage-executive-officers-pack;;https://tesera.ru/game/barrage/
2026-09-27;Twilight-Imperium-Shattered-Empire;Twilight Imperium: Shattered Empire;исходная игра;0;twilight-imperium-third-edition;Twilight Imperium 3rd Edition;https://tesera.ru/game/Twilight-Imperium-Shattered-Empire/
2026-09-27;Twilight-Imperium-Shattered-Empire;Twilight Imperium: Shattered Empire;дополнение;1;ti-sott;Twilight Imperium: Shards of the Throne;https://tesera.ru/game/Twilight-Imperium-Shattered-Empire/
2026-09-27;eldritch-horror-masks-of-nyarlathotep;Древний ужас: Маски Ньярлатхотепа;в одной серии;0;EldritchHorrorDreamlands;Древний ужас: Мир грёз;https://tesera.ru/game/eldritch-horror-masks-of-nyarlathotep/
2026-09-27;eldritch-horror-masks-of-nyarlathotep;Древний ужас: Маски Ньярлатхотепа;в одной серии;1;Eldritch-Horror-Strange-Remnants;Древний ужас. Таинственные руины;https://tesera.ru/game/eldritch-horror-masks-of-nyarlathotep/
2026-09-27;eldritch-horror-masks-of-nyarlathotep;Древний ужас: Маски Ньярлатхотепа;в одной серии;2;Eldritch-Horror-Forsaken-Lore;Древний ужас: Забытые тайны;https://tesera.ru/game/eldritch-horror-masks-of-nyarlathotep/
2026-09-27;eldritch-horror-masks-of-nyarlathotep;Древний ужас: Маски Ньярлатхотепа;в одной серии;3;Eldritch-Horror-Under-the-Pyramids;Древний ужас. Под пирамидами;https://tesera.ru/game/eldritch-horror-masks-of-nyarlathotep/
2026-09-27;kanbanev;Канбан. Электро;в одном мире;0;kanban-automotive-revolution;Kanban: Automotive Revolution;https://tesera.ru/game/kanbanev/
2026-09-27;kanbanev;Канбан. Электро;в одном мире;1;kanban;Kanban: Driver's Edition;https://tesera.ru/game/kanbanev/
2026-09-27;kanbanev;Канбан. Электро;дополнение;2;kanbanev-upgradepack;;https://tesera.ru/game/kanbanev/
2026-09-27;lisboa;Лиссабон;в одном мире;0;mercado-de-lisboa;;https://tesera.ru/game/lisboa/
2026-09-27;lisboa;Лиссабон;дополнение;1;lisboaqueen;;https://tesera.ru/game/lisboa/
2026-09-27;Eldritch-Horror-Mountains-of-Madness;Древний ужас. Хребты безумия;исходная игра;0;Eldritch-Horror;Древний ужас;https://tesera.ru/game/Eldritch-Horror-Mountains-of-Madness/
2026-09-27;Eldritch-Horror-Mountains-of-Madness;Древний ужас. Хребты безумия;в одной серии;1;eldritch-horror-signs-of-carcosa;Древний ужас: Знамения Каркозы;https://tesera.ru/game/Eldritch-Horror-Mountains-of-Madness/
2026-09-27;Eldritch-Horror-Mountains-of-Madness;Древний ужас. Хребты безумия;в одной серии;2;EldritchHorrorDreamlands;Древний ужас: Мир грёз;https://tesera.ru/game/Eldritch-Horror-Mountains-of-Madness/
2026-09-27;Eldritch-Horror-Mountains-of-Madness;Древний ужас. Хребты безумия;в одной серии;3;Eldritch-Horror-Forsaken-Lore;Древний ужас: Забытые тайны;https://tesera.ru/game/Eldritch-Horror-Mountains-of-Madness/
2026-09-27;twilight-imperium-third-edition;Twilight Imperium 3rd Edition;дополнение;0;Twilight-Imperium-Shattered-Empire;Twilight Imperium: Shattered Empire;https://tesera.ru/game/twilight-imperium-third-edition/
2026-09-27;twilight-imperium-third-edition;Twilight Imperium 3rd Edition;в одном мире;1;twilight-imperium-armada;;https://tesera.ru/game/twilight-imperium-third-edition/
2026-09-27;twilight-imperium-third-edition;Twilight Imperium 3rd Edition;дополнение;2;ti-sott;Twilight Imperium: Shards of the Throne;https://tesera.ru/game/twilight-imperium-third-edition/
2026-09-27;twilight-imperium-third-edition;Twilight Imperium 3rd Edition;в одном мире;3;Rex;;https://tesera.ru/game/twilight-imperium-third-edition/
2026-09-27;ti-sott;Twilight Imperium: Shards of the Throne;исходная игра;0;twilight-imperium-third-edition;Twilight Imperium 3rd Edition;https://tesera.ru/game/ti-sott/
2026-09-27;ti-sott;Twilight Imperium: Shards of the Throne;исходная игра;1;Twilight-Imperium-Shattered-Empire;Twilight Imperium: Shattered Empire;https://tesera.ru/game/ti-sott/
2026-09-27;scythe-the-rise-of-fenris;Серп. Восхождение Фенриса;исходная игра;0;scythe;Серп;https://tesera.ru/game/scythe-the-rise-of-fenris/
2026-09-27;scythe-the-rise-of-fenris;Серп. Восхождение Фенриса;в одной серии;1;scythe-invaders-from-afar;Серп. Захватчики из далеких земель;https://tesera.ru/game/scythe-the-rise-of-fenris/
2026-09-27;scythe-the-rise-of-fenris;Серп. Восхождение Фенриса;в одной серии;2;scythe-the-wind-gambit;Серп. Небесный гамбит;https://tesera.ru/game/scythe-the-rise-of-fenris/
2026-09-27;scythe-the-rise-of-fenris;Серп. Восхождение Фенриса;в одной серии;3;my-little-scythe;;https://tesera.ru/game/scythe-the-rise-of-fenris/
2026-09-27;ark-nova;Ark Nova;дополнение;0;ark-nova-marine-worlds;Ark Nova: Marine Worlds;https://tesera.ru/game/ark-nova/
2026-09-27;ark-nova;Ark Nova;дополнение;1;ark-nova-zoo-map-pack-1;;https://tesera.ru/game/ark-nova/
2026-09-27;ark-nova;Ark Nova;дополнение;2;ark-nova-zoo-map-pack-2;;https://tesera.ru/game/ark-nova/
2026-09-27;ark-nova;Ark Nova;в одной серии;3;sanctuary;;https://tesera.ru/game/ark-nova/
2026-09-27;battlestar-galactica;Battlestar Galactica;дополнение;0;BSG-Pegasus;Battlestar Galactica: Pegasus Expansion;https://tesera.ru/game/battlestar-galactica/
2026-09-27;battlestar-galactica;Battlestar Galactica;дополнение;1;BSG-Exodus;Battlestar Galactica: Exodus Expansion;https://tesera.ru/game/battlestar-galactica/
2026-09-27;battlestar-galactica;Battlestar Galactica;дополнение;2;Battlestar-Galactica-Daybreak-Expansion;Battlestar Galactica: Daybreak Expansion;https://tesera.ru/game/battlestar-galactica/
2026-09-27;battlestar-galactica;Battlestar Galactica;в одном мире;3;Battlestar-Galactica-Starship-Battles;;https://tesera.ru/game/battlestar-galactica/
2026-09-27;xia-embers-of-a-forsaken-star;Ксиа. Искры покинутой звезды;исходная игра;0;xia;Ксиа. Тайны дрейфующей системы;https://tesera.ru/game/xia-embers-of-a-forsaken-star/
2026-09-27;clash-of-cultures-monumental-edition;Столкновение цивилизаций. Монументальное издание;в одной серии;0;Clash-of-Cultures;;https://tesera.ru/game/clash-of-cultures-monumental-edition/
2026-09-27;clash-of-cultures-monumental-edition;Столкновение цивилизаций. Монументальное издание;в одной серии;1;Clash-of-Cultures-Civilizations;;https://tesera.ru/game/clash-of-cultures-monumental-edition/
2026-09-27;clash-of-cultures-monumental-edition;Столкновение цивилизаций. Монументальное издание;в одной серии;2;clash-of-cultures-civilizations-aztecs;;https://tesera.ru/game/clash-of-cultures-monumental-edition/
2026-09-27;tainted-grail-age-of-legends-last-knight-campaigns;Осквернённый Грааль. Кампании «Эпоха легенд» и «Последний рыцарь»;исходная игра;0;tainted-grail-the-fall-of-avalon;Осквернённый Грааль. Падение Авалона;https://tesera.ru/game/tainted-grail-age-of-legends-last-knight-campaigns/
2026-09-27;tainted-grail-age-of-legends-last-knight-campaigns;Осквернённый Грааль. Кампании «Эпоха легенд» и «Последний рыцарь»;в одной серии;1;tainted-grail-the-fall-of-avalon-monsters-of-avalon;;https://tesera.ru/game/tainted-grail-age-of-legends-last-knight-campaigns/
2026-09-27;tainted-grail-age-of-legends-last-knight-campaigns;Осквернённый Грааль. Кампании «Эпоха легенд» и «Последний рыцарь»;в одной серии;2;tainted-grail-the-fall-of-avalon-echoes-of-the-past;;https://tesera.ru/game/tainted-grail-age-of-legends-last-knight-campaigns/
2026-09-27;tainted-grail-age-of-legends-last-knight-campaigns;Осквернённый Грааль. Кампании «Эпоха легенд» и «Последний рыцарь»;в одной серии;3;tainted-grail-the-fall-of-avalon-red-death-expansion;;https://tesera.ru/game/tainted-grail-age-of-legends-last-knight-campaigns/
2026-09-27;dune-imperium-rise-ix;Дюна: Империя - Расцвет Иксианцев;исходная игра;0;dune-imperium;Дюна: Империя;https://tesera.ru/game/dune-imperium-rise-ix/
2026-09-27;dune-imperium-rise-ix;Дюна: Империя - Расцвет Иксианцев;дополнение;1;dune-imperium-boundless-ambition-promo-card;;https://tesera.ru/game/dune-imperium-rise-ix/
2026-09-27;dune-imperium-rise-ix;Дюна: Империя - Расцвет Иксианцев;дополнение;2;dune-imperium-dreadnought-upgrade-pack;;https://tesera.ru/game/dune-imperium-rise-ix/
2026-09-27;dune-imperium-rise-ix;Дюна: Империя - Расцвет Иксианцев;исходная игра;3;dune-imperium-war-for-arrakis;Дюна: Империя - Борьба за Арракис;https://tesera.ru/game/dune-imperium-rise-ix/
2026-09-27;great-western-trail;Великий западный путь (первое издание);дополнение;0;Great-Western-Trail-Eleventh-Building-Tile;;https://tesera.ru/game/great-western-trail/
2026-09-27;great-western-trail;Великий западный путь (первое издание);дополнение;1;great-western-trail-rails-to-the-north;Великий западный путь. Дорога на Север;https://tesera.ru/game/great-western-trail/
2026-09-27;great-western-trail;Великий западный путь (первое издание);дополнение;2;great-western-trail-promo-tiles;;https://tesera.ru/game/great-western-trail/
2026-09-27;great-western-trail;Великий западный путь (первое издание);дополнение;3;great-western-trail-at-the-poker-table;;https://tesera.ru/game/great-western-trail/
2026-09-27;Sid-Meiers-Civilization-Fame-and-Fortune;Цивилизация. Удача и слава;исходная игра;0;sid-meiers-civilization-ffg;Цивилизация Сида Мейера;https://tesera.ru/game/Sid-Meiers-Civilization-Fame-and-Fortune/
2026-09-27;Sid-Meiers-Civilization-Fame-and-Fortune;Цивилизация. Удача и слава;в одной серии;1;sid-meiers-civilization;;https://tesera.ru/game/Sid-Meiers-Civilization-Fame-and-Fortune/
2026-09-27;Sid-Meiers-Civilization-Fame-and-Fortune;Цивилизация. Удача и слава;продолжение;2;Sid-Meiers-Civilization-Wisdom-Warfare;Цивилизация. Мудрость и война;https://tesera.ru/game/Sid-Meiers-Civilization-Fame-and-Fortune/
2026-09-27;Descent-2ed-Shadow-of-Nerekhall;Descent: Тень Нерекхола;исходная игра;0;Descent-Journeys-in-the-Dark-Second-Edition;Descent: Странствия во тьме (вторая редакция);https://tesera.ru/game/Descent-2ed-Shadow-of-Nerekhall/
2026-09-27;Descent-2ed-Shadow-of-Nerekhall;Descent: Тень Нерекхола;дополнение;1;Descent-2ed-Lieutenant-Pack-Tristayne-Olliven;;https://tesera.ru/game/Descent-2ed-Shadow-of-Nerekhall/
2026-09-27;Descent-2ed-Shadow-of-Nerekhall;Descent: Тень Нерекхола;дополнение;2;Descent-2ed-Lieutenant-Pack-Verminous;;https://tesera.ru/game/Descent-2ed-Shadow-of-Nerekhall/
2026-09-27;Descent-2ed-Shadow-of-Nerekhall;Descent: Тень Нерекхола;дополнение;3;Descent-2ed-Lieutenant-Pack-Rylan-Olliven;;https://tesera.ru/game/Descent-2ed-Shadow-of-Nerekhall/
2026-09-27;great-western-trail-rails-to-the-north;Великий западный путь. Дорога на Север;в одной серии;0;great-western-trail-promo-tiles;;https://tesera.ru/game/great-western-trail-rails-to-the-north/
2026-09-27;great-western-trail-rails-to-the-north;Великий западный путь. Дорога на Север;в одной серии;1;Great-Western-Trail-Eleventh-Building-Tile;;https://tesera.ru/game/great-western-trail-rails-to-the-north/
2026-09-27;great-western-trail-rails-to-the-north;Великий западный путь. Дорога на Север;исходная игра;2;great-western-trail;Великий западный путь (первое издание);https://tesera.ru/game/great-western-trail-rails-to-the-north/
2026-09-27;great-western-trail-rails-to-the-north;Великий западный путь. Дорога на Север;в одной серии;3;great-western-trail-at-the-poker-table;;https://tesera.ru/game/great-western-trail-rails-to-the-north/
2026-09-27;underwater-cities-new-discoveries;Подводные города: Новые открытия;исходная игра;0;underwater-cities;Подводные города;https://tesera.ru/game/underwater-cities-new-discoveries/
2026-09-27;underwater-cities-new-discoveries;Подводные города: Новые открытия;в одной серии;1;underwater-cities-biodome-promo;;https://tesera.ru/game/underwater-cities-new-discoveries/
2026-09-27;underwater-cities-new-discoveries;Подводные города: Новые открытия;в одной серии;2;underwater-cities-ibiza-promo-card;;https://tesera.ru/game/underwater-cities-new-discoveries/
2026-09-27;underwater-cities-new-discoveries;Подводные города: Новые открытия;дополнение;3;underwater-cities-cooper-n-flexible-friends-promo;;https://tesera.ru/game/underwater-cities-new-discoveries/
2026-09-27;eldritch-horror-cities-in-ruin;Древний ужас. Разрушенные города;исходная игра;0;Eldritch-Horror;Древний ужас;https://tesera.ru/game/eldritch-horror-cities-in-ruin/
2026-09-27;eldritch-horror-cities-in-ruin;Древний ужас. Разрушенные города;исходная игра;1;EldritchHorrorDreamlands;Древний ужас: Мир грёз;https://tesera.ru/game/eldritch-horror-cities-in-ruin/
2026-09-27;eldritch-horror-cities-in-ruin;Древний ужас. Разрушенные города;дополнение;2;Eldritch-Horror-Forsaken-Lore;Древний ужас: Забытые тайны;https://tesera.ru/game/eldritch-horror-cities-in-ruin/
2026-09-27;eldritch-horror-cities-in-ruin;Древний ужас. Разрушенные города;дополнение;3;Eldritch-Horror-Under-the-Pyramids;Древний ужас. Под пирамидами;https://tesera.ru/game/eldritch-horror-cities-in-ruin/
2026-09-27;die-burgen-von-burgund;Замки Бургундии;в одной серии;0;glen-more;;https://tesera.ru/game/die-burgen-von-burgund/
2026-09-27;die-burgen-von-burgund;Замки Бургундии;в одной серии;1;in-the-year-of-dragon;;https://tesera.ru/game/die-burgen-von-burgund/
2026-09-27;die-burgen-von-burgund;Замки Бургундии;в одной серии;2;Notre-Dame;;https://tesera.ru/game/die-burgen-von-burgund/
2026-09-27;die-burgen-von-burgund;Замки Бургундии;в одной серии;3;puerto-rico;Пуэрто-Рико;https://tesera.ru/game/die-burgen-von-burgund/
2026-09-27;root-the-riverfolk-expansion;Корни. Речное братство;исходная игра;0;root;Корни;https://tesera.ru/game/root-the-riverfolk-expansion/
2026-09-27;root-the-riverfolk-expansion;Корни. Речное братство;в одной серии;1;root-the-underworld-expansion;Корни. Подземный мир;https://tesera.ru/game/root-the-riverfolk-expansion/
2026-09-27;root-the-riverfolk-expansion;Корни. Речное братство;в одной серии;2;RootTheClockworkExpansion;;https://tesera.ru/game/root-the-riverfolk-expansion/
2026-09-27;root-the-riverfolk-expansion;Корни. Речное братство;в одном мире;3;Root-RPG;;https://tesera.ru/game/root-the-riverfolk-expansion/
2026-09-27;EldritchHorrorDreamlands;Древний ужас: Мир грёз;исходная игра;0;Eldritch-Horror;Древний ужас;https://tesera.ru/game/EldritchHorrorDreamlands/
2026-09-27;EldritchHorrorDreamlands;Древний ужас: Мир грёз;в одной серии;1;Eldritch-Horror-Mountains-of-Madness;Древний ужас. Хребты безумия;https://tesera.ru/game/EldritchHorrorDreamlands/
2026-09-27;EldritchHorrorDreamlands;Древний ужас: Мир грёз;в одной серии;2;Eldritch-Horror-Under-the-Pyramids;Древний ужас. Под пирамидами;https://tesera.ru/game/EldritchHorrorDreamlands/
2026-09-27;EldritchHorrorDreamlands;Древний ужас: Мир грёз;в одной серии;3;Eldritch-Horror-Forsaken-Lore;Древний ужас: Забытые тайны;https://tesera.ru/game/EldritchHorrorDreamlands/
2026-09-27;warchest;Сундук войны;дополнение;0;warchest-nobility;Сундук войны. Дворянство;https://tesera.ru/game/warchest/
2026-09-27;warchest;Сундук войны;дополнение;1;warchest-siege;Сундук войны. Осада;https://tesera.ru/game/warchest/
2026-09-27;warchest;Сундук войны;исходная игра;2;war-chest-nightfall;Сундук войны. Сумерки;https://tesera.ru/game/warchest/
2026-09-27;warchest;Сундук войны;дополнение;3;sunduk-voyny-turnir;Сундук войны. Турнир;https://tesera.ru/game/warchest/
2026-09-27;5tribes;Пять племён;дополнение;0;Five-Tribes-Dhenim;;https://tesera.ru/game/5tribes/
2026-09-27;5tribes;Пять племён;дополнение;1;Five-Tribes-djinn-wilwit;;https://tesera.ru/game/5tribes/
2026-09-27;5tribes;Пять племён;дополнение;2;Five-Tribes-The-Artisans-of-Naqala;Пять племён. Ремесленники Накалы;https://tesera.ru/game/5tribes/
2026-09-27;5tribes;Пять племён;дополнение;3;Five-Tribes-The-Thieves-of-Naqala;Five Tribes: The Thieves of Naqala;https://tesera.ru/game/5tribes/
2026-09-27;great-western-trail-second-edition;Великий Западный Путь. Второе издание;оригинал;0;great-western-trail;Великий западный путь (первое издание);https://tesera.ru/game/great-western-trail-second-edition/
2026-09-27;great-western-trail-second-edition;Великий Западный Путь. Второе издание;дополнение;1;great-western-trail-rails-to-the-north-second-edition;;https://tesera.ru/game/great-western-trail-second-edition/
2026-09-27;great-western-trail-second-edition;Великий Западный Путь. Второе издание;в одной серии;2;great-western-trail-argentina;Великий Западный Путь. Аргентина;https://tesera.ru/game/great-western-trail-second-edition/
2026-09-27;great-western-trail-second-edition;Великий Западный Путь. Второе издание;в одной серии;3;great-western-trail-new-zealand;Великий западный путь. Новая Зеландия;https://tesera.ru/game/great-western-trail-second-edition/
2026-09-27;7-wonders-duel;7 чудес: Дуэль;дополнение;0;7Wonders-DuelMesse-Essen;7 Wonders: Duel The Messe Essen;https://tesera.ru/game/7-wonders-duel/
2026-09-27;7-wonders-duel;7 чудес: Дуэль;дополнение;1;7-wonders-duel-pantheon;7 чудес: Дуэль - Пантеон;https://tesera.ru/game/7-wonders-duel/
2026-09-27;7-wonders-duel;7 чудес: Дуэль;дополнение;2;7Wonders-Duel-Statue-of-Liberty;;https://tesera.ru/game/7-wonders-duel/
2026-09-27;7-wonders-duel;7 чудес: Дуэль;в одной серии;3;7-Dice-Wonders;;https://tesera.ru/game/7-wonders-duel/
2026-09-27;Pandemic-Legacy;Пандемия: Наследие — Первый сезон;предшественница;0;pandemic;Пандемия;https://tesera.ru/game/Pandemic-Legacy/
2026-09-27;Pandemic-Legacy;Пандемия: Наследие — Первый сезон;в одной серии;1;Pandemic-The-Cure;;https://tesera.ru/game/Pandemic-Legacy/
2026-09-27;Pandemic-Legacy;Пандемия: Наследие — Первый сезон;в одной серии;2;pandemic-contagion;;https://tesera.ru/game/Pandemic-Legacy/
2026-09-27;Pandemic-Legacy;Пандемия: Наследие — Первый сезон;продолжение;3;Pandemic-Legacy-s2;Пандемия: Наследие  — Второй сезон;https://tesera.ru/game/Pandemic-Legacy/
2026-09-27;Runewars-Revised-Edition;Runewars (Revised Edition);оригинал;0;runewars;Runewars;https://tesera.ru/game/Runewars-Revised-Edition/
2026-09-27;Runewars-Revised-Edition;Runewars (Revised Edition);в одном мире;1;Descent-Journeys-in-the-Dark-Second-Edition;Descent: Странствия во тьме (вторая редакция);https://tesera.ru/game/Runewars-Revised-Edition/
2026-09-27;Runewars-Revised-Edition;Runewars (Revised Edition);в одном мире;2;battlelore-second-edition;Battlelore (Вторая редакция);https://tesera.ru/game/Runewars-Revised-Edition/
2026-09-27;Runewars-Revised-Edition;Runewars (Revised Edition);дополнение;3;Runewars-Banners-of-War;Runewars: Banners of War;https://tesera.ru/game/Runewars-Revised-Edition/
2026-09-27;this-war-of-mine-this-war-of-mine-tales-from-the-ruined-city;Это моя война. Истории осаждённого города;исходная игра;0;this-war-of-mine-the-board-game;Это моя война;https://tesera.ru/game/this-war-of-mine-this-war-of-mine-tales-from-the-ruined-city/
2026-09-27;this-war-of-mine-this-war-of-mine-tales-from-the-ruined-city;Это моя война. Истории осаждённого города;в одной серии;1;this-war-of-mine-days-of-the-siege;;https://tesera.ru/game/this-war-of-mine-this-war-of-mine-tales-from-the-ruined-city/
2026-09-27;this-war-of-mine-this-war-of-mine-tales-from-the-ruined-city;Это моя война. Истории осаждённого города;римейк;2;this-war-of-mine-the-board-game-second-edition;;https://tesera.ru/game/this-war-of-mine-this-war-of-mine-tales-from-the-ruined-city/
2026-09-27;lord-rings-journeys-middle-earth-shadowed-paths-expansion;Властелин колец: Странствия в Средиземье - Тёмные тропы;исходная игра;0;lord-rings-journeys-middle-earth;Властелин колец: Странствия в Средиземье;https://tesera.ru/game/lord-rings-journeys-middle-earth-shadowed-paths-expansion/
2026-09-27;lord-rings-journeys-middle-earth-shadowed-paths-expansion;Властелин колец: Странствия в Средиземье - Тёмные тропы;в одной серии;1;lord-rings-journeys-middle-earth-spreading-war-expansion;;https://tesera.ru/game/lord-rings-journeys-middle-earth-shadowed-paths-expansion/
2026-09-27;gloomhaven-jaws-of-the-Lion;Мрачная гавань: Челюсти льва;исходная игра;0;gloomhaven;Мрачная гавань;https://tesera.ru/game/gloomhaven-jaws-of-the-Lion/
2026-09-27;gloomhaven-jaws-of-the-Lion;Мрачная гавань: Челюсти льва;в одном мире;1;Frosthaven;Frosthaven;https://tesera.ru/game/gloomhaven-jaws-of-the-Lion/
2026-09-27;gloomhaven-jaws-of-the-Lion;Мрачная гавань: Челюсти льва;в одном мире;2;founders-of-gloomhaven;;https://tesera.ru/game/gloomhaven-jaws-of-the-Lion/
2026-09-27;gloomhaven-jaws-of-the-Lion;Мрачная гавань: Челюсти льва;дополнение;3;gloomhaven-forgotten-circles;;https://tesera.ru/game/gloomhaven-jaws-of-the-Lion/
2026-09-27;dungeons-and-dragons;Dungeons & Dragons;в одном мире;0;Dungeons-and-Dragons-Castle-Ravenloft;;https://tesera.ru/game/dungeons-and-dragons/
2026-09-27;dungeons-and-dragons;Dungeons & Dragons;в одном мире;1;Dungeons-and-Dragons-Wrath-of-Ashardalon;;https://tesera.ru/game/dungeons-and-dragons/
2026-09-27;dungeons-and-dragons;Dungeons & Dragons;в одном мире;2;inn-fighting;;https://tesera.ru/game/dungeons-and-dragons/
2026-09-27;dungeons-and-dragons;Dungeons & Dragons;в одной серии;3;dungeons-dragons-miniatures;;https://tesera.ru/game/dungeons-and-dragons/
2026-09-27;uzhas-arkkhema-kartochnaya-igra-naslediye-danvicha;Ужас Аркхэма. Карточная игра: Наследие Данвича;исходная игра;0;arkham-horror-the-card-game;Ужас Аркхэма. Карточная игра;https://tesera.ru/game/uzhas-arkkhema-kartochnaya-igra-naslediye-danvicha/
2026-09-27;uzhas-arkkhema-kartochnaya-igra-naslediye-danvicha;Ужас Аркхэма. Карточная игра: Наследие Данвича;дополнение;1;uzhas-arkkhema-kartochnaya-igra-miskatoniksky-muzey;Ужас Аркхэма. Карточная игра: Наследие Данвича. Мискатоникский музей;https://tesera.ru/game/uzhas-arkkhema-kartochnaya-igra-naslediye-danvicha/
2026-09-27;uzhas-arkkhema-kartochnaya-igra-naslediye-danvicha;Ужас Аркхэма. Карточная игра: Наследие Данвича;дополнение;2;uzhas-arkkhema-kartochnaya-igra-naslediye-danvicha-ekspress;Ужас Аркхэма. Карточная игра: Наследие Данвича. Экспресс округа Эссекс;https://tesera.ru/game/uzhas-arkkhema-kartochnaya-igra-naslediye-danvicha/
2026-09-27;uzhas-arkkhema-kartochnaya-igra-naslediye-danvicha;Ужас Аркхэма. Карточная игра: Наследие Данвича;дополнение;3;uzhas-arkkhema-kartochnaya-igra-naslediye-danvicha-krov-na;Ужас Аркхэма. Карточная игра: Наследие Данвича. Кровь на алтаре;https://tesera.ru/game/uzhas-arkkhema-kartochnaya-igra-naslediye-danvicha/
2026-09-27;darwins-journey;Путешествие Дарвина;дополнение;0;darwins-journey-fireland-expansion;;https://tesera.ru/game/darwins-journey/
2026-09-27;darwins-journey;Путешествие Дарвина;дополнение;1;darwins-journey-great-ship;;https://tesera.ru/game/darwins-journey/
2026-09-27;darwins-journey;Путешествие Дарвина;дополнение;2;darwins-journey-animal-companion;;https://tesera.ru/game/darwins-journey/
2026-09-27;darwins-journey;Путешествие Дарвина;дополнение;3;darwins-journey-pirates-mini-expansion;;https://tesera.ru/game/darwins-journey/
2026-09-27;monster;Kingdom Death: Monster;дополнение;0;KDMDK;;https://tesera.ru/game/monster/
2026-09-27;monster;Kingdom Death: Monster;дополнение;1;KDMDBK;;https://tesera.ru/game/monster/
2026-09-27;monster;Kingdom Death: Monster;дополнение;2;KDMSS;;https://tesera.ru/game/monster/
2026-09-27;monster;Kingdom Death: Monster;дополнение;3;KDMFK;;https://tesera.ru/game/monster/
2026-09-27;Sid-Meiers-Civilization-Wisdom-Warfare;Цивилизация. Мудрость и война;исходная игра;0;sid-meiers-civilization-ffg;Цивилизация Сида Мейера;https://tesera.ru/game/Sid-Meiers-Civilization-Wisdom-Warfare/
2026-09-27;Sid-Meiers-Civilization-Wisdom-Warfare;Цивилизация. Мудрость и война;предшественница;1;Sid-Meiers-Civilization-Fame-and-Fortune;Цивилизация. Удача и слава;https://tesera.ru/game/Sid-Meiers-Civilization-Wisdom-Warfare/
2026-09-27;Terra-Mystica;Терра мистика;дополнение;0;terra-mystica-4-town-tiles;;https://tesera.ru/game/Terra-Mystica/
2026-09-27;Terra-Mystica;Терра мистика;дополнение;1;terra-mystica-navigation-round-bonus-tile;;https://tesera.ru/game/Terra-Mystica/
2026-09-27;Terra-Mystica;Терра мистика;дополнение;2;Terra-Mystica-Promo-List;;https://tesera.ru/game/Terra-Mystica/
2026-09-27;Terra-Mystica;Терра мистика;в одной серии;3;die-burgen-von-burgund;Замки Бургундии;https://tesera.ru/game/Terra-Mystica/
2026-09-27;dune-imperium;Дюна: Империя;в одном мире;0;dune-dice;;https://tesera.ru/game/dune-imperium/
2026-09-27;dune-imperium;Дюна: Империя;в одном мире;1;Dune;Dune (1979);https://tesera.ru/game/dune-imperium/
2026-09-27;dune-imperium;Дюна: Империя;в одном мире;2;dune;Dune (2019);https://tesera.ru/game/dune-imperium/
2026-09-27;dune-imperium;Дюна: Империя;в одном мире;3;dune-collectible-card-game;;https://tesera.ru/game/dune-imperium/
2026-09-27;cyclades-hades;Киклады. Аид;исходная игра;0;cyclades;Киклады;https://tesera.ru/game/cyclades-hades/
2026-09-27;cyclades-hades;Киклады. Аид;дополнение;1;Cyclades-Hecate;;https://tesera.ru/game/cyclades-hades/
2026-09-27;cyclades-hades;Киклады. Аид;в одной серии;2;cyclades-titans;Киклады. Титаны;https://tesera.ru/game/cyclades-hades/
2026-09-27;cyclades-hades;Киклады. Аид;в одной серии;3;cyclades-monuments;;https://tesera.ru/game/cyclades-hades/
2026-09-27;mother-of-dragons;Игра Престолов: Мать драконов;исходная игра;0;a-game-of-thrones-the-board-game-second-edition;Игра Престолов. Второе издание;https://tesera.ru/game/mother-of-dragons/
2026-09-27;mother-of-dragons;Игра Престолов: Мать драконов;в одной серии;1;igra-prestolov-tanets-drakonov;;https://tesera.ru/game/mother-of-dragons/
2026-09-27;mother-of-dragons;Игра Престолов: Мать драконов;в одном мире;2;Dance-of-Dragons-fanmade;;https://tesera.ru/game/mother-of-dragons/
2026-09-27;trickerion-legends-of-illusion-bundle-edition;Трикерион. Искусство иллюзии. Полное издание;римейк;0;trickerion;Трикерион. Искусство иллюзии;https://tesera.ru/game/trickerion-legends-of-illusion-bundle-edition/
2026-09-27;trickerion-legends-of-illusion-bundle-edition;Трикерион. Искусство иллюзии. Полное издание;римейк;1;trickerion-dahlgaards-gifts;;https://tesera.ru/game/trickerion-legends-of-illusion-bundle-edition/
2026-09-27;trickerion-legends-of-illusion-bundle-edition;Трикерион. Искусство иллюзии. Полное издание;дополнение;2;1trickerion-dahlgaards-academy;;https://tesera.ru/game/trickerion-legends-of-illusion-bundle-edition/
2026-09-27;trickerion-legends-of-illusion-bundle-edition;Трикерион. Искусство иллюзии. Полное издание;римейк;3;TrickerionDawnofTechnology;;https://tesera.ru/game/trickerion-legends-of-illusion-bundle-edition/
2026-09-27;feudum;Феод;дополнение;0;feudum-the-queens-army;;https://tesera.ru/game/feudum/
2026-09-27;feudum;Феод;дополнение;1;feudum-alter-ego;;https://tesera.ru/game/feudum/
2026-09-27;feudum;Феод;дополнение;2;feudum-seals-and-sirens;;https://tesera.ru/game/feudum/
2026-09-27;feudum;Феод;дополнение;3;feudum-windmills-and-catapults;;https://tesera.ru/game/feudum/
2026-09-27;Eclipse-New-Dawn-for-the-Galaxy;Eclipse: New Dawn for the Galaxy;дополнение;0;Eclipse-Supernova;;https://tesera.ru/game/Eclipse-New-Dawn-for-the-Galaxy/
2026-09-27;Eclipse-New-Dawn-for-the-Galaxy;Eclipse: New Dawn for the Galaxy;дополнение;1;Eclipse-Rise-of-the-Ancients;Eclipse: Rise of the Ancients;https://tesera.ru/game/Eclipse-New-Dawn-for-the-Galaxy/
2026-09-27;Eclipse-New-Dawn-for-the-Galaxy;Eclipse: New Dawn for the Galaxy;дополнение;2;Eclipse-Pulsar;Eclipse: Pulsar;https://tesera.ru/game/Eclipse-New-Dawn-for-the-Galaxy/
2026-09-27;Eclipse-New-Dawn-for-the-Galaxy;Eclipse: New Dawn for the Galaxy;дополнение;3;Eclipse-Ship-Pack-One;Eclipse: Ship Pack One;https://tesera.ru/game/Eclipse-New-Dawn-for-the-Galaxy/
2026-09-27;terraforming-mars-prelude;Покорение Марса: Пролог;исходная игра;0;terraforming-mars;Покорение Марса;https://tesera.ru/game/terraforming-mars-prelude/
2026-09-27;terraforming-mars-prelude;Покорение Марса: Пролог;дополнение;1;terraforming-mars-colonies;Покорение Марса: Колонии;https://tesera.ru/game/terraforming-mars-prelude/
2026-09-27;terraforming-mars-prelude;Покорение Марса: Пролог;в одной серии;2;terraforming-mars-venus-next;;https://tesera.ru/game/terraforming-mars-prelude/
2026-09-27;terraforming-mars-prelude;Покорение Марса: Пролог;в одной серии;3;terraforming-mars-hellas-elysium;Покорение Марса: Эллада и Элизий;https://tesera.ru/game/terraforming-mars-prelude/
2026-09-27;mars;На Марсе;дополнение;0;on-mars-surviving-mars;;https://tesera.ru/game/mars/
2026-09-27;mars;На Марсе;в одной серии;1;mars-upgrade-pack;;https://tesera.ru/game/mars/
2026-09-27;mars;На Марсе;дополнение;2;mars-beacon-promo-card;;https://tesera.ru/game/mars/
2026-09-27;War-of-the-Ring-Warriors-of-Middle-earth;Война Кольца: Воины Средиземья;исходная игра;0;War-of-the-Ring-Second-Edition;Война Кольца (Второе издание);https://tesera.ru/game/War-of-the-Ring-Warriors-of-Middle-earth/
2026-09-27;War-of-the-Ring-Warriors-of-Middle-earth;Война Кольца: Воины Средиземья;в одной серии;1;war-of-the-ring-battles-of-the-third-age;;https://tesera.ru/game/War-of-the-Ring-Warriors-of-Middle-earth/
2026-09-27;War-of-the-Ring-Warriors-of-Middle-earth;Война Кольца: Воины Средиземья;в одной серии;2;The-Battle-of-Five-Armies;Битва Пяти Воинств;https://tesera.ru/game/War-of-the-Ring-Warriors-of-Middle-earth/
2026-09-27;War-of-the-Ring-Warriors-of-Middle-earth;Война Кольца: Воины Средиземья;предшественница;3;War-of-the-Ring-Lords-of-the-Middle-Earth;Война Кольца: Владыки Средиземья;https://tesera.ru/game/War-of-the-Ring-Warriors-of-Middle-earth/
2026-09-27;Too-Many-Bones;Слишком много костей;в одной серии;0;too-many-bones-undertow;;https://tesera.ru/game/Too-Many-Bones/
2026-09-27;Too-Many-Bones;Слишком много костей;дополнение;1;too-many-bones-splice-dice;;https://tesera.ru/game/Too-Many-Bones/
2026-09-27;Too-Many-Bones;Слишком много костей;дополнение;2;too-many-bones-dart;;https://tesera.ru/game/Too-Many-Bones/
2026-09-27;Too-Many-Bones;Слишком много костей;дополнение;3;too-many-bones-ghillie;;https://tesera.ru/game/Too-Many-Bones/
2026-09-27;arkham-horror-third-edition-under-dark-waves;Ужас Аркхэма. Третья редакция: Под тёмными волнами;исходная игра;0;arkham-horror-third-edition;Ужас Аркхэма. Третья редакция;https://tesera.ru/game/arkham-horror-third-edition-under-dark-waves/
2026-09-27;arkham-horror-third-edition-under-dark-waves;Ужас Аркхэма. Третья редакция: Под тёмными волнами;в одной серии;1;arkham-horror-third-edition-dead-night;Ужас Аркхэма. Третья редакция: Во мраке ночи;https://tesera.ru/game/arkham-horror-third-edition-under-dark-waves/
2026-09-27;arkham-horror-third-edition-under-dark-waves;Ужас Аркхэма. Третья редакция: Под тёмными волнами;в одной серии;2;arkham-horror-third-edition-secrets-order;Ужас Аркхэма. Третья редакция: Секреты ордена;https://tesera.ru/game/arkham-horror-third-edition-under-dark-waves/
2026-09-27;Eldritch-Horror-Forsaken-Lore;Древний ужас: Забытые тайны;исходная игра;0;Eldritch-Horror;Древний ужас;https://tesera.ru/game/Eldritch-Horror-Forsaken-Lore/
2026-09-27;Eldritch-Horror-Forsaken-Lore;Древний ужас: Забытые тайны;в одной серии;1;eldritch-horror-signs-of-carcosa;Древний ужас: Знамения Каркозы;https://tesera.ru/game/Eldritch-Horror-Forsaken-Lore/
2026-09-27;Eldritch-Horror-Forsaken-Lore;Древний ужас: Забытые тайны;в одной серии;2;Eldritch-Horror-Mountains-of-Madness;Древний ужас. Хребты безумия;https://tesera.ru/game/Eldritch-Horror-Forsaken-Lore/
2026-09-27;Eldritch-Horror-Forsaken-Lore;Древний ужас: Забытые тайны;в одной серии;3;Eldritch-Horror-Strange-Remnants;Древний ужас. Таинственные руины;https://tesera.ru/game/Eldritch-Horror-Forsaken-Lore/
2026-09-27;grand-austria-hotel;Гранд-отель «Австрия»;дополнение;0;grand-austria-hotel-lets-waltz;;https://tesera.ru/game/grand-austria-hotel/
2026-09-27;grand-austria-hotel;Гранд-отель «Австрия»;дополнение;1;grand-austria-hotel-ctp;;https://tesera.ru/game/grand-austria-hotel/
2026-09-27;grand-austria-hotel;Гранд-отель «Австрия»;дополнение;2;grandaustriahotelmoras;;https://tesera.ru/game/grand-austria-hotel/
2026-09-27;grand-austria-hotel;Гранд-отель «Австрия»;дополнение;3;grandaustriahotelferdinand;;https://tesera.ru/game/grand-austria-hotel/
2026-09-27;anachrony;Анахронность;дополнение;0;anachrony-exosuit-commander-pack;;https://tesera.ru/game/anachrony/
2026-09-27;anachrony;Анахронность;дополнение;1;anachrony-fractures-of-time;Anachrony: Fractures of Time;https://tesera.ru/game/anachrony/
2026-09-27;anachrony;Анахронность;дополнение;2;anachrony-future-imperfect;;https://tesera.ru/game/anachrony/
2026-09-27;anachrony;Анахронность;продолжение;3;anachrony-infinity-box;;https://tesera.ru/game/anachrony/
2026-09-27;root;Корни;дополнение;0;root-the-riverfolk-expansion;Корни. Речное братство;https://tesera.ru/game/root/
2026-09-27;root;Корни;дополнение;1;root-the-underworld-expansion;Корни. Подземный мир;https://tesera.ru/game/root/
2026-09-27;root;Корни;дополнение;2;RootTheClockworkExpansion;;https://tesera.ru/game/root/
2026-09-27;root;Корни;в одном мире;3;Root-RPG;;https://tesera.ru/game/root/
2026-09-27;Eldritch-Horror-Under-the-Pyramids;Древний ужас. Под пирамидами;исходная игра;0;Eldritch-Horror;Древний ужас;https://tesera.ru/game/Eldritch-Horror-Under-the-Pyramids/
2026-09-27;Eldritch-Horror-Under-the-Pyramids;Древний ужас. Под пирамидами;в одной серии;1;eldritch-horror-signs-of-carcosa;Древний ужас: Знамения Каркозы;https://tesera.ru/game/Eldritch-Horror-Under-the-Pyramids/
2026-09-27;Eldritch-Horror-Under-the-Pyramids;Древний ужас. Под пирамидами;в одной серии;2;EldritchHorrorDreamlands;Древний ужас: Мир грёз;https://tesera.ru/game/Eldritch-Horror-Under-the-Pyramids/
2026-09-27;Eldritch-Horror-Under-the-Pyramids;Древний ужас. Под пирамидами;в одной серии;3;Eldritch-Horror-Forsaken-Lore;Древний ужас: Забытые тайны;https://tesera.ru/game/Eldritch-Horror-Under-the-Pyramids/
2026-09-27;starcraft-the-board-game;StarCraft. Настольная игра;дополнение;0;StarCraft-Brood-War;StarCraft: The Board Game - Brood War Expansion;https://tesera.ru/game/starcraft-the-board-game/
2026-09-27;starcraft-the-board-game;StarCraft. Настольная игра;дополнение;1;starcraft-typhon-promotion;;https://tesera.ru/game/starcraft-the-board-game/
2026-09-27;starcraft-the-board-game;StarCraft. Настольная игра;в одном мире;2;risk-starcraft;;https://tesera.ru/game/starcraft-the-board-game/
2026-09-27;starcraft-the-board-game;StarCraft. Настольная игра;дополнение;3;starcraft-brood-war-promotional-leadership-cards;;https://tesera.ru/game/starcraft-the-board-game/
2026-09-27;clans-caledonia;Кланы Каледонии;дополнение;0;clans-of-caledonia-industria;;https://tesera.ru/game/clans-caledonia/
2026-09-27;Streets-of-Arkham;Особняки безумия: Улицы Аркхэма;исходная игра;0;Mansions-of-Madness-Second-Edition;Особняки безумия (второе издание);https://tesera.ru/game/Streets-of-Arkham/
2026-09-27;Streets-of-Arkham;Особняки безумия: Улицы Аркхэма;в одной серии;1;Mansions-of-Madness-Sanctum-of-Twilight;Особняки безумия. Вторая редакция: Святилище сумерек;https://tesera.ru/game/Streets-of-Arkham/
2026-09-27;Streets-of-Arkham;Особняки безумия: Улицы Аркхэма;в одной серии;2;mansions-of-madness-second-edition-path-of-the-serpent;Особняки безумия. Вторая редакция: Путь змеи;https://tesera.ru/game/Streets-of-Arkham/
2026-09-27;Streets-of-Arkham;Особняки безумия: Улицы Аркхэма;дополнение;3;osobnyaki-bezumiya-za-porogom;Особняки безумия. За порогом;https://tesera.ru/game/Streets-of-Arkham/
2026-09-27;forbidden-stars-forgotten-worlds;Forbidden Stars: Forgotten Worlds;исходная игра;0;Forbidden-Stars;Forbidden Stars;https://tesera.ru/game/forbidden-stars-forgotten-worlds/
2026-09-27;Feast-Odin;Во славу Одина;исходная игра;0;a-feast-for-odin-lofoten-orkney-and-tierra-del-fuego;A Feast for Odin: Lofoten, Orkney, and Tierra del Fuego;https://tesera.ru/game/Feast-Odin/
2026-09-27;Feast-Odin;Во славу Одина;дополнение;1;a-feast-for-odin-new-special-tiles;;https://tesera.ru/game/Feast-Odin/
2026-09-27;Feast-Odin;Во славу Одина;дополнение;2;Feast-Odin-First-Expansion;A Feast for Odin: The Norwegians Expansion;https://tesera.ru/game/Feast-Odin/
2026-09-27;Feast-Odin;Во славу Одина;дополнение;3;a-feast-for-odin-harvest-mini-expansion;;https://tesera.ru/game/Feast-Odin/
2026-09-27;scythe;Серп;дополнение;0;scythe-invaders-from-afar;Серп. Захватчики из далеких земель;https://tesera.ru/game/scythe/
2026-09-27;scythe;Серп;дополнение;1;serp-komplekt-promokart-1-karty-vstrech-3336;;https://tesera.ru/game/scythe/
2026-09-27;scythe;Серп;дополнение;2;scythe-the-wind-gambit;Серп. Небесный гамбит;https://tesera.ru/game/scythe/
2026-09-27;scythe;Серп;дополнение;3;serp-komplekt-promokart-1-18-kart;Серп. Комплект промокарт №1 (18 карт);https://tesera.ru/game/scythe/
2026-09-27;Battlestar-Galactica-Daybreak-Expansion;Battlestar Galactica: Daybreak Expansion;исходная игра;0;battlestar-galactica;Battlestar Galactica;https://tesera.ru/game/Battlestar-Galactica-Daybreak-Expansion/
2026-09-27;Battlestar-Galactica-Daybreak-Expansion;Battlestar Galactica: Daybreak Expansion;в одной серии;1;BSG-Pegasus;Battlestar Galactica: Pegasus Expansion;https://tesera.ru/game/Battlestar-Galactica-Daybreak-Expansion/
2026-09-27;Battlestar-Galactica-Daybreak-Expansion;Battlestar Galactica: Daybreak Expansion;в одной серии;2;BSG-Exodus;Battlestar Galactica: Exodus Expansion;https://tesera.ru/game/Battlestar-Galactica-Daybreak-Expansion/
2026-09-27;Battlestar-Galactica-Daybreak-Expansion;Battlestar Galactica: Daybreak Expansion;в одном мире;3;Battlestar-Galactica-Starship-Battles;;https://tesera.ru/game/Battlestar-Galactica-Daybreak-Expansion/
2026-09-27;arkham-horror-the-card-game;Ужас Аркхэма. Карточная игра;дополнение;0;uzhas-arkkhema-kartochnaya-igra-naslediye-danvicha;Ужас Аркхэма. Карточная игра: Наследие Данвича;https://tesera.ru/game/arkham-horror-the-card-game/
2026-09-27;arkham-horror-the-card-game;Ужас Аркхэма. Карточная игра;дополнение;1;Arkham-Horror-The-Card-Game-Curse-of-the-Rougarou;Ужас Аркхэма. Карточная игра: Проклятие Ругару;https://tesera.ru/game/arkham-horror-the-card-game/
2026-09-27;arkham-horror-the-card-game;Ужас Аркхэма. Карточная игра;дополнение;2;arkham-horror-the-card-game-Carnevale-of-Horrors;Ужас Аркхэма. Карточная игра: Карнавал ужасов;https://tesera.ru/game/arkham-horror-the-card-game/
2026-09-27;arkham-horror-the-card-game;Ужас Аркхэма. Карточная игра;дополнение;3;uzhas-arkkhema-kartochnaya-igra-miskatoniksky-muzey;Ужас Аркхэма. Карточная игра: Наследие Данвича. Мискатоникский музей;https://tesera.ru/game/arkham-horror-the-card-game/
2026-09-27;lost-ruins-arnak-expedition-leaders;Руины острова Арнак: Лидеры экспедиции;исходная игра;0;lost-ruins-arnak;Руины острова Арнак;https://tesera.ru/game/lost-ruins-arnak-expedition-leaders/
2026-09-27;lost-ruins-arnak-expedition-leaders;Руины острова Арнак: Лидеры экспедиции;в одной серии;1;lost-ruins-of-arnak-the-missing-expedition;Руины острова Арнак: Пропавшая экспедиция;https://tesera.ru/game/lost-ruins-arnak-expedition-leaders/
2026-09-27;lost-ruins-arnak-expedition-leaders;Руины острова Арнак: Лидеры экспедиции;в одной серии;2;ruiny-ostrova-arnak-neizvestnyye-iskateli-priklyucheny;;https://tesera.ru/game/lost-ruins-arnak-expedition-leaders/
2026-09-27;lost-ruins-arnak-expedition-leaders;Руины острова Арнак: Лидеры экспедиции;в одной серии;3;lost-ruins-of-arnak-adventure-chest;;https://tesera.ru/game/lost-ruins-arnak-expedition-leaders/
2026-09-27;revive;Проект Возрождение;дополнение;0;revive-call-of-the-abyss;;https://tesera.ru/game/revive/
2026-09-27;Agricola-revised-edition;Агрикола. Новое издание;оригинал;0;agricola;Агрикола;https://tesera.ru/game/Agricola-revised-edition/
2026-09-27;Agricola-revised-edition;Агрикола. Новое издание;в одной серии;1;caverna-the-cave-farmers;Каверна. Пещерные фермеры;https://tesera.ru/game/Agricola-revised-edition/
2026-09-27;Agricola-revised-edition;Агрикола. Новое издание;в одной серии;2;At-the-Gates-of-Loyang;;https://tesera.ru/game/Agricola-revised-edition/
2026-09-27;Agricola-revised-edition;Агрикола. Новое издание;в одной серии;3;le-havre;Гавр;https://tesera.ru/game/Agricola-revised-edition/
2026-09-27;alchemists;Алхимики;дополнение;0;alchemists-ring-of-favor;;https://tesera.ru/game/alchemists/
2026-09-27;alchemists;Алхимики;дополнение;1;Alchemists-Publisher;;https://tesera.ru/game/alchemists/
2026-09-27;alchemists;Алхимики;дополнение;2;Alchemists-Golem-Expansion;Алхимики: Королевский голем;https://tesera.ru/game/alchemists/
2026-09-27;alchemists;Алхимики;в одной серии;3;little-alchemists;;https://tesera.ru/game/alchemists/
2026-09-27;eldritch-horror-signs-of-carcosa;Древний ужас: Знамения Каркозы;в одной серии;0;Eldritch-Horror-Mountains-of-Madness;Древний ужас. Хребты безумия;https://tesera.ru/game/eldritch-horror-signs-of-carcosa/
2026-09-27;eldritch-horror-signs-of-carcosa;Древний ужас: Знамения Каркозы;в одной серии;1;Eldritch-Horror-Strange-Remnants;Древний ужас. Таинственные руины;https://tesera.ru/game/eldritch-horror-signs-of-carcosa/
2026-09-27;eldritch-horror-signs-of-carcosa;Древний ужас: Знамения Каркозы;в одной серии;2;Eldritch-Horror-Under-the-Pyramids;Древний ужас. Под пирамидами;https://tesera.ru/game/eldritch-horror-signs-of-carcosa/
2026-09-27;eldritch-horror-signs-of-carcosa;Древний ужас: Знамения Каркозы;в одной серии;3;Eldritch-Horror-Forsaken-Lore;Древний ужас: Забытые тайны;https://tesera.ru/game/eldritch-horror-signs-of-carcosa/
2026-09-27;Mage-Knight-Board-Game;Рыцарь-маг;дополнение;0;Mage-Knight-Board-Game-The-Lost-Legion;Mage Knight Board Game: The Lost Legion Expansion;https://tesera.ru/game/Mage-Knight-Board-Game/
2026-09-27;Mage-Knight-Board-Game;Рыцарь-маг;дополнение;1;mage-knight-board-game-krang;;https://tesera.ru/game/Mage-Knight-Board-Game/
2026-09-27;Mage-Knight-Board-Game;Рыцарь-маг;дополнение;2;mage-knight-board-game-shades-of-tezla;;https://tesera.ru/game/Mage-Knight-Board-Game/
2026-09-27;Mage-Knight-Board-Game;Рыцарь-маг;в одном мире;3;1mage-knight;;https://tesera.ru/game/Mage-Knight-Board-Game/
2026-09-27;ticket-to-ride-legacy-legends-of-the-west;Ticket to Ride. Наследие: Легенды Запада;в одной серии;0;ticket-to-ride;Ticket to Ride;https://tesera.ru/game/ticket-to-ride-legacy-legends-of-the-west/
2026-09-27;ticket-to-ride-legacy-legends-of-the-west;Ticket to Ride. Наследие: Легенды Запада;в одной серии;1;ticket-ride-europe;Билет на поезд: Европа;https://tesera.ru/game/ticket-to-ride-legacy-legends-of-the-west/
2026-09-27;ticket-to-ride-legacy-legends-of-the-west;Ticket to Ride. Наследие: Легенды Запада;в одном мире;2;trek-12;;https://tesera.ru/game/ticket-to-ride-legacy-legends-of-the-west/
2026-09-27;ticket-to-ride-legacy-legends-of-the-west;Ticket to Ride. Наследие: Легенды Запада;дополнение;3;ticket-ride-europa-1912;;https://tesera.ru/game/ticket-to-ride-legacy-legends-of-the-west/
2026-09-27;Five-Tribes-The-Artisans-of-Naqala;Пять племён. Ремесленники Накалы;исходная игра;0;5tribes;Пять племён;https://tesera.ru/game/Five-Tribes-The-Artisans-of-Naqala/
2026-09-27;Five-Tribes-The-Artisans-of-Naqala;Пять племён. Ремесленники Накалы;исходная игра;1;Five-Tribes-The-Thieves-of-Naqala;Five Tribes: The Thieves of Naqala;https://tesera.ru/game/Five-Tribes-The-Artisans-of-Naqala/
2026-09-27;Five-Tribes-The-Artisans-of-Naqala;Пять племён. Ремесленники Накалы;в одной серии;2;five-tribes-djinn-galbells;;https://tesera.ru/game/Five-Tribes-The-Artisans-of-Naqala/
2026-09-27;Five-Tribes-The-Artisans-of-Naqala;Пять племён. Ремесленники Накалы;в одной серии;3;five-tribes-whims-of-the-sultan;Пять племён. Прихоти султана;https://tesera.ru/game/Five-Tribes-The-Artisans-of-Naqala/
2026-09-27;orleans-trade-intrigue;Орлеан: Торговля и интриги;исходная игра;0;orleans;Орлеан;https://tesera.ru/game/orleans-trade-intrigue/
2026-09-27;orleans-trade-intrigue;Орлеан: Торговля и интриги;дополнение;1;orleans-invasion;Орлеан: Вторжение;https://tesera.ru/game/orleans-trade-intrigue/
2026-09-27;orleans-trade-intrigue;Орлеан: Торговля и интриги;дополнение;2;Orleans-Upgrade-Kit;;https://tesera.ru/game/orleans-trade-intrigue/
2026-09-27;orleans-trade-intrigue;Орлеан: Торговля и интриги;дополнение;3;Orleans-5-Players-Box;;https://tesera.ru/game/orleans-trade-intrigue/
2026-09-27;1862-railway-mania-in-the-eastern-counties;1862: Railway Mania in the Eastern Counties;в одной серии;0;1861-1867;;https://tesera.ru/game/1862-railway-mania-in-the-eastern-counties/
2026-09-27;arkham-horror-third-edition-dead-night;Ужас Аркхэма. Третья редакция: Во мраке ночи;исходная игра;0;arkham-horror-third-edition;Ужас Аркхэма. Третья редакция;https://tesera.ru/game/arkham-horror-third-edition-dead-night/
2026-09-27;arkham-horror-third-edition-dead-night;Ужас Аркхэма. Третья редакция: Во мраке ночи;в одной серии;1;arkham-horror-third-edition-under-dark-waves;Ужас Аркхэма. Третья редакция: Под тёмными волнами;https://tesera.ru/game/arkham-horror-third-edition-dead-night/
2026-09-27;arkham-horror-third-edition-dead-night;Ужас Аркхэма. Третья редакция: Во мраке ночи;в одной серии;2;arkham-horror-third-edition-secrets-order;Ужас Аркхэма. Третья редакция: Секреты ордена;https://tesera.ru/game/arkham-horror-third-edition-dead-night/
2026-09-27;ark-nova-marine-worlds;Ark Nova: Marine Worlds;исходная игра;0;ark-nova;Ark Nova;https://tesera.ru/game/ark-nova-marine-worlds/
2026-09-27;great-western-trail-argentina;Великий Западный Путь. Аргентина;в одной серии;0;great-western-trail-second-edition;Великий Западный Путь. Второе издание;https://tesera.ru/game/great-western-trail-argentina/
2026-09-27;great-western-trail-argentina;Великий Западный Путь. Аргентина;в одной серии;1;great-western-trail-new-zealand;Великий западный путь. Новая Зеландия;https://tesera.ru/game/great-western-trail-argentina/
2026-09-27;great-western-trail-argentina;Великий Западный Путь. Аргентина;в одной серии;2;great-western-trail;Великий западный путь (первое издание);https://tesera.ru/game/great-western-trail-argentina/
2026-09-27;Mansions-of-Madness;Mansions of Madness;в одном мире;0;arkham-horror;Ужас Аркхэма;https://tesera.ru/game/Mansions-of-Madness/
2026-09-27;Mansions-of-Madness;Mansions of Madness;в одном мире;1;arkham-horror-miskatonic-horror;;https://tesera.ru/game/Mansions-of-Madness/
2026-09-27;Mansions-of-Madness;Mansions of Madness;в одном мире;2;Elder-Sign;;https://tesera.ru/game/Mansions-of-Madness/
2026-09-27;Mansions-of-Madness;Mansions of Madness;дополнение;3;Mansions-of-Madness-Season-of-the-Witch;;https://tesera.ru/game/Mansions-of-Madness/
2026-09-27;Alchemists-Golem-Expansion;Алхимики: Королевский голем;исходная игра;0;alchemists;Алхимики;https://tesera.ru/game/Alchemists-Golem-Expansion/
2026-09-27;Robinson-Crusoe-Voyage-of-the-Beagle;Робинзон Крузо. Путешествие «Бигля»;исходная игра;0;robinson-crusoe-adventures-cursed-island;Робинзон Крузо: Приключения на таинственном острове. Вторая редакция;https://tesera.ru/game/Robinson-Crusoe-Voyage-of-the-Beagle/
2026-09-27;Robinson-Crusoe-Voyage-of-the-Beagle;Робинзон Крузо. Путешествие «Бигля»;в одной серии;1;robinson-crusoe-adventures-cursed-island-mystery-tales;;https://tesera.ru/game/Robinson-Crusoe-Voyage-of-the-Beagle/
2026-09-27;Robinson-Crusoe-Voyage-of-the-Beagle;Робинзон Крузо. Путешествие «Бигля»;в одной серии;2;robinson-crusoe-adventures-on-the-cursed-island-treasure-chest;;https://tesera.ru/game/Robinson-Crusoe-Voyage-of-the-Beagle/
2026-09-27;Robinson-Crusoe-Voyage-of-the-Beagle;Робинзон Крузо. Путешествие «Бигля»;исходная игра;3;robinson-crusoe-collectors-edition;Robinson Crusoe: Collector's Edition;https://tesera.ru/game/Robinson-Crusoe-Voyage-of-the-Beagle/
2026-09-27;Tyrants-of-the-Underdark;Тираны Подземья;в одном мире;0;Lords-of-Waterdeep;Lords of Waterdeep;https://tesera.ru/game/Tyrants-of-the-Underdark/
2026-09-27;Tyrants-of-the-Underdark;Тираны Подземья;в одном мире;1;Dungeons-and-Dragons-Legend-of-Drizzt;;https://tesera.ru/game/Tyrants-of-the-Underdark/
2026-09-27;Tyrants-of-the-Underdark;Тираны Подземья;в одном мире;2;dungeons-and-dragons;Dungeons & Dragons;https://tesera.ru/game/Tyrants-of-the-Underdark/
2026-09-27;Tyrants-of-the-Underdark;Тираны Подземья;дополнение;3;TotUExpAU;;https://tesera.ru/game/Tyrants-of-the-Underdark/
2026-09-27;Mansions-of-Madness-Second-Edition;Особняки безумия (второе издание);дополнение;0;Mansions-of-Madness-Season-of-the-Witch;;https://tesera.ru/game/Mansions-of-Madness-Second-Edition/
2026-09-27;Mansions-of-Madness-Second-Edition;Особняки безумия (второе издание);в одном мире;1;Mansions-of-Madness;Mansions of Madness;https://tesera.ru/game/Mansions-of-Madness-Second-Edition/
2026-09-27;Mansions-of-Madness-Second-Edition;Особняки безумия (второе издание);в одном мире;2;Mansions-of-Madness-The-Silver-Tablet;;https://tesera.ru/game/Mansions-of-Madness-Second-Edition/
2026-09-27;Mansions-of-Madness-Second-Edition;Особняки безумия (второе издание);в одном мире;3;Mansions-of-Madness-Forbidden-Alchemy;Mansions of Madness: Forbidden Alchemy;https://tesera.ru/game/Mansions-of-Madness-Second-Edition/
2026-09-27;7-wonders-duel-pantheon;7 чудес: Дуэль - Пантеон;исходная игра;0;7-wonders-duel;7 чудес: Дуэль;https://tesera.ru/game/7-wonders-duel-pantheon/
2026-09-27;7-wonders-duel-pantheon;7 чудес: Дуэль - Пантеон;дополнение;1;7Wonders-Duel-Statue-of-Liberty;;https://tesera.ru/game/7-wonders-duel-pantheon/
2026-09-27;7-wonders-duel-pantheon;7 чудес: Дуэль - Пантеон;в одной серии;2;7Wonders-DuelMesse-Essen;7 Wonders: Duel The Messe Essen;https://tesera.ru/game/7-wonders-duel-pantheon/
2026-09-27;7-wonders-duel-pantheon;7 чудес: Дуэль - Пантеон;в одной серии;3;7-wonders-duel-stonehenge;;https://tesera.ru/game/7-wonders-duel-pantheon/
2026-09-27;galactic-cruise;Галактический круиз;дополнение;0;galactic-cruise-accommodations;;https://tesera.ru/game/galactic-cruise/
2026-09-27;galactic-cruise;Галактический круиз;дополнение;1;galactic-cruise-advancements;;https://tesera.ru/game/galactic-cruise/
2026-09-27;istanbul-big-box;Стамбул. Полное издание;в одной серии;0;Istanbul;Стамбул;https://tesera.ru/game/istanbul-big-box/
2026-09-27;istanbul-big-box;Стамбул. Полное издание;в одной серии;1;Istanbul-Mokka-Bakschisch;;https://tesera.ru/game/istanbul-big-box/
2026-09-27;istanbul-big-box;Стамбул. Полное издание;в одной серии;2;Istanbul-Brief-Siegel;;https://tesera.ru/game/istanbul-big-box/
2026-09-27;istanbul-big-box;Стамбул. Полное издание;дополнение;3;Istanbul-Kebab-Shop;;https://tesera.ru/game/istanbul-big-box/
2026-09-27;runewars;Runewars;в одном мире;0;Runebound-Second-Edition;;https://tesera.ru/game/runewars/
2026-09-27;runewars;Runewars;в одном мире;1;DungeonQuest-2010;;https://tesera.ru/game/runewars/
2026-09-27;runewars;Runewars;в одном мире;2;Descent-Journeys-in-the-Dark;;https://tesera.ru/game/runewars/
2026-09-27;runewars;Runewars;в одном мире;3;rune-age;;https://tesera.ru/game/runewars/
2026-09-27;BSG-Exodus;Battlestar Galactica: Exodus Expansion;исходная игра;0;battlestar-galactica;Battlestar Galactica;https://tesera.ru/game/BSG-Exodus/
2026-09-27;BSG-Exodus;Battlestar Galactica: Exodus Expansion;в одной серии;1;BSG-Pegasus;Battlestar Galactica: Pegasus Expansion;https://tesera.ru/game/BSG-Exodus/
2026-09-27;BSG-Exodus;Battlestar Galactica: Exodus Expansion;в одной серии;2;Battlestar-Galactica-Daybreak-Expansion;Battlestar Galactica: Daybreak Expansion;https://tesera.ru/game/BSG-Exodus/
2026-09-27;BSG-Exodus;Battlestar Galactica: Exodus Expansion;в одном мире;3;Battlestar-Galactica-Starship-Battles;;https://tesera.ru/game/BSG-Exodus/
2026-09-27;Lords-of-Waterdeep-Scoundrels-of-Skullport;Lords of Waterdeep: Scoundrels of Skullport;исходная игра;0;Lords-of-Waterdeep;Lords of Waterdeep;https://tesera.ru/game/Lords-of-Waterdeep-Scoundrels-of-Skullport/
2026-09-27;Lords-of-Waterdeep-Scoundrels-of-Skullport;Lords of Waterdeep: Scoundrels of Skullport;в одном мире;1;dungeons-and-dragons;Dungeons & Dragons;https://tesera.ru/game/Lords-of-Waterdeep-Scoundrels-of-Skullport/
2026-09-27;Lords-of-Waterdeep-Scoundrels-of-Skullport;Lords of Waterdeep: Scoundrels of Skullport;дополнение;2;Lords-of-Waterdeep-Rapid-Expansion;;https://tesera.ru/game/Lords-of-Waterdeep-Scoundrels-of-Skullport/
2026-09-27;nucleum;Нуклеум;дополнение;0;nucleum-australia;;https://tesera.ru/game/nucleum/
2026-09-27;nucleum;Нуклеум;дополнение;1;nucleum-court-of-progress;;https://tesera.ru/game/nucleum/
2026-09-27;nucleum;Нуклеум;дополнение;2;nucleum-energy-research-institute;;https://tesera.ru/game/nucleum/
2026-09-27;nucleum;Нуклеум;дополнение;3;2592328;;https://tesera.ru/game/nucleum/
2026-09-27;caverna-the-cave-farmers;Каверна. Пещерные фермеры;в одной серии;0;agricola;Агрикола;https://tesera.ru/game/caverna-the-cave-farmers/
2026-09-27;caverna-the-cave-farmers;Каверна. Пещерные фермеры;в одной серии;1;Agricola-revised-edition;Агрикола. Новое издание;https://tesera.ru/game/caverna-the-cave-farmers/
2026-09-27;caverna-the-cave-farmers;Каверна. Пещерные фермеры;в одной серии;2;le-havre;Гавр;https://tesera.ru/game/caverna-the-cave-farmers/
2026-09-27;caverna-the-cave-farmers;Каверна. Пещерные фермеры;в одной серии;3;At-the-Gates-of-Loyang;;https://tesera.ru/game/caverna-the-cave-farmers/
2026-09-27;warchest-nobility;Сундук войны. Дворянство;исходная игра;0;warchest;Сундук войны;https://tesera.ru/game/warchest-nobility/
2026-09-27;warchest-nobility;Сундук войны. Дворянство;в одной серии;1;warchest-siege;Сундук войны. Осада;https://tesera.ru/game/warchest-nobility/
2026-09-27;warchest-nobility;Сундук войны. Дворянство;исходная игра;2;war-chest-nightfall;Сундук войны. Сумерки;https://tesera.ru/game/warchest-nobility/
2026-09-27;warchest-nobility;Сундук войны. Дворянство;исходная игра;3;sunduk-voyny-turnir;Сундук войны. Турнир;https://tesera.ru/game/warchest-nobility/
2026-09-27;Eldritch-Horror-Strange-Remnants;Древний ужас. Таинственные руины;исходная игра;0;Eldritch-Horror;Древний ужас;https://tesera.ru/game/Eldritch-Horror-Strange-Remnants/
2026-09-27;Eldritch-Horror-Strange-Remnants;Древний ужас. Таинственные руины;в одной серии;1;eldritch-horror-signs-of-carcosa;Древний ужас: Знамения Каркозы;https://tesera.ru/game/Eldritch-Horror-Strange-Remnants/
2026-09-27;Eldritch-Horror-Strange-Remnants;Древний ужас. Таинственные руины;в одной серии;2;Eldritch-Horror-Forsaken-Lore;Древний ужас: Забытые тайны;https://tesera.ru/game/Eldritch-Horror-Strange-Remnants/
2026-09-27;Eldritch-Horror-Strange-Remnants;Древний ужас. Таинственные руины;в одной серии;3;Eldritch-Horror-Mountains-of-Madness;Древний ужас. Хребты безумия;https://tesera.ru/game/Eldritch-Horror-Strange-Remnants/
2026-09-27;call-of-cthulhu-rpg-7th-edition;Зов Ктулху. НРИ;в одном мире;0;arkham-horror-1987;;https://tesera.ru/game/call-of-cthulhu-rpg-7th-edition/
2026-09-27;call-of-cthulhu-rpg-7th-edition;Зов Ктулху. НРИ;в одном мире;1;arkham-horror;Ужас Аркхэма;https://tesera.ru/game/call-of-cthulhu-rpg-7th-edition/
2026-09-27;call-of-cthulhu-rpg-7th-edition;Зов Ктулху. НРИ;в одной серии;2;zov-ktulkhu-startovy-nabor;;https://tesera.ru/game/call-of-cthulhu-rpg-7th-edition/
2026-09-27;call-of-cthulhu-rpg-7th-edition;Зов Ктулху. НРИ;исходная игра;3;zov-ktulkhu-dveri-vo-tmu;Зов Ктулху: Двери во тьму;https://tesera.ru/game/call-of-cthulhu-rpg-7th-edition/
2026-09-27;tzolkin-the-mayan-calendar;Цолькин: Календарь Майя;дополнение;0;tzolkin-tribes-prophecies;Цолькин: Календарь майя – Племена и пророчества;https://tesera.ru/game/tzolkin-the-mayan-calendar/
2026-09-27;tzolkin-the-mayan-calendar;Цолькин: Календарь Майя;дополнение;1;Tzolkin-1;;https://tesera.ru/game/tzolkin-the-mayan-calendar/
2026-09-27;tzolkin-the-mayan-calendar;Цолькин: Календарь Майя;дополнение;2;Tzolkin-2;;https://tesera.ru/game/tzolkin-the-mayan-calendar/
2026-09-27;tzolkin-the-mayan-calendar;Цолькин: Календарь Майя;дополнение;3;tzolkin-the-mayan-calendar-tribes-prophecies-mini-expansion1;;https://tesera.ru/game/tzolkin-the-mayan-calendar/
2026-09-27;underwater-cities;Подводные города;дополнение;0;underwater-cities-biodome-promo;;https://tesera.ru/game/underwater-cities/
2026-09-27;underwater-cities;Подводные города;дополнение;1;underwater-cities-new-discoveries;Подводные города: Новые открытия;https://tesera.ru/game/underwater-cities/
2026-09-27;underwater-cities;Подводные города;дополнение;2;underwater-cities-ibiza-promo-card;;https://tesera.ru/game/underwater-cities/
2026-09-27;underwater-cities;Подводные города;дополнение;3;uc-dt-2021-promo;;https://tesera.ru/game/underwater-cities/
2026-09-27;viticulture-essential-edition;Виноделие. Полное издание;оригинал;0;Viticulture-Essential-Edition;Viticulture Essential edition;https://tesera.ru/game/viticulture-essential-edition/
2026-09-27;viticulture-essential-edition;Виноделие. Полное издание;оригинал;1;Tuscany-Essential-Edition;Tuscany Essential Edition;https://tesera.ru/game/viticulture-essential-edition/
2026-09-27;viticulture-essential-edition;Виноделие. Полное издание;оригинал;2;Viticulture-Moor-Visitors;;https://tesera.ru/game/viticulture-essential-edition/
2026-09-27;viticulture-essential-edition;Виноделие. Полное издание;в одной серии;3;viticulture-complete-collectors-edition;;https://tesera.ru/game/viticulture-essential-edition/
2026-09-27;tainted-grail-kings-of-ruin;Осквернённый Грааль: Короли краха;исходная игра;0;tainted-grail-the-fall-of-avalon;Осквернённый Грааль. Падение Авалона;https://tesera.ru/game/tainted-grail-kings-of-ruin/
2026-09-27;tainted-grail-kings-of-ruin;Осквернённый Грааль: Короли краха;в одной серии;1;tainted-grail-the-fall-of-avalon-forever-autumn;;https://tesera.ru/game/tainted-grail-kings-of-ruin/
2026-09-27;tainted-grail-kings-of-ruin;Осквернённый Грааль: Короли краха;в одной серии;2;tainted-grail-the-fall-of-avalon-war-runes;;https://tesera.ru/game/tainted-grail-kings-of-ruin/
2026-09-27;tainted-grail-kings-of-ruin;Осквернённый Грааль: Короли краха;в одной серии;3;tainted-grail-the-fall-of-avalon-monsters-of-avalon;;https://tesera.ru/game/tainted-grail-kings-of-ruin/
2026-09-27;mansions-of-madness-2ed-horrific-journeys;Особняки безумия. Вторая редакция: Зловещие путешествия;исходная игра;0;Mansions-of-Madness-Second-Edition;Особняки безумия (второе издание);https://tesera.ru/game/mansions-of-madness-2ed-horrific-journeys/
2026-09-27;mansions-of-madness-2ed-horrific-journeys;Особняки безумия. Вторая редакция: Зловещие путешествия;в одной серии;1;mansions-of-madness-second-edition-path-of-the-serpent;Особняки безумия. Вторая редакция: Путь змеи;https://tesera.ru/game/mansions-of-madness-2ed-horrific-journeys/
2026-09-27;mansions-of-madness-2ed-horrific-journeys;Особняки безумия. Вторая редакция: Зловещие путешествия;исходная игра;2;Streets-of-Arkham;Особняки безумия: Улицы Аркхэма;https://tesera.ru/game/mansions-of-madness-2ed-horrific-journeys/
2026-09-27;mansions-of-madness-2ed-horrific-journeys;Особняки безумия. Вторая редакция: Зловещие путешествия;в одной серии;3;osobnyaki-bezumiya-za-porogom;Особняки безумия. За порогом;https://tesera.ru/game/mansions-of-madness-2ed-horrific-journeys/
2026-09-27;sherlock-holmes-consulting-detective-the-thames-murders;Шерлок Холмс, детектив-консультант. Убийства на Темзе и другие расследования;дополнение;0;the-queens-park-affair;;https://tesera.ru/game/sherlock-holmes-consulting-detective-the-thames-murders/
2026-09-27;sherlock-holmes-consulting-detective-the-thames-murders;Шерлок Холмс, детектив-консультант. Убийства на Темзе и другие расследования;дополнение;1;the-mansion-murders;;https://tesera.ru/game/sherlock-holmes-consulting-detective-the-thames-murders/
2026-09-27;sherlock-holmes-consulting-detective-the-thames-murders;Шерлок Холмс, детектив-консультант. Убийства на Темзе и другие расследования;дополнение;2;les-masques-africains;;https://tesera.ru/game/sherlock-holmes-consulting-detective-the-thames-murders/
2026-09-27;sherlock-holmes-consulting-detective-the-thames-murders;Шерлок Холмс, детектив-консультант. Убийства на Темзе и другие расследования;дополнение;3;la-piste-tordue;;https://tesera.ru/game/sherlock-holmes-consulting-detective-the-thames-murders/
2026-09-27;unmatched-battle-of-legends-volume-two;Unmatched: Битва Легенд. Том 2;в одной серии;0;Unmatched-Battle-of-Legends-Volume-1;Unmatched: Битва легенд. Том I;https://tesera.ru/game/unmatched-battle-of-legends-volume-two/
2026-09-27;unmatched-battle-of-legends-volume-two;Unmatched: Битва Легенд. Том 2;в одной серии;1;UnmatchedCF;Unmatched: Туман над мостовой;https://tesera.ru/game/unmatched-battle-of-legends-volume-two/
2026-09-27;unmatched-battle-of-legends-volume-two;Unmatched: Битва Легенд. Том 2;в одной серии;2;Unmatched-Robin-Hood-vs-Bigfoot;Unmatched: Робин Гуд vs. Бигфут;https://tesera.ru/game/unmatched-battle-of-legends-volume-two/
2026-09-27;unmatched-battle-of-legends-volume-two;Unmatched: Битва Легенд. Том 2;в одной серии;3;unmatched-bruce-lee;;https://tesera.ru/game/unmatched-battle-of-legends-volume-two/
2026-09-27;the-lord-of-the-rings-duel-for-middle-earth;The Lord of the Rings: Duel for Middle-Earth;оригинал;0;7-wonders-duel;7 чудес: Дуэль;https://tesera.ru/game/the-lord-of-the-rings-duel-for-middle-earth/
2026-09-27;the-lord-of-the-rings-duel-for-middle-earth;The Lord of the Rings: Duel for Middle-Earth;дополнение;1;the-lord-of-the-rings-duel-for-middle-earth-grond-promo-tile;;https://tesera.ru/game/the-lord-of-the-rings-duel-for-middle-earth/
2026-09-27;the-lord-of-the-rings-duel-for-middle-earth;The Lord of the Rings: Duel for Middle-Earth;дополнение;2;the-shire-promo-tile-2024;;https://tesera.ru/game/the-lord-of-the-rings-duel-for-middle-earth/
2026-09-27;the-lord-of-the-rings-duel-for-middle-earth;The Lord of the Rings: Duel for Middle-Earth;дополнение;3;the-lord-of-the-rings-duel-for-middle-earth-aliies-expansion;;https://tesera.ru/game/the-lord-of-the-rings-duel-for-middle-earth/
2026-09-27;sid-meiers-civilization-ffg;Цивилизация Сида Мейера;в одной серии;0;sid-meiers-civilization;;https://tesera.ru/game/sid-meiers-civilization-ffg/
2026-09-27;sid-meiers-civilization-ffg;Цивилизация Сида Мейера;в одной серии;1;Civilization-1980;;https://tesera.ru/game/sid-meiers-civilization-ffg/
2026-09-27;sid-meiers-civilization-ffg;Цивилизация Сида Мейера;дополнение;2;Sid-Meiers-Civilization-Fame-and-Fortune;Цивилизация. Удача и слава;https://tesera.ru/game/sid-meiers-civilization-ffg/
2026-09-27;sid-meiers-civilization-ffg;Цивилизация Сида Мейера;в одной серии;3;sid-meiers-civilization-the-card-game;;https://tesera.ru/game/sid-meiers-civilization-ffg/
2026-09-27;Riichi-Mahjong;Риичи-маджонг;оригинал;0;mahjong;;https://tesera.ru/game/Riichi-Mahjong/
2026-09-27;race-for-the-galaxy-the-gathering-storm;Борьба за галактику: Перед бурей;исходная игра;0;race-for-the-galaxy;Борьба за галактику;https://tesera.ru/game/race-for-the-galaxy-the-gathering-storm/
2026-09-27;race-for-the-galaxy-the-gathering-storm;Борьба за галактику: Перед бурей;дополнение;1;race-for-the-galaxy-rebel-vs-imperium;Race for the Galaxy: Rebel vs Imperium;https://tesera.ru/game/race-for-the-galaxy-the-gathering-storm/
2026-09-27;race-for-the-galaxy-the-gathering-storm;Борьба за галактику: Перед бурей;дополнение;2;race-for-the-galaxy-the-brink-of-war;Race for the Galaxy: The Brink of War;https://tesera.ru/game/race-for-the-galaxy-the-gathering-storm/
2026-09-27;race-for-the-galaxy-the-gathering-storm;Борьба за галактику: Перед бурей;дополнение;3;rftg-alien-artifacts;;https://tesera.ru/game/race-for-the-galaxy-the-gathering-storm/
2026-09-27;7-wonders;7 чудес;дополнение;0;7-wonders-leaders;7 Wonders: Leaders;https://tesera.ru/game/7-wonders/
2026-09-27;7-wonders;7 чудес;дополнение;1;7-wonders-manneken-pis;;https://tesera.ru/game/7-wonders/
2026-09-27;7-wonders;7 чудес;дополнение;2;7-wonders-catan;;https://tesera.ru/game/7-wonders/
2026-09-27;7-wonders;7 чудес;дополнение;3;7-Wonders-Cities;7 Wonders: Cities;https://tesera.ru/game/7-wonders/
2026-09-27;unmatched-little-red-riding-hood-vs-beowulf;Unmatched: Красная Шапочка vs. Беовульф;в одной серии;0;Unmatched-Battle-of-Legends-Volume-1;Unmatched: Битва легенд. Том I;https://tesera.ru/game/unmatched-little-red-riding-hood-vs-beowulf/
2026-09-27;unmatched-little-red-riding-hood-vs-beowulf;Unmatched: Красная Шапочка vs. Беовульф;в одной серии;1;unmatched-battle-of-legends-volume-two;Unmatched: Битва Легенд. Том 2;https://tesera.ru/game/unmatched-little-red-riding-hood-vs-beowulf/
2026-09-27;unmatched-little-red-riding-hood-vs-beowulf;Unmatched: Красная Шапочка vs. Беовульф;в одной серии;2;unmatched-deadpool;;https://tesera.ru/game/unmatched-little-red-riding-hood-vs-beowulf/
2026-09-27;unmatched-little-red-riding-hood-vs-beowulf;Unmatched: Красная Шапочка vs. Беовульф;в одной серии;3;unmatched-redemption-row;;https://tesera.ru/game/unmatched-little-red-riding-hood-vs-beowulf/
2026-09-27;Eldritch-Horror;Древний ужас;в одном мире;0;arkham-horror;Ужас Аркхэма;https://tesera.ru/game/Eldritch-Horror/
2026-09-27;Eldritch-Horror;Древний ужас;в одном мире;1;Elder-Sign;;https://tesera.ru/game/Eldritch-Horror/
2026-09-27;Eldritch-Horror;Древний ужас;в одном мире;2;Mansions-of-Madness;Mansions of Madness;https://tesera.ru/game/Eldritch-Horror/
2026-09-27;Eldritch-Horror;Древний ужас;в одном мире;3;arkham-horror-the-king-in-yellow;Ужас Аркхэма: Король в желтом;https://tesera.ru/game/Eldritch-Horror/
2026-09-27;Mombasa;Mombasa;дополнение;0;Mombasa-Cooked-Books;;https://tesera.ru/game/Mombasa/
2026-09-27;Mombasa;Mombasa;римейк;1;skymines;;https://tesera.ru/game/Mombasa/
2026-09-27;slay-the-spire-the-board-game;Slay the Spire: The Board Game;дополнение;0;slay_the_spire_the_board_game_downfall;;https://tesera.ru/game/slay-the-spire-the-board-game/
2026-09-27;nemesiscarnomorphs;Немезида: Карноморфы;в одной серии;0;nemesis-aftermath;Nemesis: Aftermath & Void Seeders;https://tesera.ru/game/nemesiscarnomorphs/
2026-09-27;nemesiscarnomorphs;Немезида: Карноморфы;исходная игра;1;nemesis;Немезида;https://tesera.ru/game/nemesiscarnomorphs/
2026-09-27;nemesiscarnomorphs;Немезида: Карноморфы;в одной серии;2;nemesis-blood-tests-deck;;https://tesera.ru/game/nemesiscarnomorphs/
2026-09-27;nemesiscarnomorphs;Немезида: Карноморфы;в одной серии;3;Nemesis-Void-Seeders;Немезида: Кошмары;https://tesera.ru/game/nemesiscarnomorphs/
2026-09-27;anachrony-fractures-of-time;Anachrony: Fractures of Time;исходная игра;0;anachrony;Анахронность;https://tesera.ru/game/anachrony-fractures-of-time/
2026-09-27;anachrony-fractures-of-time;Anachrony: Fractures of Time;в одной серии;1;anachrony-exosuit-commander-pack;;https://tesera.ru/game/anachrony-fractures-of-time/
2026-09-27;Trismegistus-The-Ultimate-Formula;Trismegistus: The Ultimate Formula;дополнение;0;trismegistus-the-ultimate-formula-alchemists;;https://tesera.ru/game/Trismegistus-The-Ultimate-Formula/
2026-09-27;Trismegistus-The-Ultimate-Formula;Trismegistus: The Ultimate Formula;дополнение;1;trismegistus-the-ultimate-formula-teotihuacan-shadow-of-xitle;;https://tesera.ru/game/Trismegistus-The-Ultimate-Formula/
2026-09-27;Trismegistus-The-Ultimate-Formula;Trismegistus: The Ultimate Formula;римейк;2;trismegistus-roll-write;;https://tesera.ru/game/Trismegistus-The-Ultimate-Formula/
2026-09-27;Trismegistus-The-Ultimate-Formula;Trismegistus: The Ultimate Formula;в одной серии;3;yeiletum;Тилетум;https://tesera.ru/game/Trismegistus-The-Ultimate-Formula/
2026-09-27;mvm;Mechs vs. Minions;в одном мире;0;tellstones-kings-gambit;;https://tesera.ru/game/mvm/
2026-09-27;troyes;Troyes;дополнение;0;the-ladies-of-troyes;Troyes: The Ladies of Troyes;https://tesera.ru/game/troyes/
2026-09-27;troyes;Troyes;дополнение;1;troyes-promo-card-set;;https://tesera.ru/game/troyes/
2026-09-27;troyes;Troyes;в одной серии;2;tournay;;https://tesera.ru/game/troyes/
2026-09-27;troyes;Troyes;оригинал;3;black-angel;;https://tesera.ru/game/troyes/
2026-09-27;Infinity;Infinity: A Skirmish Game;исходная игра;0;infinity-operation-icestorm;Infinity: Operation: Icestorm;https://tesera.ru/game/Infinity/
2026-09-27;Infinity;Infinity: A Skirmish Game;исходная игра;1;infinity-operation-red-veil;Infinity: Operation Red Veil;https://tesera.ru/game/Infinity/
2026-09-27;Infinity;Infinity: A Skirmish Game;в одном мире;2;aristeia;Aristeia!;https://tesera.ru/game/Infinity/
2026-09-27;Infinity;Infinity: A Skirmish Game;в одном мире;3;aristeia-soldiers-of-fortune;;https://tesera.ru/game/Infinity/
2026-09-27;7-wonders-second-edition;7 Чудес (Второе издание);оригинал;0;7-wonders;7 чудес;https://tesera.ru/game/7-wonders-second-edition/
2026-09-27;7-wonders-second-edition;7 Чудес (Второе издание);дополнение;1;7-wonders-second-edition-cities;;https://tesera.ru/game/7-wonders-second-edition/
2026-09-27;7-wonders-second-edition;7 Чудес (Второе издание);дополнение;2;7-wonders-second-edition-armada;;https://tesera.ru/game/7-wonders-second-edition/
2026-09-27;7-wonders-second-edition;7 Чудес (Второе издание);дополнение;3;7-wonders-second-edition-leaders;;https://tesera.ru/game/7-wonders-second-edition/
2026-09-27;Carcassonne20th;Каркассон: Юбилейное издание;в одной серии;0;carcassonne;Каркассон;https://tesera.ru/game/Carcassonne20th/
2026-09-27;Carcassonne20th;Каркассон: Юбилейное издание;дополнение;1;Gifts;;https://tesera.ru/game/Carcassonne20th/
2026-09-27;Carcassonne20th;Каркассон: Юбилейное издание;дополнение;2;Signposts;;https://tesera.ru/game/Carcassonne20th/
2026-09-27;Carcassonne20th;Каркассон: Юбилейное издание;в одной серии;3;carcassone-big-box-2022;;https://tesera.ru/game/Carcassonne20th/
2026-09-27;Malifaux;Malifaux;в одном мире;0;Through-the-Breach;;https://tesera.ru/game/Malifaux/
2026-09-27;Malifaux;Malifaux;в одном мире;1;puppet-wars-unstitched;;https://tesera.ru/game/Malifaux/
2026-09-27;Malifaux;Malifaux;в одном мире;2;malifaux-2e-starter-set;;https://tesera.ru/game/Malifaux/
2026-09-27;Malifaux;Malifaux;в одном мире;3;theotherside;;https://tesera.ru/game/Malifaux/
2026-09-27;wonderlands-war;Wonderland's War;дополнение;0;wonderlands-war-premium-chips;;https://tesera.ru/game/wonderlands-war/
2026-09-27;wonderlands-war;Wonderland's War;дополнение;1;wonderlands-war-shards-of-madness;;https://tesera.ru/game/wonderlands-war/
2026-09-27;wonderlands-war;Wonderland's War;в одной серии;2;madcala;;https://tesera.ru/game/wonderlands-war/
2026-09-27;orleans;Орлеан;дополнение;0;orleans-invasion;Орлеан: Вторжение;https://tesera.ru/game/orleans/
2026-09-27;orleans;Орлеан;дополнение;1;Orleans-Neue-Ortskarten-1;;https://tesera.ru/game/orleans/
2026-09-27;orleans;Орлеан;дополнение;2;Orleans-Neue-Ortskarten-2;;https://tesera.ru/game/orleans/
2026-09-27;orleans;Орлеан;дополнение;3;Orleans-Neue-Ortskarten-3;;https://tesera.ru/game/orleans/
2026-09-27;Rising-Sun;Восходящее солнце;в одной серии;0;blood-rage;Кровь и ярость;https://tesera.ru/game/Rising-Sun/
2026-09-27;Rising-Sun;Восходящее солнце;в одной серии;1;rising-sun-dynasty-invasion;Восходящее солнце: Вторжение Династии;https://tesera.ru/game/Rising-Sun/
2026-09-27;Rising-Sun;Восходящее солнце;дополнение;2;Rising-Sun-Kami-Unbound;;https://tesera.ru/game/Rising-Sun/
2026-09-27;Rising-Sun;Восходящее солнце;дополнение;3;rising-sun-monster-pack;;https://tesera.ru/game/Rising-Sun/
2026-09-27;Fief-France-1429;Fief: France 1429;оригинал;0;fief;;https://tesera.ru/game/Fief-France-1429/
2026-09-27;Fief-France-1429;Fief: France 1429;дополнение;1;Fief-Tactical;;https://tesera.ru/game/Fief-France-1429/
2026-09-27;Fief-France-1429;Fief: France 1429;дополнение;2;Fief-Politics;;https://tesera.ru/game/Fief-France-1429/
2026-09-27;Fief-France-1429;Fief: France 1429;дополнение;3;fief-teutonic-knights-expansion;;https://tesera.ru/game/Fief-France-1429/
2026-09-27;Shadows-of-Brimstone-Swamps-of-Death;Shadows of Brimstone: Swamps of Death;в одной серии;0;Shadows-of-Brimstone-City-of-the-Ancients;Shadows of Brimstone: City of the Ancients;https://tesera.ru/game/Shadows-of-Brimstone-Swamps-of-Death/
2026-09-27;Shadows-of-Brimstone-Swamps-of-Death;Shadows of Brimstone: Swamps of Death;в одной серии;1;Shadows-of-Brimstone;Shadows of Brimstone;https://tesera.ru/game/Shadows-of-Brimstone-Swamps-of-Death/
2026-09-27;Shadows-of-Brimstone-Swamps-of-Death;Shadows of Brimstone: Swamps of Death;дополнение;2;shadows-of-brimstone-caverns-of-cynder-expansion;;https://tesera.ru/game/Shadows-of-Brimstone-Swamps-of-Death/
2026-09-27;Shadows-of-Brimstone-Swamps-of-Death;Shadows of Brimstone: Swamps of Death;дополнение;3;shadows-of-brimstone-doorways-into-darkness;;https://tesera.ru/game/Shadows-of-Brimstone-Swamps-of-Death/
2026-09-27;voyna-koltsa-stsyenariy-raskol-bratstva;Война Кольца. (Второе издание) Промо-сценарий «Раскол Братства»;исходная игра;0;War-of-the-Ring-Second-Edition;Война Кольца (Второе издание);https://tesera.ru/game/voyna-koltsa-stsyenariy-raskol-bratstva/
2026-09-27;voidfall;Опустошение;дополнение;0;voidfall-miniature-pack;;https://tesera.ru/game/voidfall/
2026-09-27;voidfall;Опустошение;в одном мире;1;revenant;;https://tesera.ru/game/voidfall/
2026-09-27;agricola;Агрикола;дополнение;0;agricola-ldeck;;https://tesera.ru/game/agricola/
2026-09-27;agricola;Агрикола;дополнение;1;agricola-czdeck;;https://tesera.ru/game/agricola/
2026-09-27;agricola;Агрикола;дополнение;2;agricola-zdeck;;https://tesera.ru/game/agricola/
2026-09-27;agricola;Агрикола;дополнение;3;agricola-xdeck;;https://tesera.ru/game/agricola/
2026-09-27;7-wonders-duel-agora;7 чудес: Дуэль - Агора;исходная игра;0;7-wonders-duel;7 чудес: Дуэль;https://tesera.ru/game/7-wonders-duel-agora/
2026-09-27;7-wonders-duel-agora;7 чудес: Дуэль - Агора;в одной серии;1;7-wonders-duel-pantheon;7 чудес: Дуэль - Пантеон;https://tesera.ru/game/7-wonders-duel-agora/
2026-09-27;7-wonders-duel-agora;7 чудес: Дуэль - Агора;дополнение;2;promoagora;;https://tesera.ru/game/7-wonders-duel-agora/
2026-09-27;7-wonders-duel-agora;7 чудес: Дуэль - Агора;исходная игра;3;7Wonders-DuelMesse-Essen;7 Wonders: Duel The Messe Essen;https://tesera.ru/game/7-wonders-duel-agora/
2026-09-27;through-ages-new-leaders-and-wonders;Сквозь века: Новая история цивилизации - Новые лидеры и чудеса;исходная игра;0;through-ages-new-story-civilization;Сквозь века: Новая история цивилизации;https://tesera.ru/game/through-ages-new-leaders-and-wonders/
2026-09-27;osobnyaki-bezumiya-za-porogom;Особняки безумия. За порогом;исходная игра;0;Mansions-of-Madness-Second-Edition;Особняки безумия (второе издание);https://tesera.ru/game/osobnyaki-bezumiya-za-porogom/
2026-09-27;osobnyaki-bezumiya-za-porogom;Особняки безумия. За порогом;в одной серии;1;mansions-of-madness-second-edition-path-of-the-serpent;Особняки безумия. Вторая редакция: Путь змеи;https://tesera.ru/game/osobnyaki-bezumiya-za-porogom/
2026-09-27;osobnyaki-bezumiya-za-porogom;Особняки безумия. За порогом;исходная игра;2;Streets-of-Arkham;Особняки безумия: Улицы Аркхэма;https://tesera.ru/game/osobnyaki-bezumiya-za-porogom/
2026-09-27;osobnyaki-bezumiya-za-porogom;Особняки безумия. За порогом;в одной серии;3;Mansions-of-Madness-Sanctum-of-Twilight;Особняки безумия. Вторая редакция: Святилище сумерек;https://tesera.ru/game/osobnyaki-bezumiya-za-porogom/
2026-09-27;a-game-of-thrones-the-board-game-second-edition;Игра Престолов. Второе издание;в одном мире;0;battles-of-westeros;;https://tesera.ru/game/a-game-of-thrones-the-board-game-second-edition/
2026-09-27;a-game-of-thrones-the-board-game-second-edition;Игра Престолов. Второе издание;в одном мире;1;a-game-of-thrones-lcg;;https://tesera.ru/game/a-game-of-thrones-the-board-game-second-edition/
2026-09-27;a-game-of-thrones-the-board-game-second-edition;Игра Престолов. Второе издание;дополнение;2;AGoTSE-ADwDE;;https://tesera.ru/game/a-game-of-thrones-the-board-game-second-edition/
2026-09-27;a-game-of-thrones-the-board-game-second-edition;Игра Престолов. Второе издание;в одном мире;3;Game-of-Thrones-Westeros-Intrigue;;https://tesera.ru/game/a-game-of-thrones-the-board-game-second-edition/
2026-09-27;welcome-to-the-moon;Добро пожаловать на Луну;оригинал;0;Welcome-To;Бумажные кварталы;https://tesera.ru/game/welcome-to-the-moon/
2026-09-27;welcome-to-the-moon;Добро пожаловать на Луну;в одной серии;1;welcome-to-collector-edition;Бумажные кварталы. Коллекционное издание;https://tesera.ru/game/welcome-to-the-moon/
2026-09-27;arkham-horror-innsmouth-horror;Ужас Аркхэма. Ужас Инсмута;исходная игра;0;arkham-horror;Ужас Аркхэма;https://tesera.ru/game/arkham-horror-innsmouth-horror/
2026-09-27;carnegie;Карнеги;дополнение;0;carnegie-expansion;;https://tesera.ru/game/carnegie/
2026-09-27;aeon-trespass-odyssey;Aeon Trespass: Odyssey;дополнение;0;aeon-trespass-odyssey-black-flame-of-atlantis;;https://tesera.ru/game/aeon-trespass-odyssey/
2026-09-27;aeon-trespass-odyssey;Aeon Trespass: Odyssey;дополнение;1;aeon-trespass-odyssey-gardens-of-babylon;;https://tesera.ru/game/aeon-trespass-odyssey/
2026-09-27;aeon-trespass-odyssey;Aeon Trespass: Odyssey;дополнение;2;aeon-trespass-odyssey-gamechanger-titan;;https://tesera.ru/game/aeon-trespass-odyssey/
2026-09-27;aeon-trespass-odyssey;Aeon Trespass: Odyssey;дополнение;3;aeon-trespass-odyssey-skyseer-titan;;https://tesera.ru/game/aeon-trespass-odyssey/
2026-09-27;High-Frontier-4-All;High Frontier 4 All;оригинал;0;high-frontier-3rd-edition;;https://tesera.ru/game/High-Frontier-4-All/
2026-09-27;High-Frontier-4-All;High Frontier 4 All;оригинал;1;high-frontier;;https://tesera.ru/game/High-Frontier-4-All/
2026-09-27;High-Frontier-4-All;High Frontier 4 All;дополнение;2;HF4-Module-1-Terawatt;;https://tesera.ru/game/High-Frontier-4-All/
2026-09-27;High-Frontier-4-All;High Frontier 4 All;дополнение;3;HF4-Module-2-Colonization;;https://tesera.ru/game/High-Frontier-4-All/
2026-09-27;UnmatchedCF;Unmatched: Туман над мостовой;в одной серии;0;Unmatched-Battle-of-Legends-Volume-1;Unmatched: Битва легенд. Том I;https://tesera.ru/game/UnmatchedCF/
2026-09-27;UnmatchedCF;Unmatched: Туман над мостовой;в одной серии;1;Unmatched-Robin-Hood-vs-Bigfoot;Unmatched: Робин Гуд vs. Бигфут;https://tesera.ru/game/UnmatchedCF/
2026-09-27;UnmatchedCF;Unmatched: Туман над мостовой;дополнение;2;unmatched-bruce-lee;;https://tesera.ru/game/UnmatchedCF/
2026-09-27;UnmatchedCF;Unmatched: Туман над мостовой;в одном мире;3;unmatched-jurassic-park;Unmatched: Jurassic Park;https://tesera.ru/game/UnmatchedCF/
2026-09-27;Mansions-of-Madness-Call-of-the-Wild;Mansions of Madness: Call of the Wild;в одной серии;0;Mansions-of-Madness-Forbidden-Alchemy;Mansions of Madness: Forbidden Alchemy;https://tesera.ru/game/Mansions-of-Madness-Call-of-the-Wild/
2026-09-27;Mansions-of-Madness-Call-of-the-Wild;Mansions of Madness: Call of the Wild;исходная игра;1;Mansions-of-Madness;Mansions of Madness;https://tesera.ru/game/Mansions-of-Madness-Call-of-the-Wild/
2026-09-27;Mansions-of-Madness-Call-of-the-Wild;Mansions of Madness: Call of the Wild;в одном мире;2;Mansions-of-Madness-Second-Edition;Особняки безумия (второе издание);https://tesera.ru/game/Mansions-of-Madness-Call-of-the-Wild/
2026-09-27;Mansions-of-Madness-Call-of-the-Wild;Mansions of Madness: Call of the Wild;в одной серии;3;Mansions-of-Madness-Sanctum-of-Twilight;Особняки безумия. Вторая редакция: Святилище сумерек;https://tesera.ru/game/Mansions-of-Madness-Call-of-the-Wild/
2026-09-27;terraforming-mars-hellas-elysium;Покорение Марса: Эллада и Элизий;исходная игра;0;terraforming-mars;Покорение Марса;https://tesera.ru/game/terraforming-mars-hellas-elysium/
2026-09-27;terraforming-mars-hellas-elysium;Покорение Марса: Эллада и Элизий;в одной серии;1;terraforming-mars-venus-next;;https://tesera.ru/game/terraforming-mars-hellas-elysium/
2026-09-27;terraforming-mars-hellas-elysium;Покорение Марса: Эллада и Элизий;в одной серии;2;terraforming-mars-colonies;Покорение Марса: Колонии;https://tesera.ru/game/terraforming-mars-hellas-elysium/
2026-09-27;terraforming-mars-hellas-elysium;Покорение Марса: Эллада и Элизий;в одной серии;3;terraforming-mars-prelude;Покорение Марса: Пролог;https://tesera.ru/game/terraforming-mars-hellas-elysium/
2026-09-27;triumph-and-tragedy;Triumph and Tragedy;дополнение;0;triumph-and-tragedy-2nd-edition-update-kit;;https://tesera.ru/game/triumph-and-tragedy/
2026-09-27;triumph-and-tragedy;Triumph and Tragedy;римейк;1;Expansion-or-Extinction;;https://tesera.ru/game/triumph-and-tragedy/
2026-09-27;triumph-and-tragedy;Triumph and Tragedy;продолжение;2;conquest-and-consequence;;https://tesera.ru/game/triumph-and-tragedy/
2026-09-27;unconscious-mind;Бессознательное;в одном мире;0;dreamworld-an-unconscious-mind-card-game;;https://tesera.ru/game/unconscious-mind/
2026-09-27;unconscious-mind;Бессознательное;дополнение;1;unconscious-mind-nightmares;;https://tesera.ru/game/unconscious-mind/
2026-09-27;unconscious-mind;Бессознательное;дополнение;2;unconscious-mind-free-association-modules-box;;https://tesera.ru/game/unconscious-mind/
2026-09-27;unconscious-mind;Бессознательное;дополнение;3;unconscious-mind-collectors-box;;https://tesera.ru/game/unconscious-mind/
2026-09-27;harmonies;Гармония;дополнение;0;harmonies-4-natures-spirit-pawns-and-1-exclusive-natures-spirit;;https://tesera.ru/game/harmonies/
2026-09-27;harmonies;Гармония;дополнение;1;2597562;;https://tesera.ru/game/harmonies/
2026-09-27;harmonies;Гармония;дополнение;2;2597574;;https://tesera.ru/game/harmonies/
2026-09-27;cthulhu-wars-great-old-one-pack-three;Cthulhu Wars: Great Old One Pack Three;исходная игра;0;Cthulhu-Wars;Войны Ктулху;https://tesera.ru/game/cthulhu-wars-great-old-one-pack-three/
2026-09-27;everdell;Эверделл;дополнение;0;Everdell-Pearlbrook;;https://tesera.ru/game/everdell/
2026-09-27;everdell;Эверделл;дополнение;1;everdell-spirecrest;Эверделл: Острые хребты;https://tesera.ru/game/everdell/
2026-09-27;everdell;Эверделл;дополнение;2;everdell-bellfaire;Эверделл: Фестиваль;https://tesera.ru/game/everdell/
2026-09-27;everdell;Эверделл;исходная игра;3;EverdellZolotoDolyni;Эверделл: Золото долины. Делюкс-набор;https://tesera.ru/game/everdell/
2026-09-27;this-war-of-mine-the-board-game;Это моя война;дополнение;0;this-war-of-mine-this-war-of-mine-tales-from-the-ruined-city;Это моя война. Истории осаждённого города;https://tesera.ru/game/this-war-of-mine-the-board-game/
2026-09-27;this-war-of-mine-the-board-game;Это моя война;дополнение;1;this-war-of-mine-days-of-the-siege;;https://tesera.ru/game/this-war-of-mine-the-board-game/
2026-09-27;this-war-of-mine-the-board-game;Это моя война;римейк;2;this-war-of-mine-the-board-game-second-edition;;https://tesera.ru/game/this-war-of-mine-the-board-game/
2026-09-27;puerto-rico;Пуэрто-Рико;продолжение;0;san-juan;;https://tesera.ru/game/puerto-rico/
2026-09-27;puerto-rico;Пуэрто-Рико;дополнение;1;puerto-rico-the-new-buildings;;https://tesera.ru/game/puerto-rico/
2026-09-27;puerto-rico;Пуэрто-Рико;дополнение;2;puerto-rico-the-nobles;;https://tesera.ru/game/puerto-rico/
2026-09-27;puerto-rico;Пуэрто-Рико;дополнение;3;alea-treasure-chest;Treasure Chest;https://tesera.ru/game/puerto-rico/
2026-09-27;marco-polo-ii-im-auftrag-des-khan;Марко Поло 2: На службе хана;предшественница;0;the-voyages-of-marco-polo;Путешествия Марко Поло;https://tesera.ru/game/marco-polo-ii-im-auftrag-des-khan/
2026-09-27;marco-polo-ii-im-auftrag-des-khan;Марко Поло 2: На службе хана;дополнение;1;marco-polo-2-the-caravans;;https://tesera.ru/game/marco-polo-ii-im-auftrag-des-khan/
2026-09-27;Runebound-Third-Edition-Unbreakable-Bonds;Runebound Третья редакция - Нерушимые узы;исходная игра;0;Runebound-Third-Edition;Runebound: Третья редакция;https://tesera.ru/game/Runebound-Third-Edition-Unbreakable-Bonds/
2026-09-27;Runebound-Third-Edition-Unbreakable-Bonds;Runebound Третья редакция - Нерушимые узы;дополнение;1;Runebound-Third-Edition-Caught-in-a-Web-Scenario-Pack;Runebound Третья редакция - В паутине (Дополнительный сценарий);https://tesera.ru/game/Runebound-Third-Edition-Unbreakable-Bonds/
2026-09-27;Runebound-Third-Edition-Unbreakable-Bonds;Runebound Третья редакция - Нерушимые узы;дополнение;2;Runebound-Third-Edition-Fall-of-the-Dark-Star-Scenario-Pack;Runebound Третья редакция - Падение Темной звезды (Дополнительный сценарий);https://tesera.ru/game/Runebound-Third-Edition-Unbreakable-Bonds/
2026-09-27;Runebound-Third-Edition-Unbreakable-Bonds;Runebound Третья редакция - Нерушимые узы;дополнение;3;Runebound-Third-Edition-The-Gilded-Blade-Adventure-Pack;Runebound Третья редакция - Позолоченный клинок (Дополнительное приключение);https://tesera.ru/game/Runebound-Third-Edition-Unbreakable-Bonds/
2026-09-27;battlelore;BattleLore;дополнение;0;battlelore-creatures;;https://tesera.ru/game/battlelore/
2026-09-27;battlelore;BattleLore;дополнение;1;battlelore-dragons;;https://tesera.ru/game/battlelore/
2026-09-27;battlelore;BattleLore;дополнение;2;battlelore-dwarven-battalion-specialist-pack;;https://tesera.ru/game/battlelore/
2026-09-27;battlelore;BattleLore;дополнение;3;battlelore-earth-elemental;;https://tesera.ru/game/battlelore/
2026-09-27;podlodka-nastolnaya-igra;Подлодка. Настольная игра;в одном мире;0;the-hunters;;https://tesera.ru/game/podlodka-nastolnaya-igra/
2026-09-27;podlodka-nastolnaya-igra;Подлодка. Настольная игра;в одном мире;1;the-hunted-twilight-of-the-uboats-194345;;https://tesera.ru/game/podlodka-nastolnaya-igra/
2026-09-27;podlodka-nastolnaya-igra;Подлодка. Настольная игра;в одном мире;2;steel-wolves;;https://tesera.ru/game/podlodka-nastolnaya-igra/
2026-09-27;podlodka-nastolnaya-igra;Подлодка. Настольная игра;в одном мире;3;silent-war;;https://tesera.ru/game/podlodka-nastolnaya-igra/
2026-09-27;sherlock-holmes-consulting-detective-jack-the-ripper-west-end;Шерлок Холмс, детектив-консультант. Джек-потрошитель и вест-эндские приключения;дополнение;0;sherlock-holmes-consulting-detective-carlton-house-queens-park;;https://tesera.ru/game/sherlock-holmes-consulting-detective-jack-the-ripper-west-end/
2026-09-27;sherlock-holmes-consulting-detective-jack-the-ripper-west-end;Шерлок Холмс, детектив-консультант. Джек-потрошитель и вест-эндские приключения;исходная игра;1;sherlock-holmes-consulting-detective-the-baker-street-irregulars;Sherlock Holmes Consulting Detective — The Baker Street Irregulars;https://tesera.ru/game/sherlock-holmes-consulting-detective-jack-the-ripper-west-end/
2026-09-27;sherlock-holmes-consulting-detective-jack-the-ripper-west-end;Шерлок Холмс, детектив-консультант. Джек-потрошитель и вест-эндские приключения;в одной серии;2;sherlock-holmes-consulting-detective-the-thames-murders;Шерлок Холмс, детектив-консультант. Убийства на Темзе и другие расследования;https://tesera.ru/game/sherlock-holmes-consulting-detective-jack-the-ripper-west-end/
2026-09-27;nemesis-aftermath;Nemesis: Aftermath & Void Seeders;исходная игра;0;nemesis;Немезида;https://tesera.ru/game/nemesis-aftermath/
2026-09-27;nemesis-aftermath;Nemesis: Aftermath & Void Seeders;в одной серии;1;nemesiscarnomorphs;Немезида: Карноморфы;https://tesera.ru/game/nemesis-aftermath/
2026-09-27;nemesis-aftermath;Nemesis: Aftermath & Void Seeders;в одной серии;2;Untold-Stories;;https://tesera.ru/game/nemesis-aftermath/
2026-09-27;nemesis-aftermath;Nemesis: Aftermath & Void Seeders;в одной серии;3;nemesis-blood-tests-deck;;https://tesera.ru/game/nemesis-aftermath/
2026-09-27;tekhenu-obelisk-of-the-sun;Техену. Обелиск Солнца;дополнение;0;tekhenu-obelisk-of-the-sun-foundations-of-karnak;;https://tesera.ru/game/tekhenu-obelisk-of-the-sun/
2026-09-27;tekhenu-obelisk-of-the-sun;Техену. Обелиск Солнца;дополнение;1;tekhenu-time-of-seth;;https://tesera.ru/game/tekhenu-obelisk-of-the-sun/
2026-09-27;tekhenu-obelisk-of-the-sun;Техену. Обелиск Солнца;в одном мире;2;shadow-of-the-obelisk;;https://tesera.ru/game/tekhenu-obelisk-of-the-sun/
2026-09-27;tekhenu-obelisk-of-the-sun;Техену. Обелиск Солнца;дополнение;3;tekhenu-noble-buildings;;https://tesera.ru/game/tekhenu-obelisk-of-the-sun/
2026-09-27;res-arcana-perlae-imperii;Res Arcana: Жемчужная Империя;исходная игра;0;Res-Arcana;Res Arcana;https://tesera.ru/game/res-arcana-perlae-imperii/
2026-09-27;res-arcana-perlae-imperii;Res Arcana: Жемчужная Империя;в одной серии;1;res-arcana-lux-et-tenebrae;Res Arcana: Свет и Тьма;https://tesera.ru/game/res-arcana-perlae-imperii/
2026-09-27;res-arcana-perlae-imperii;Res Arcana: Жемчужная Империя;в одной серии;2;res-arcana-duo;;https://tesera.ru/game/res-arcana-perlae-imperii/
2026-09-27;res-arcana-perlae-imperii;Res Arcana: Жемчужная Империя;в одной серии;3;res-arcana-alternative-mages-pack;;https://tesera.ru/game/res-arcana-perlae-imperii/
2026-09-27;root-the-marauder-expansion;Корни. Мародёры;исходная игра;0;root;Корни;https://tesera.ru/game/root-the-marauder-expansion/
2026-09-27;root-the-marauder-expansion;Корни. Мародёры;в одной серии;1;root-landmarks;;https://tesera.ru/game/root-the-marauder-expansion/
2026-09-27;root-the-marauder-expansion;Корни. Мародёры;исходная игра;2;root-marauder-hirelings;Корни. Рекруты-мародёры.;https://tesera.ru/game/root-the-marauder-expansion/
2026-09-27;BSG-Pegasus;Battlestar Galactica: Pegasus Expansion;исходная игра;0;battlestar-galactica;Battlestar Galactica;https://tesera.ru/game/BSG-Pegasus/
2026-09-27;BSG-Pegasus;Battlestar Galactica: Pegasus Expansion;в одной серии;1;BSG-Exodus;Battlestar Galactica: Exodus Expansion;https://tesera.ru/game/BSG-Pegasus/
2026-09-27;BSG-Pegasus;Battlestar Galactica: Pegasus Expansion;в одной серии;2;Battlestar-Galactica-Daybreak-Expansion;Battlestar Galactica: Daybreak Expansion;https://tesera.ru/game/BSG-Pegasus/
2026-09-27;BSG-Pegasus;Battlestar Galactica: Pegasus Expansion;в одном мире;3;Battlestar-Galactica-Starship-Battles;;https://tesera.ru/game/BSG-Pegasus/
2026-09-27;aristeia;Aristeia!;в одном мире;0;Infinity;Infinity: A Skirmish Game;https://tesera.ru/game/aristeia/
2026-09-27;aristeia;Aristeia!;римейк;1;aristeia-collector-edition;;https://tesera.ru/game/aristeia/
2026-09-27;aristeia;Aristeia!;дополнение;2;aristeia-soldiers-of-fortune;;https://tesera.ru/game/aristeia/
2026-09-27;aristeia;Aristeia!;дополнение;3;aristeia-smoke-mirrors;;https://tesera.ru/game/aristeia/
2026-09-27;detective-mcb;Детектив. Игра о современном расследовании;дополнение;0;detective-a-modern-crime-board-game-la-crimes;;https://tesera.ru/game/detective-mcb/
2026-09-27;detective-mcb;Детектив. Игра о современном расследовании;в одной серии;1;detective-a-modern-crime-boardgame-suburbia;;https://tesera.ru/game/detective-mcb/
2026-09-27;detective-mcb;Детектив. Игра о современном расследовании;в одной серии;2;Natural-Causes;;https://tesera.ru/game/detective-mcb/
2026-09-27;detective-mcb;Детектив. Игра о современном расследовании;в одной серии;3;detective-signature-series-dig-deeper;;https://tesera.ru/game/detective-mcb/
2026-09-27;uzhas-arkkhema-kartochnaya-igra-naslediye-danvicha-krov-na;Ужас Аркхэма. Карточная игра: Наследие Данвича. Кровь на алтаре;исходная игра;0;arkham-horror-the-card-game;Ужас Аркхэма. Карточная игра;https://tesera.ru/game/uzhas-arkkhema-kartochnaya-igra-naslediye-danvicha-krov-na/
2026-09-27;uzhas-arkkhema-kartochnaya-igra-naslediye-danvicha-krov-na;Ужас Аркхэма. Карточная игра: Наследие Данвича. Кровь на алтаре;исходная игра;1;uzhas-arkkhema-kartochnaya-igra-naslediye-danvicha;Ужас Аркхэма. Карточная игра: Наследие Данвича;https://tesera.ru/game/uzhas-arkkhema-kartochnaya-igra-naslediye-danvicha-krov-na/
2026-09-27;uzhas-arkkhema-kartochnaya-igra-naslediye-danvicha-krov-na;Ужас Аркхэма. Карточная игра: Наследие Данвича. Кровь на алтаре;предшественница;2;uzhas-arkkhema-kartochnaya-igra-miskatoniksky-muzey;Ужас Аркхэма. Карточная игра: Наследие Данвича. Мискатоникский музей;https://tesera.ru/game/uzhas-arkkhema-kartochnaya-igra-naslediye-danvicha-krov-na/
2026-09-27;uzhas-arkkhema-kartochnaya-igra-naslediye-danvicha-krov-na;Ужас Аркхэма. Карточная игра: Наследие Данвича. Кровь на алтаре;предшественница;3;uzhas-arkkhema-kartochnaya-igra-naslediye-danvicha-ekspress;Ужас Аркхэма. Карточная игра: Наследие Данвича. Экспресс округа Эссекс;https://tesera.ru/game/uzhas-arkkhema-kartochnaya-igra-naslediye-danvicha-krov-na/
2026-09-27;roll-player-adventures;Roll Player Adventures: Приключения в Улосе;дополнение;0;roll-player-adventures-nefras-judgement-expansion;;https://tesera.ru/game/roll-player-adventures/
2026-09-27;roll-player-adventures;Roll Player Adventures: Приключения в Улосе;в одном мире;1;roll-player;Путь героя;https://tesera.ru/game/roll-player-adventures/
2026-09-27;roll-player-adventures;Roll Player Adventures: Приключения в Улосе;в одном мире;2;lockup-a-roll-player-tale;;https://tesera.ru/game/roll-player-adventures/
2026-09-27;roll-player-adventures;Roll Player Adventures: Приключения в Улосе;в одном мире;3;cartographers-heroes;;https://tesera.ru/game/roll-player-adventures/
2026-09-27;Cthulhu-Wars;Войны Ктулху;дополнение;0;Cthulhu-Wars-Tcho-Tcho;;https://tesera.ru/game/Cthulhu-Wars/
2026-09-27;Cthulhu-Wars;Войны Ктулху;дополнение;1;Cthulhu-Wars-Windwalker;Cthulhu Wars: Windwalker;https://tesera.ru/game/Cthulhu-Wars/
2026-09-27;Cthulhu-Wars;Войны Ктулху;дополнение;2;Cthulhu-Wars-Sleeper;;https://tesera.ru/game/Cthulhu-Wars/
2026-09-27;Cthulhu-Wars;Войны Ктулху;дополнение;3;Cthulhu-Wars-Opener-of-the-Way;Cthulhu Wars: Opener of the Way;https://tesera.ru/game/Cthulhu-Wars/
2026-09-27;warchest-siege;Сундук войны. Осада;исходная игра;0;warchest;Сундук войны;https://tesera.ru/game/warchest-siege/
2026-09-27;warchest-siege;Сундук войны. Осада;в одной серии;1;warchest-nobility;Сундук войны. Дворянство;https://tesera.ru/game/warchest-siege/
2026-09-27;warchest-siege;Сундук войны. Осада;исходная игра;2;war-chest-nightfall;Сундук войны. Сумерки;https://tesera.ru/game/warchest-siege/
2026-09-27;warchest-siege;Сундук войны. Осада;исходная игра;3;sunduk-voyny-turnir;Сундук войны. Турнир;https://tesera.ru/game/warchest-siege/
2026-09-27;unconscious-mind-deluxe-edition;Бессознательное: Делюкс издание;в одной серии;0;unconscious-mind;Бессознательное;https://tesera.ru/game/unconscious-mind-deluxe-edition/
2026-09-27;unconscious-mind-deluxe-edition;Бессознательное: Делюкс издание;дополнение;1;unconscious-mind-nightmares;;https://tesera.ru/game/unconscious-mind-deluxe-edition/
2026-09-27;unconscious-mind-deluxe-edition;Бессознательное: Делюкс издание;дополнение;2;unconscious-mind-free-association-modules-box;;https://tesera.ru/game/unconscious-mind-deluxe-edition/
2026-09-27;unconscious-mind-deluxe-edition;Бессознательное: Делюкс издание;дополнение;3;unconscious-mind-collectors-box;;https://tesera.ru/game/unconscious-mind-deluxe-edition/
2026-09-27;Imperium-Legends;Империи: Легенды;в одной серии;0;imperium-classics;Империи: Классика;https://tesera.ru/game/Imperium-Legends/
2026-09-27;Imperium-Legends;Империи: Легенды;в одной серии;1;imperium-horizons;;https://tesera.ru/game/Imperium-Legends/
2026-09-27;robinson-crusoe-adventures-cursed-island;Робинзон Крузо: Приключения на таинственном острове. Вторая редакция;дополнение;0;Robinson-Crusoe-Voyage-of-the-Beagle;Робинзон Крузо. Путешествие «Бигля»;https://tesera.ru/game/robinson-crusoe-adventures-cursed-island/
2026-09-27;robinson-crusoe-adventures-cursed-island;Робинзон Крузо: Приключения на таинственном острове. Вторая редакция;дополнение;1;robinson-crusoe-aotci-tc1;;https://tesera.ru/game/robinson-crusoe-adventures-cursed-island/
2026-09-27;robinson-crusoe-adventures-cursed-island;Робинзон Крузо: Приключения на таинственном острове. Вторая редакция;дополнение;2;Robinson-Crusoe-Adventure-on-the-Cursed-Island-promo-beasts;;https://tesera.ru/game/robinson-crusoe-adventures-cursed-island/
2026-09-27;robinson-crusoe-adventures-cursed-island;Робинзон Крузо: Приключения на таинственном острове. Вторая редакция;дополнение;3;Robinson-Crusoe-Adventure-on-the-Cursed-Island-Spyglass;;https://tesera.ru/game/robinson-crusoe-adventures-cursed-island/
2026-09-27;cyclades-titans;Киклады. Титаны;исходная игра;0;cyclades;Киклады;https://tesera.ru/game/cyclades-titans/
2026-09-27;cyclades-titans;Киклады. Титаны;в одной серии;1;cyclades-hades;Киклады. Аид;https://tesera.ru/game/cyclades-titans/
2026-09-27;cyclades-titans;Киклады. Титаны;в одной серии;2;Cyclades-Hecate;;https://tesera.ru/game/cyclades-titans/
2026-09-27;cyclades-titans;Киклады. Титаны;в одной серии;3;cyclades-monuments;;https://tesera.ru/game/cyclades-titans/
2026-09-27;merchants-and-marauders-seas-of-glory;Merchants & Marauders: Seas of Glory;исходная игра;0;merchants-and-marauders;Merchants & Marauders;https://tesera.ru/game/merchants-and-marauders-seas-of-glory/
2026-09-27;merchants-and-marauders-seas-of-glory;Merchants & Marauders: Seas of Glory;в одной серии;1;Broadsides;;https://tesera.ru/game/merchants-and-marauders-seas-of-glory/
2026-09-27;The-Battle-of-Five-Armies;Битва Пяти Воинств;в одном мире;0;war-of-the-ring;War of the Ring;https://tesera.ru/game/The-Battle-of-Five-Armies/
2026-09-27;The-Battle-of-Five-Armies;Битва Пяти Воинств;в одном мире;1;War-of-the-Ring-Second-Edition;Война Кольца (Второе издание);https://tesera.ru/game/The-Battle-of-Five-Armies/
2026-09-27;The-Battle-of-Five-Armies;Битва Пяти Воинств;в одной серии;2;War-of-the-Ring-Warriors-of-Middle-earth;Война Кольца: Воины Средиземья;https://tesera.ru/game/The-Battle-of-Five-Armies/
2026-09-27;The-Battle-of-Five-Armies;Битва Пяти Воинств;в одном мире;3;the-battle-of-five-armies;;https://tesera.ru/game/The-Battle-of-Five-Armies/
2026-09-27;The-New-Era;The New Era;в одном мире;0;Neuroshima-Tactics;;https://tesera.ru/game/The-New-Era/
2026-09-27;The-New-Era;The New Era;в одной серии;1;51st-State;;https://tesera.ru/game/The-New-Era/
2026-09-27;The-New-Era;The New Era;дополнение;2;The-New-Era-Spiel-2011-Promo-Pack;;https://tesera.ru/game/The-New-Era/
2026-09-27;The-New-Era;The New Era;в одном мире;3;neuroshima-hex;;https://tesera.ru/game/The-New-Era/
2026-09-27;unmatched-jurassic-park;Unmatched: Jurassic Park;в одной серии;0;Unmatched-Battle-of-Legends-Volume-1;Unmatched: Битва легенд. Том I;https://tesera.ru/game/unmatched-jurassic-park/
2026-09-27;unmatched-jurassic-park;Unmatched: Jurassic Park;в одном мире;1;Unmatched-Robin-Hood-vs-Bigfoot;Unmatched: Робин Гуд vs. Бигфут;https://tesera.ru/game/unmatched-jurassic-park/
2026-09-27;unmatched-jurassic-park;Unmatched: Jurassic Park;в одном мире;2;UnmatchedCF;Unmatched: Туман над мостовой;https://tesera.ru/game/unmatched-jurassic-park/
2026-09-27;unmatched-jurassic-park;Unmatched: Jurassic Park;в одном мире;3;unmatched-bruce-lee;;https://tesera.ru/game/unmatched-jurassic-park/
2026-09-27;blood-rage;Кровь и ярость;оригинал;0;midgard;;https://tesera.ru/game/blood-rage/
2026-09-27;blood-rage;Кровь и ярость;дополнение;1;blood-rage-gods-of-asgard;;https://tesera.ru/game/blood-rage/
2026-09-27;blood-rage;Кровь и ярость;дополнение;2;blood-rage-5th-player-expansion;;https://tesera.ru/game/blood-rage/
2026-09-27;blood-rage;Кровь и ярость;дополнение;3;blood-rage-mystics-of-midgard;;https://tesera.ru/game/blood-rage/
2026-09-27;NemesisRetaliation;Nemesis: Retaliation;в одной серии;0;NemesisLockdown;Nemesis: Lockdown;https://tesera.ru/game/NemesisRetaliation/
2026-09-27;NemesisRetaliation;Nemesis: Retaliation;предшественница;1;nemesis;Немезида;https://tesera.ru/game/NemesisRetaliation/
2026-09-27;NemesisRetaliation;Nemesis: Retaliation;дополнение;2;nemesis-retaliation-acrylic-tokens;;https://tesera.ru/game/NemesisRetaliation/
2026-09-27;NemesisRetaliation;Nemesis: Retaliation;дополнение;3;nemesis-retaliation-terrain-expansion;;https://tesera.ru/game/NemesisRetaliation/
2026-09-27;gallerist;Галерист;дополнение;0;galleristksgoal2;;https://tesera.ru/game/gallerist/
2026-09-27;gallerist;Галерист;дополнение;1;galleristscoringexpansion;;https://tesera.ru/game/gallerist/
2026-09-27;lost-ruins-arnak;Руины острова Арнак;дополнение;0;lost-ruins-arnak-expedition-leaders;Руины острова Арнак: Лидеры экспедиции;https://tesera.ru/game/lost-ruins-arnak/
2026-09-27;lost-ruins-arnak;Руины острова Арнак;дополнение;1;lost-ruins-arnak-alicorn-promo-card;;https://tesera.ru/game/lost-ruins-arnak/
2026-09-27;lost-ruins-arnak;Руины острова Арнак;дополнение;2;lost-ruins-arnak-soothsayers-runes-promo-card;;https://tesera.ru/game/lost-ruins-arnak/
2026-09-27;lost-ruins-arnak;Руины острова Арнак;дополнение;3;lost-ruins-of-arnak-the-missing-expedition;Руины острова Арнак: Пропавшая экспедиция;https://tesera.ru/game/lost-ruins-arnak/
2026-09-27;pandemic-lab;Пандемия: В лаборатории;исходная игра;0;pandemic;Пандемия;https://tesera.ru/game/pandemic-lab/
2026-09-27;pandemic-lab;Пандемия: В лаборатории;в одной серии;1;pandemic-brink;Пандемия: На грани;https://tesera.ru/game/pandemic-lab/
2026-09-27;pandemic-lab;Пандемия: В лаборатории;в одной серии;2;Pandemic-State-of-Emergency;;https://tesera.ru/game/pandemic-lab/
2026-09-27;pandemic-lab;Пандемия: В лаборатории;в одной серии;3;pandemic-fall-of-rome;;https://tesera.ru/game/pandemic-lab/
2026-09-27;weather-machine;Машина погоды;дополнение;0;wmupgradepack;;https://tesera.ru/game/weather-machine/
2026-09-27;food-chain-magnate;Food Chain Magnate;дополнение;0;food-chain-magnate-the-ketchup-mechanism-other-ideas;;https://tesera.ru/game/food-chain-magnate/
2026-09-27;food-chain-magnate;Food Chain Magnate;римейк;1;food-chain-magnate-special-edition;;https://tesera.ru/game/food-chain-magnate/
2026-09-27;cyclades-legendary-edition;Киклады. Легендарное издание;оригинал;0;cyclades;Киклады;https://tesera.ru/game/cyclades-legendary-edition/
2026-09-27;cyclades-legendary-edition;Киклады. Легендарное издание;в одной серии;1;cyclades-legendary-edition-ultimate;;https://tesera.ru/game/cyclades-legendary-edition/
2026-09-27;cyclades-legendary-edition;Киклады. Легендарное издание;дополнение;2;cycladesmaelstrom;;https://tesera.ru/game/cyclades-legendary-edition/
2026-09-27;race-for-the-galaxy;Борьба за галактику;дополнение;0;race-for-the-galaxy-rebel-vs-imperium;Race for the Galaxy: Rebel vs Imperium;https://tesera.ru/game/race-for-the-galaxy/
2026-09-27;race-for-the-galaxy;Борьба за галактику;дополнение;1;race-for-the-galaxy-the-gathering-storm;Борьба за галактику: Перед бурей;https://tesera.ru/game/race-for-the-galaxy/
2026-09-27;race-for-the-galaxy;Борьба за галактику;дополнение;2;race-for-the-galaxy-the-brink-of-war;Race for the Galaxy: The Brink of War;https://tesera.ru/game/race-for-the-galaxy/
2026-09-27;race-for-the-galaxy;Борьба за галактику;дополнение;3;rftg-alien-artifacts;;https://tesera.ru/game/race-for-the-galaxy/
2026-09-27;Descent-Journeys-in-the-Dark-Second-Edition;Descent: Странствия во тьме (вторая редакция);предшественница;0;Descent-Journeys-in-the-Dark;;https://tesera.ru/game/Descent-Journeys-in-the-Dark-Second-Edition/
2026-09-27;Descent-Journeys-in-the-Dark-Second-Edition;Descent: Странствия во тьме (вторая редакция);дополнение;1;The-Descent-Journeys-in-the-Dark-Second-Edition-Conversion-Kit;The Descent: Journeys in the Dark Second Edition Conversion Kit;https://tesera.ru/game/Descent-Journeys-in-the-Dark-Second-Edition/
2026-09-27;Descent-Journeys-in-the-Dark-Second-Edition;Descent: Странствия во тьме (вторая редакция);в одном мире;2;runewars;Runewars;https://tesera.ru/game/Descent-Journeys-in-the-Dark-Second-Edition/
2026-09-27;Descent-Journeys-in-the-Dark-Second-Edition;Descent: Странствия во тьме (вторая редакция);в одном мире;3;rune-age;;https://tesera.ru/game/Descent-Journeys-in-the-Dark-Second-Edition/
2026-09-27;chempiony-midgarda-valkhalla-i-temnyye-gory;Чемпионы Мидгарда. Вальхалла и Темные горы;в одной серии;0;Champions-of-Midgard;Чемпионы Мидгарда;https://tesera.ru/game/chempiony-midgarda-valkhalla-i-temnyye-gory/
2026-09-27;chempiony-midgarda-valkhalla-i-temnyye-gory;Чемпионы Мидгарда. Вальхалла и Темные горы;дополнение;1;champions-of-midgard-the-dark-mountains;;https://tesera.ru/game/chempiony-midgarda-valkhalla-i-temnyye-gory/
2026-09-27;chempiony-midgarda-valkhalla-i-temnyye-gory;Чемпионы Мидгарда. Вальхалла и Темные горы;дополнение;2;champions-of-midgard-valhalla;Чемпионы Мидгарда. Вальхалла;https://tesera.ru/game/chempiony-midgarda-valkhalla-i-temnyye-gory/
2026-09-27;chempiony-midgarda-valkhalla-i-temnyye-gory;Чемпионы Мидгарда. Вальхалла и Темные горы;в одной серии;3;Champions-of-Midgard-Promo;;https://tesera.ru/game/chempiony-midgarda-valkhalla-i-temnyye-gory/
2026-09-27;Spartacus-A-Game-of-Blood-and-Treachery;Спартак. Кровь и песок;дополнение;0;Spartacus-The-Serpents-and-the-Wolf;;https://tesera.ru/game/Spartacus-A-Game-of-Blood-and-Treachery/
2026-09-27;Spartacus-A-Game-of-Blood-and-Treachery;Спартак. Кровь и песок;дополнение;1;Spartacus-Shadow-of-Death;;https://tesera.ru/game/Spartacus-A-Game-of-Blood-and-Treachery/
2026-09-27;Spartacus-A-Game-of-Blood-and-Treachery;Спартак. Кровь и песок;римейк;2;X-Men-Mutant-Revolution;;https://tesera.ru/game/Spartacus-A-Game-of-Blood-and-Treachery/
2026-09-27;Spartacus-A-Game-of-Blood-and-Treachery;Спартак. Кровь и песок;дополнение;3;spartacus-promokarty;;https://tesera.ru/game/Spartacus-A-Game-of-Blood-and-Treachery/
2026-09-27;Dune;Dune (1979);в одном мире;0;dune-express;;https://tesera.ru/game/Dune/
2026-09-27;Dune;Dune (1979);римейк;1;Rex;;https://tesera.ru/game/Dune/
2026-09-27;Dune;Dune (1979);в одном мире;2;dune-collectible-card-game;;https://tesera.ru/game/Dune/
2026-09-27;Dune;Dune (1979);в одном мире;3;dune-dice;;https://tesera.ru/game/Dune/
2026-09-27;Unmatched13;Unmatched: Гудини vs. Джинн;в одной серии;0;Unmatched-Battle-of-Legends-Volume-1;Unmatched: Битва легенд. Том I;https://tesera.ru/game/Unmatched13/
2026-09-27;Unmatched13;Unmatched: Гудини vs. Джинн;в одной серии;1;Unmatched-Robin-Hood-vs-Bigfoot;Unmatched: Робин Гуд vs. Бигфут;https://tesera.ru/game/Unmatched13/
2026-09-27;Unmatched13;Unmatched: Гудини vs. Джинн;в одной серии;2;UnmatchedCF;Unmatched: Туман над мостовой;https://tesera.ru/game/Unmatched13/
2026-09-27;Unmatched13;Unmatched: Гудини vs. Джинн;в одной серии;3;unmatched-bruce-lee;;https://tesera.ru/game/Unmatched13/
2026-09-27;cyclades;Киклады;дополнение;0;cyclades-hades;Киклады. Аид;https://tesera.ru/game/cyclades/
2026-09-27;cyclades;Киклады;дополнение;1;Cyclades-Hecate;;https://tesera.ru/game/cyclades/
2026-09-27;cyclades;Киклады;дополнение;2;Cyclades-Kemet-Creatures-Crossover;;https://tesera.ru/game/cyclades/
2026-09-27;cyclades;Киклады;дополнение;3;cyclades-titans;Киклады. Титаны;https://tesera.ru/game/cyclades/
2026-09-27;Star-Wars-Imperial-Assault;Star Wars: Imperial Assault Core Set;дополнение;0;star-wars-imperial-assault-general-weiss-villain-pack;;https://tesera.ru/game/Star-Wars-Imperial-Assault/
2026-09-27;Star-Wars-Imperial-Assault;Star Wars: Imperial Assault Core Set;дополнение;1;star-wars-imperial-assault-royal-guard-champion-villain-pack;;https://tesera.ru/game/Star-Wars-Imperial-Assault/
2026-09-27;Star-Wars-Imperial-Assault;Star Wars: Imperial Assault Core Set;дополнение;2;star-wars-imperial-assault-han-solo-ally-pack;;https://tesera.ru/game/Star-Wars-Imperial-Assault/
2026-09-27;Star-Wars-Imperial-Assault;Star Wars: Imperial Assault Core Set;дополнение;3;star-wars-imperial-assault-chewbacca-ally-pack;;https://tesera.ru/game/Star-Wars-Imperial-Assault/
2026-09-27;vinhos-deluxe-edition;Vinhos. Русское издание;дополнение;0;vinhos-deluxe-edition-cep;;https://tesera.ru/game/vinhos-deluxe-edition/
2026-09-27;vinhos-deluxe-edition;Vinhos. Русское издание;дополнение;1;vinhos-deluxe-edition-eep;;https://tesera.ru/game/vinhos-deluxe-edition/
2026-09-27;vinhos-deluxe-edition;Vinhos. Русское издание;дополнение;2;vinhos-deluxe-edition-iep;;https://tesera.ru/game/vinhos-deluxe-edition/
2026-09-27;vinhos-deluxe-edition;Vinhos. Русское издание;дополнение;3;vinhos-deluxe-edition-trep;;https://tesera.ru/game/vinhos-deluxe-edition/
2026-09-27;mage-wars-forcemaster-vs-warlord;Войны магов: Мастер силы против Повелителя битв;исходная игра;0;MageWars;Войны магов;https://tesera.ru/game/mage-wars-forcemaster-vs-warlord/
2026-09-27;bestiary-of-sigillum-collectors-edition;Бестиарий Сигиллума. Юбилейное издание;в одной серии;0;tetranomicon;;https://tesera.ru/game/bestiary-of-sigillum-collectors-edition/
2026-09-27;bestiary-of-sigillum-collectors-edition;Бестиарий Сигиллума. Юбилейное издание;в одном мире;1;reliquium;;https://tesera.ru/game/bestiary-of-sigillum-collectors-edition/
2026-09-27;bestiary-of-sigillum-collectors-edition;Бестиарий Сигиллума. Юбилейное издание;в одном мире;2;artefactum;;https://tesera.ru/game/bestiary-of-sigillum-collectors-edition/
2026-09-27;bestiary-of-sigillum-collectors-edition;Бестиарий Сигиллума. Юбилейное издание;оригинал;3;Bestiary-of-Sigillum;Бестиарий Сигиллума. Коллекционное издание;https://tesera.ru/game/bestiary-of-sigillum-collectors-edition/
2026-09-27;go;Го;в одном мире;0;shu-ga-za;;https://tesera.ru/game/go/
2026-09-27;go;Го;предшественница;1;GoAndGoBang;;https://tesera.ru/game/go/
2026-09-27;Pandemic-Legacy-s2;Пандемия: Наследие  — Второй сезон;предшественница;0;Pandemic-Legacy;Пандемия: Наследие — Первый сезон;https://tesera.ru/game/Pandemic-Legacy-s2/
2026-09-27;Pandemic-Legacy-s2;Пандемия: Наследие  — Второй сезон;предшественница;1;pandemic;Пандемия;https://tesera.ru/game/Pandemic-Legacy-s2/
2026-09-27;Pandemic-Legacy-s2;Пандемия: Наследие  — Второй сезон;в одной серии;2;pandemic-fall-of-rome;;https://tesera.ru/game/Pandemic-Legacy-s2/
2026-09-27;Pandemic-Legacy-s2;Пандемия: Наследие  — Второй сезон;исходная игра;3;PANDEMIC-10TH-ANNIVERSARY;Pandemic: 10th Anniversary Edition;https://tesera.ru/game/Pandemic-Legacy-s2/
2026-09-27;mortum-ubeghishe;Мортум. Убежище;в одной серии;0;mortum-srednevekovy-detektiv;;https://tesera.ru/game/mortum-ubeghishe/
2026-09-27;mortum-ubeghishe;Мортум. Убежище;в одной серии;1;legacy-of-eastbrook-hills;;https://tesera.ru/game/mortum-ubeghishe/
2026-09-27;mortum-ubeghishe;Мортум. Убежище;в одной серии;2;quietbell;Квайтбелл;https://tesera.ru/game/mortum-ubeghishe/
2026-09-27;seasons;Сезоны;дополнение;0;seasons-enchanted-kingdom;Сезоны. Заколдованное королевство;https://tesera.ru/game/seasons/
2026-09-27;seasons;Сезоны;дополнение;1;seasons-path-of-destiny;Сезоны. Дорога судьбы;https://tesera.ru/game/seasons/
2026-09-27;seasons;Сезоны;в одном мире;2;lords-of-xidit;;https://tesera.ru/game/seasons/
2026-09-27;seasons;Сезоны;дополнение;3;Seasons-Orb-of-Ragfield;;https://tesera.ru/game/seasons/
2026-09-27;Runebound-Third-Edition-Fall-of-the-Dark-Star-Scenario-Pack;Runebound Третья редакция - Падение Темной звезды (Дополнительный сценарий);исходная игра;0;Runebound-Third-Edition;Runebound: Третья редакция;https://tesera.ru/game/Runebound-Third-Edition-Fall-of-the-Dark-Star-Scenario-Pack/
2026-09-27;Runebound-Third-Edition-Fall-of-the-Dark-Star-Scenario-Pack;Runebound Третья редакция - Падение Темной звезды (Дополнительный сценарий);в одной серии;1;Runebound-Third-Edition-The-Mountains-Rise-Adventure-Pack;Runebound Третья редакция - Ярость гор (Дополнительное приключение);https://tesera.ru/game/Runebound-Third-Edition-Fall-of-the-Dark-Star-Scenario-Pack/
2026-09-27;Runebound-Third-Edition-Fall-of-the-Dark-Star-Scenario-Pack;Runebound Третья редакция - Падение Темной звезды (Дополнительный сценарий);в одной серии;2;Runebound-Third-Edition-Caught-in-a-Web-Scenario-Pack;Runebound Третья редакция - В паутине (Дополнительный сценарий);https://tesera.ru/game/Runebound-Third-Edition-Fall-of-the-Dark-Star-Scenario-Pack/
2026-09-27;Runebound-Third-Edition-Fall-of-the-Dark-Star-Scenario-Pack;Runebound Третья редакция - Падение Темной звезды (Дополнительный сценарий);в одной серии;3;Runebound-Third-Edition-The-Gilded-Blade-Adventure-Pack;Runebound Третья редакция - Позолоченный клинок (Дополнительное приключение);https://tesera.ru/game/Runebound-Third-Edition-Fall-of-the-Dark-Star-Scenario-Pack/
2026-09-27;xia;Ксиа. Тайны дрейфующей системы;дополнение;0;xia-embers-of-a-forsaken-star;Ксиа. Искры покинутой звезды;https://tesera.ru/game/xia/
2026-09-27;xia;Ксиа. Тайны дрейфующей системы;дополнение;1;xia-missions-and-powers;;https://tesera.ru/game/xia/
2026-09-27;xia;Ксиа. Тайны дрейфующей системы;дополнение;2;sellsword;;https://tesera.ru/game/xia/
2026-09-27;the-lord-of-the-rings-the-card-game;The Lord of the Rings LCG;в одном мире;0;middle-earth-quest;;https://tesera.ru/game/the-lord-of-the-rings-the-card-game/
2026-09-27;the-lord-of-the-rings-the-card-game;The Lord of the Rings LCG;в одном мире;1;lord-of-the-rings-the-confrontation;;https://tesera.ru/game/the-lord-of-the-rings-the-card-game/
2026-09-27;the-lord-of-the-rings-the-card-game;The Lord of the Rings LCG;в одном мире;2;Lord-of-the-Rings;;https://tesera.ru/game/the-lord-of-the-rings-the-card-game/
2026-09-27;the-lord-of-the-rings-the-card-game;The Lord of the Rings LCG;дополнение;3;The-Lord-of-the-Rings-The-Hunt-for-Gollum-Adventure-Pack;;https://tesera.ru/game/the-lord-of-the-rings-the-card-game/
2026-09-27;la-granja-deluxe-master-set;Ла-Гранха. Коллекционное издание;оригинал;0;la-granja;Ла-Гранха;https://tesera.ru/game/la-granja-deluxe-master-set/
2026-09-27;la-granja-deluxe-master-set;Ла-Гранха. Коллекционное издание;дополнение;1;2564516;;https://tesera.ru/game/la-granja-deluxe-master-set/
2026-09-27;res-arcana-lux-et-tenebrae;Res Arcana: Свет и Тьма;исходная игра;0;Res-Arcana;Res Arcana;https://tesera.ru/game/res-arcana-lux-et-tenebrae/
2026-09-27;res-arcana-lux-et-tenebrae;Res Arcana: Свет и Тьма;в одной серии;1;res-arcana-perlae-imperii;Res Arcana: Жемчужная Империя;https://tesera.ru/game/res-arcana-lux-et-tenebrae/
2026-09-27;res-arcana-lux-et-tenebrae;Res Arcana: Свет и Тьма;в одной серии;2;res-arcana-duo;;https://tesera.ru/game/res-arcana-lux-et-tenebrae/
2026-09-27;res-arcana-lux-et-tenebrae;Res Arcana: Свет и Тьма;в одной серии;3;res-arcana-alternative-mages-pack;;https://tesera.ru/game/res-arcana-lux-et-tenebrae/
2026-09-27;commands-colors-napoleonics;Commands & Colors: Napoleonics;дополнение;0;commands-colors-napoleonics-expansion-1-the-spanish-army;;https://tesera.ru/game/commands-colors-napoleonics/
2026-09-27;commands-colors-napoleonics;Commands & Colors: Napoleonics;дополнение;1;ccnexp4;;https://tesera.ru/game/commands-colors-napoleonics/
2026-09-27;commands-colors-napoleonics;Commands & Colors: Napoleonics;дополнение;2;commands-colors-napoleonics-expansion-3-the-austrian-army;;https://tesera.ru/game/commands-colors-napoleonics/
2026-09-27;commands-colors-napoleonics;Commands & Colors: Napoleonics;дополнение;3;commands-colors-napoleonics-expansion-4-the-prussian-army;;https://tesera.ru/game/commands-colors-napoleonics/
2026-09-27;bomb-busters;Это бомба;оригинал;0;BombSquad;;https://tesera.ru/game/bomb-busters/
2026-09-27;mansions-of-madness-second-edition-path-of-the-serpent;Особняки безумия. Вторая редакция: Путь змеи;исходная игра;0;Mansions-of-Madness-Second-Edition;Особняки безумия (второе издание);https://tesera.ru/game/mansions-of-madness-second-edition-path-of-the-serpent/
2026-09-27;mansions-of-madness-second-edition-path-of-the-serpent;Особняки безумия. Вторая редакция: Путь змеи;в одной серии;1;osobnyaki-bezumiya-za-porogom;Особняки безумия. За порогом;https://tesera.ru/game/mansions-of-madness-second-edition-path-of-the-serpent/
2026-09-27;mansions-of-madness-second-edition-path-of-the-serpent;Особняки безумия. Вторая редакция: Путь змеи;в одной серии;2;Streets-of-Arkham;Особняки безумия: Улицы Аркхэма;https://tesera.ru/game/mansions-of-madness-second-edition-path-of-the-serpent/
2026-09-27;mansions-of-madness-second-edition-path-of-the-serpent;Особняки безумия. Вторая редакция: Путь змеи;в одной серии;3;Mansions-of-Madness-Sanctum-of-Twilight;Особняки безумия. Вторая редакция: Святилище сумерек;https://tesera.ru/game/mansions-of-madness-second-edition-path-of-the-serpent/
2026-09-27;Keyflower;Keyflower;дополнение;0;Keyflower-The-Farmers;;https://tesera.ru/game/Keyflower/
2026-09-27;Keyflower;Keyflower;дополнение;1;keyflower-emporium-monument;;https://tesera.ru/game/Keyflower/
2026-09-27;Keyflower;Keyflower;дополнение;2;keyflower-key-celeste;;https://tesera.ru/game/Keyflower/
2026-09-27;Keyflower;Keyflower;дополнение;3;keyflower-the-merchants;;https://tesera.ru/game/Keyflower/
2026-09-27;terraforming-mars-colonies;Покорение Марса: Колонии;исходная игра;0;terraforming-mars;Покорение Марса;https://tesera.ru/game/terraforming-mars-colonies/
2026-09-27;terraforming-mars-colonies;Покорение Марса: Колонии;исходная игра;1;terraforming-mars-prelude;Покорение Марса: Пролог;https://tesera.ru/game/terraforming-mars-colonies/
2026-09-27;terraforming-mars-colonies;Покорение Марса: Колонии;в одной серии;2;terraforming-mars-hellas-elysium;Покорение Марса: Эллада и Элизий;https://tesera.ru/game/terraforming-mars-colonies/
2026-09-27;terraforming-mars-colonies;Покорение Марса: Колонии;в одной серии;3;terraforming-mars-venus-next;;https://tesera.ru/game/terraforming-mars-colonies/
2026-09-27;city-of-the-great-machine;Город Великой машины;дополнение;0;city-of-the-great-machine-the-escalation;;https://tesera.ru/game/city-of-the-great-machine/
2026-09-27;city-of-the-great-machine;Город Великой машины;дополнение;1;gorod-velikoy-mashiny-posledovateli;;https://tesera.ru/game/city-of-the-great-machine/
2026-09-27;city-of-the-great-machine;Город Великой машины;дополнение;2;city-of-the-great-machine-the-confrontation;;https://tesera.ru/game/city-of-the-great-machine/
2026-09-27;inis-big-box;Inis: Big Box;оригинал;0;Inis;Иниш;https://tesera.ru/game/inis-big-box/
2026-09-27;inis-big-box;Inis: Big Box;оригинал;1;inis-seasons-of-inis;Иниш. Сезоны;https://tesera.ru/game/inis-big-box/
2026-09-27;inis-big-box;Inis: Big Box;оригинал;2;inis-nemed;;https://tesera.ru/game/inis-big-box/
2026-09-27;colt-express-big-box;Кольт Экспресс. Большое приключение;оригинал;0;Colt-Express;;https://tesera.ru/game/colt-express-big-box/
2026-09-27;colt-express-big-box;Кольт Экспресс. Большое приключение;дополнение;1;Colt-Express-Marshal-Prisoners;;https://tesera.ru/game/colt-express-big-box/
2026-09-27;colt-express-big-box;Кольт Экспресс. Большое приключение;дополнение;2;Colt-Express-Horses-and-Stagecoach;;https://tesera.ru/game/colt-express-big-box/
2026-09-27;colt-express-big-box;Кольт Экспресс. Большое приключение;дополнение;3;colt-express-couriers-armored-train;;https://tesera.ru/game/colt-express-big-box/
2026-09-27;black-rose-wars-rebirth;Войны Чёрной розы: Возрождение;предшественница;0;black-rose-wars;Войны Чёрной Розы;https://tesera.ru/game/black-rose-wars-rebirth/
2026-09-27;black-rose-wars-rebirth;Войны Чёрной розы: Возрождение;дополнение;1;BRWR-Apocalypse;;https://tesera.ru/game/black-rose-wars-rebirth/
2026-09-27;black-rose-wars-rebirth;Войны Чёрной розы: Возрождение;дополнение;2;BRWR-Seal-of-fire;;https://tesera.ru/game/black-rose-wars-rebirth/
2026-09-27;black-rose-wars-rebirth;Войны Чёрной розы: Возрождение;дополнение;3;BRWR-Jukas;;https://tesera.ru/game/black-rose-wars-rebirth/
2026-09-27;obsession;Обольщение;дополнение;0;obsession-wessex-expansion;;https://tesera.ru/game/obsession/
2026-09-27;obsession;Обольщение;дополнение;1;obsession-upstairs-downstairs;;https://tesera.ru/game/obsession/
2026-09-27;obsession;Обольщение;дополнение;2;obsession-characters-expansion;;https://tesera.ru/game/obsession/
2026-09-27;scythe-invaders-from-afar;Серп. Захватчики из далеких земель;исходная игра;0;scythe;Серп;https://tesera.ru/game/scythe-invaders-from-afar/
2026-09-27;scythe-invaders-from-afar;Серп. Захватчики из далеких земель;в одной серии;1;scythe-the-wind-gambit;Серп. Небесный гамбит;https://tesera.ru/game/scythe-invaders-from-afar/
2026-09-27;scythe-invaders-from-afar;Серп. Захватчики из далеких земель;исходная игра;2;serp-komplekt-promokart-1-18-kart;Серп. Комплект промокарт №1 (18 карт);https://tesera.ru/game/scythe-invaders-from-afar/
2026-09-27;scythe-invaders-from-afar;Серп. Захватчики из далеких земель;в одной серии;3;scythe-the-rise-of-fenris;Серп. Восхождение Фенриса;https://tesera.ru/game/scythe-invaders-from-afar/
2026-09-27;Agricola-Moor-revised-edition;Агрикола: Фермеры с болот;в одной серии;0;agricola-expansion-for-5-and-6-players;;https://tesera.ru/game/Agricola-Moor-revised-edition/
2026-09-27;Agricola-Moor-revised-edition;Агрикола: Фермеры с болот;исходная игра;1;Agricola-revised-edition;Агрикола. Новое издание;https://tesera.ru/game/Agricola-Moor-revised-edition/
2026-09-27;Agricola-Moor-revised-edition;Агрикола: Фермеры с болот;оригинал;2;Agricola-Farmers-of-the-Moor;Agricola: Farmers of the Moor Expansion;https://tesera.ru/game/Agricola-Moor-revised-edition/
2026-09-27;arkham-horror-the-card-game-the-forgotten-age;Ужас Аркхэма. Карточная игра: Забытая эпоха;исходная игра;0;arkham-horror-the-card-game;Ужас Аркхэма. Карточная игра;https://tesera.ru/game/arkham-horror-the-card-game-the-forgotten-age/
2026-09-27;arkham-horror-the-card-game-the-forgotten-age;Ужас Аркхэма. Карточная игра: Забытая эпоха;дополнение;1;arkham-horror-the-card-game-the-forgotten-age-threads-of-fate;;https://tesera.ru/game/arkham-horror-the-card-game-the-forgotten-age/
2026-09-27;arkham-horror-the-card-game-the-forgotten-age;Ужас Аркхэма. Карточная игра: Забытая эпоха;дополнение;2;arkham-horror-the-card-game-the-forgotten-age-beyond;;https://tesera.ru/game/arkham-horror-the-card-game-the-forgotten-age/
2026-09-27;arkham-horror-the-card-game-the-forgotten-age;Ужас Аркхэма. Карточная игра: Забытая эпоха;дополнение;3;arkham-horror-the-card-game-return-forgotten-age;;https://tesera.ru/game/arkham-horror-the-card-game-the-forgotten-age/
2026-09-27;carcassonne-big-box-6;Каркассон. Big Box;оригинал;0;carcassonne;Каркассон;https://tesera.ru/game/carcassonne-big-box-6/
2026-09-27;carcassonne-big-box-6;Каркассон. Big Box;оригинал;1;karkasson-korolevskii-podarok;Каркассон. Королевский Подарок;https://tesera.ru/game/carcassonne-big-box-6/
2026-09-27;carcassonne-big-box-6;Каркассон. Big Box;в одном мире;2;carcassonne-expansion-10-under-big-top;;https://tesera.ru/game/carcassonne-big-box-6/
2026-09-27;carcassonne-big-box-6;Каркассон. Big Box;дополнение;3;carcassonne-expansion-3-princess-dragon;;https://tesera.ru/game/carcassonne-big-box-6/
2026-09-27;ticket-to-ride-10th-anniversary-edition;Ticket to Ride: 10th Anniversary edition;в одной серии;0;ticket-to-ride;Ticket to Ride;https://tesera.ru/game/ticket-to-ride-10th-anniversary-edition/
2026-09-27;ticket-to-ride-10th-anniversary-edition;Ticket to Ride: 10th Anniversary edition;оригинал;1;Ticket-to-Ride-Rails-and-Sails;;https://tesera.ru/game/ticket-to-ride-10th-anniversary-edition/
2026-09-27;ticket-to-ride-10th-anniversary-edition;Ticket to Ride: 10th Anniversary edition;исходная игра;2;ticket-to-ride-promo-deluxe-train-set-milk-tankers;Ticket to Ride Promo Deluxe Train Set Milk Tankers;https://tesera.ru/game/ticket-to-ride-10th-anniversary-edition/
2026-09-27;ticket-to-ride-10th-anniversary-edition;Ticket to Ride: 10th Anniversary edition;в одной серии;3;ticket-ride-europe;Билет на поезд: Европа;https://tesera.ru/game/ticket-to-ride-10th-anniversary-edition/
2026-09-27;Unmatched-Robin-Hood-vs-Bigfoot;Unmatched: Робин Гуд vs. Бигфут;в одной серии;0;Unmatched-Battle-of-Legends-Volume-1;Unmatched: Битва легенд. Том I;https://tesera.ru/game/Unmatched-Robin-Hood-vs-Bigfoot/
2026-09-27;Unmatched-Robin-Hood-vs-Bigfoot;Unmatched: Робин Гуд vs. Бигфут;в одной серии;1;UnmatchedCF;Unmatched: Туман над мостовой;https://tesera.ru/game/Unmatched-Robin-Hood-vs-Bigfoot/
2026-09-27;Unmatched-Robin-Hood-vs-Bigfoot;Unmatched: Робин Гуд vs. Бигфут;в одной серии;2;unmatched-bruce-lee;;https://tesera.ru/game/Unmatched-Robin-Hood-vs-Bigfoot/
2026-09-27;Unmatched-Robin-Hood-vs-Bigfoot;Unmatched: Робин Гуд vs. Бигфут;в одном мире;3;unmatched-jurassic-park;Unmatched: Jurassic Park;https://tesera.ru/game/Unmatched-Robin-Hood-vs-Bigfoot/
2026-09-27;wingspan-oceania-expansion;Крылья: Птицы Океании;исходная игра;0;wingspan;Крылья;https://tesera.ru/game/wingspan-oceania-expansion/
2026-09-27;wingspan-oceania-expansion;Крылья: Птицы Океании;исходная игра;1;Wingspan-European-Expansion;Крылья: Птицы Европы;https://tesera.ru/game/wingspan-oceania-expansion/
2026-09-27;wingspan-oceania-expansion;Крылья: Птицы Океании;в одной серии;2;wingspan-asia;;https://tesera.ru/game/wingspan-oceania-expansion/
2026-09-27;wingspan-oceania-expansion;Крылья: Птицы Океании;в одной серии;3;wingspan-nesting-box;;https://tesera.ru/game/wingspan-oceania-expansion/
2026-09-27;Cerebria;Cerebria: The Inside World;в одном мире;0;cerebria-the-card-game;;https://tesera.ru/game/Cerebria/
2026-09-27;Cerebria;Cerebria: The Inside World;дополнение;1;cerebria-the-inside-world-forces-of-balance;;https://tesera.ru/game/Cerebria/
2026-09-27;ankh-morpork;Плоский мир: Анк-Морпорк;в одном мире;0;guards-guards-discworld-boardgame;;https://tesera.ru/game/ankh-morpork/
2026-09-27;ankh-morpork;Плоский мир: Анк-Морпорк;в одном мире;1;thud;;https://tesera.ru/game/ankh-morpork/
2026-09-27;ankh-morpork;Плоский мир: Анк-Морпорк;в одном мире;2;The-Witches-A-Discworld-Game;;https://tesera.ru/game/ankh-morpork/
2026-09-27;ankh-morpork;Плоский мир: Анк-Морпорк;в одном мире;3;clacks;;https://tesera.ru/game/ankh-morpork/
2026-09-27;arkham-horror-the-card-game-Carnevale-of-Horrors;Ужас Аркхэма. Карточная игра: Карнавал ужасов;исходная игра;0;arkham-horror-the-card-game;Ужас Аркхэма. Карточная игра;https://tesera.ru/game/arkham-horror-the-card-game-Carnevale-of-Horrors/
2026-09-27;arkham-horror-the-card-game-Carnevale-of-Horrors;Ужас Аркхэма. Карточная игра: Карнавал ужасов;в одной серии;1;the-arkham-horror-the-card-game-the-blob-that-ate-everything;;https://tesera.ru/game/arkham-horror-the-card-game-Carnevale-of-Horrors/
2026-09-27;iss-vanguard;ISS Vanguard;дополнение;0;iss-vanguard-stretch-goal-box;;https://tesera.ru/game/iss-vanguard/
2026-09-27;iss-vanguard;ISS Vanguard;дополнение;1;iss-vanguard-deadly-frontier;;https://tesera.ru/game/iss-vanguard/
2026-09-27;iss-vanguard;ISS Vanguard;дополнение;2;iss-vanguard-personnel-files;;https://tesera.ru/game/iss-vanguard/
2026-09-27;iss-vanguard;ISS Vanguard;дополнение;3;iss-vanguard-close-encounters;;https://tesera.ru/game/iss-vanguard/
2026-09-27;fallout-new-california;Fallout: Новая Калифорния;исходная игра;0;fallout-boardgame;Fallout. Настольная игра;https://tesera.ru/game/fallout-new-california/
2026-09-27;fallout-new-california;Fallout: Новая Калифорния;в одной серии;1;fallout-atomic-bonds;;https://tesera.ru/game/fallout-new-california/
2026-09-27;fallout-new-california;Fallout: Новая Калифорния;исходная игра;2;nerdooks-mega-mod;Fallout. Vault-Tec (Фан доп);https://tesera.ru/game/fallout-new-california/
2026-09-27;Descent-2ed-Lair-of-Wyrm;Descent: Логово змея;исходная игра;0;Descent-Journeys-in-the-Dark-Second-Edition;Descent: Странствия во тьме (вторая редакция);https://tesera.ru/game/Descent-2ed-Lair-of-Wyrm/
2026-09-27;Descent-2ed-Lair-of-Wyrm;Descent: Логово змея;в одной серии;1;Descent-2ed-The-Trollfens;;https://tesera.ru/game/Descent-2ed-Lair-of-Wyrm/
2026-09-27;Descent-2ed-Lair-of-Wyrm;Descent: Логово змея;в одной серии;2;Descent-2ed-Labyrinth-of-Ruin;Descent: Journeys in the Dark Second Edition — Labyrinth of Ruin;https://tesera.ru/game/Descent-2ed-Lair-of-Wyrm/
2026-09-27;Descent-2ed-Lair-of-Wyrm;Descent: Логово змея;дополнение;3;Descent-2ed-Lieutenant-Pack-Valyndra;;https://tesera.ru/game/Descent-2ed-Lair-of-Wyrm/
2026-09-27;the-white-castle;Белый Замок;в одной серии;0;the-red-cathedral;Красный Собор;https://tesera.ru/game/the-white-castle/
2026-09-27;the-white-castle;Белый Замок;дополнение;1;the-white-castle-matcha;;https://tesera.ru/game/the-white-castle/
2026-09-27;the-white-castle;Белый Замок;дополнение;2;the-white-caste-promo-1;;https://tesera.ru/game/the-white-castle/
2026-09-27;the-white-castle;Белый Замок;дополнение;3;the-white-castle-promo-2;;https://tesera.ru/game/the-white-castle/
2026-09-27;pathfinder-roleplaying-game;Pathfinder: ролевая игра;в одном мире;0;pathfinder-adventure-card-game-rise-runelords-base;;https://tesera.ru/game/pathfinder-roleplaying-game/
2026-09-27;pathfinder-roleplaying-game;Pathfinder: ролевая игра;в одном мире;1;pathfinder-roleplaying-game-beginner-box;Pathfinder: ролевая игра. Стартовый набор;https://tesera.ru/game/pathfinder-roleplaying-game/
2026-09-27;pathfinder-roleplaying-game;Pathfinder: ролевая игра;в одном мире;2;munchkin-pathfinder-deluxe;;https://tesera.ru/game/pathfinder-roleplaying-game/
2026-09-27;pathfinder-roleplaying-game;Pathfinder: ролевая игра;в одной серии;3;starfinder-roleplaying-game;;https://tesera.ru/game/pathfinder-roleplaying-game/
2026-09-27;mice-and-mystics-downwood-tales;О мышах и тайнах. Сказки Нижнелесья;исходная игра;0;mice-and-mystics;О мышах и тайнах;https://tesera.ru/game/mice-and-mystics-downwood-tales/
2026-09-27;mice-and-mystics-downwood-tales;О мышах и тайнах. Сказки Нижнелесья;дополнение;1;mice-and-mystics-the-heart-of-glorm;;https://tesera.ru/game/mice-and-mystics-downwood-tales/
2026-09-27;mice-and-mystics-downwood-tales;О мышах и тайнах. Сказки Нижнелесья;в одном мире;2;tail-feathers;;https://tesera.ru/game/mice-and-mystics-downwood-tales/
2026-09-27;Mansions-of-Madness-Sanctum-of-Twilight;Особняки безумия. Вторая редакция: Святилище сумерек;в одной серии;0;Mansions-of-Madness-Season-of-the-Witch;;https://tesera.ru/game/Mansions-of-Madness-Sanctum-of-Twilight/
2026-09-27;Mansions-of-Madness-Sanctum-of-Twilight;Особняки безумия. Вторая редакция: Святилище сумерек;в одной серии;1;Mansions-of-Madness-The-Silver-Tablet;;https://tesera.ru/game/Mansions-of-Madness-Sanctum-of-Twilight/
2026-09-27;Mansions-of-Madness-Sanctum-of-Twilight;Особняки безумия. Вторая редакция: Святилище сумерек;в одной серии;2;Mansions-of-Madness-Forbidden-Alchemy;Mansions of Madness: Forbidden Alchemy;https://tesera.ru/game/Mansions-of-Madness-Sanctum-of-Twilight/
2026-09-27;Mansions-of-Madness-Sanctum-of-Twilight;Особняки безумия. Вторая редакция: Святилище сумерек;в одной серии;3;Mansions-of-Madness-Til-Death-Do-Us-Part;;https://tesera.ru/game/Mansions-of-Madness-Sanctum-of-Twilight/
2026-09-27;maria;Maria;в одной серии;0;friedrich;;https://tesera.ru/game/maria/
2026-09-27;claustrophobia;Claustrophobia;в одном мире;0;hell-dorado;;https://tesera.ru/game/claustrophobia/
2026-09-27;claustrophobia;Claustrophobia;дополнение;1;Claustrophobia-De-Profundis;;https://tesera.ru/game/claustrophobia/
2026-09-27;claustrophobia;Claustrophobia;дополнение;2;Claustrophobia-Furor-Sanguinis;;https://tesera.ru/game/claustrophobia/
2026-09-27;claustrophobia;Claustrophobia;римейк;3;Claus1643;;https://tesera.ru/game/claustrophobia/
2026-09-27;hannibal-and-hamilcar;Hannibal & Hamilcar;оригинал;0;hannibal-rome-vs-carthage;;https://tesera.ru/game/hannibal-and-hamilcar/
2026-09-27;hannibal-and-hamilcar;Hannibal & Hamilcar;дополнение;1;hannibal-and-hamilcar-price-of-failure;;https://tesera.ru/game/hannibal-and-hamilcar/
2026-09-27;hannibal-and-hamilcar;Hannibal & Hamilcar;дополнение;2;hannibal-and-hamilcar-sun-of-macedon;;https://tesera.ru/game/hannibal-and-hamilcar/
2026-09-27;hannibal-and-hamilcar;Hannibal & Hamilcar;римейк;3;hannibal-classic-edition;;https://tesera.ru/game/hannibal-and-hamilcar/
2026-09-27;pathfinder-roleplaying-game-beginner-box;Pathfinder: ролевая игра. Стартовый набор;в одном мире;0;pathfinder-roleplaying-game;Pathfinder: ролевая игра;https://tesera.ru/game/pathfinder-roleplaying-game-beginner-box/
2026-09-27;pathfinder-roleplaying-game-beginner-box;Pathfinder: ролевая игра. Стартовый набор;в одном мире;1;pathfinder-adventure-card-game-rise-runelords-base;;https://tesera.ru/game/pathfinder-roleplaying-game-beginner-box/
2026-09-27;pathfinder-roleplaying-game-beginner-box;Pathfinder: ролевая игра. Стартовый набор;в одном мире;2;munchkin-pathfinder-deluxe;;https://tesera.ru/game/pathfinder-roleplaying-game-beginner-box/
2026-09-27;pathfinder-roleplaying-game-beginner-box;Pathfinder: ролевая игра. Стартовый набор;в одном мире;3;minchkin-pathfinder-2-guns-and-razzes;;https://tesera.ru/game/pathfinder-roleplaying-game-beginner-box/
2026-09-27;dungeon-lords;Dungeon Lords;в одном мире;0;Dungeon-Petz;Dungeon Petz;https://tesera.ru/game/dungeon-lords/
2026-09-27;dungeon-lords;Dungeon Lords;дополнение;1;dungeon-lords-festival-seasons;;https://tesera.ru/game/dungeon-lords/
2026-09-27;dungeon-lords;Dungeon Lords;дополнение;2;dungeon-lords-new-paladins;;https://tesera.ru/game/dungeon-lords/
2026-09-27;dungeon-lords;Dungeon Lords;продолжение;3;dungeon-lords-happy-anniversary;;https://tesera.ru/game/dungeon-lords/
2026-09-27;azul;Azul;дополнение;0;azul-joker-tiles;;https://tesera.ru/game/azul/
2026-09-27;azul;Azul;в одном мире;1;azul-stained-glass-of-sintra;;https://tesera.ru/game/azul/
2026-09-27;azul;Azul;дополнение;2;azul-special-factories-promo;;https://tesera.ru/game/azul/
2026-09-27;azul;Azul;в одной серии;3;azul-nabor-plitok-2;;https://tesera.ru/game/azul/
2026-09-27;DeathMayDieS2Expansion;Ктулху: Смерть может умереть. Второй сезон;исходная игра;0;DeathMayDie;Ктулху: Смерть может умереть;https://tesera.ru/game/DeathMayDieS2Expansion/
2026-09-27;DeathMayDieS2Expansion;Ктулху: Смерть может умереть. Второй сезон;в одной серии;1;DeathMayDieBlackGoatoftheWoods;;https://tesera.ru/game/DeathMayDieS2Expansion/
2026-09-27;DeathMayDieS2Expansion;Ктулху: Смерть может умереть. Второй сезон;в одной серии;2;DeathMayDieYogSothoth;;https://tesera.ru/game/DeathMayDieS2Expansion/
2026-09-27;DeathMayDieS2Expansion;Ктулху: Смерть может умереть. Второй сезон;в одной серии;3;cthulhu-death-may-die-comic-book-extras;;https://tesera.ru/game/DeathMayDieS2Expansion/
2026-09-27;ageofsteam;Age of Steam Deluxe;оригинал;0;age-of-steam;Age of Steam;https://tesera.ru/game/ageofsteam/
2026-09-27;ageofsteam;Age of Steam Deluxe;в одном мире;1;Steam;Steam. Железнодорожный магнат;https://tesera.ru/game/ageofsteam/
2026-09-27;ageofsteam;Age of Steam Deluxe;в одном мире;2;Railways-of-the-World;Railways of the World;https://tesera.ru/game/ageofsteam/
2026-09-27;ageofsteam;Age of Steam Deluxe;в одной серии;3;aos-deluxe-expansion-volume-1;;https://tesera.ru/game/ageofsteam/
2026-09-27;MageWars;Войны магов;исходная игра;0;mage-wars-core-spell-tome;Mage wars: Core Spell Tome;https://tesera.ru/game/MageWars/
2026-09-27;MageWars;Войны магов;дополнение;1;mage-wars-forcemaster-vs-warlord;Войны магов: Мастер силы против Повелителя битв;https://tesera.ru/game/MageWars/
2026-09-27;MageWars;Войны магов;дополнение;2;Mage-Wars-Conquest-of-Kumanjaro;;https://tesera.ru/game/MageWars/
2026-09-27;MageWars;Войны магов;дополнение;3;mage-wars-druid-vs-necromancer;;https://tesera.ru/game/MageWars/
2026-09-27;arkham-horror-dunwich-horror;Ужас Аркхэма. Ужас Данвича;исходная игра;0;arkham-horror;Ужас Аркхэма;https://tesera.ru/game/arkham-horror-dunwich-horror/
2026-09-27;arkham-horror-dunwich-horror;Ужас Аркхэма. Ужас Данвича;в одной серии;1;arkham-horror-the-king-in-yellow;Ужас Аркхэма: Король в желтом;https://tesera.ru/game/arkham-horror-dunwich-horror/
2026-09-27;arkham-horror-dunwich-horror;Ужас Аркхэма. Ужас Данвича;в одной серии;2;arkham-horror-the-curse-of-the-dark-pharaoh;;https://tesera.ru/game/arkham-horror-dunwich-horror/
2026-09-27;arkham-horror-dunwich-horror;Ужас Аркхэма. Ужас Данвича;в одном мире;3;Elder-Sign;;https://tesera.ru/game/arkham-horror-dunwich-horror/
2026-09-27;voyna-koltsa-vtoroye-izdaniye-promo-stsenary-sudba-erebora;Война Кольца (Второе издание). Промо-сценарий «Судьба Эребора»;исходная игра;0;War-of-the-Ring-Second-Edition;Война Кольца (Второе издание);https://tesera.ru/game/voyna-koltsa-vtoroye-izdaniye-promo-stsenary-sudba-erebora/
2026-09-27;voyna-koltsa-vtoroye-izdaniye-promo-stsenary-sudba-erebora;Война Кольца (Второе издание). Промо-сценарий «Судьба Эребора»;предшественница;1;The-Battle-of-Five-Armies;Битва Пяти Воинств;https://tesera.ru/game/voyna-koltsa-vtoroye-izdaniye-promo-stsenary-sudba-erebora/
2026-09-27;black-rose-wars;Войны Чёрной Розы;в одном мире;0;Nova-aetas-DRTG;;https://tesera.ru/game/black-rose-wars/
2026-09-27;black-rose-wars;Войны Чёрной Розы;дополнение;1;black-rose-wars-crono-expansion;;https://tesera.ru/game/black-rose-wars/
2026-09-27;black-rose-wars;Войны Чёрной Розы;дополнение;2;black-rose-wars-inferno;;https://tesera.ru/game/black-rose-wars/
2026-09-27;black-rose-wars;Войны Чёрной Розы;дополнение;3;black-rose-wars-hidden-thorns;;https://tesera.ru/game/black-rose-wars/
2026-09-27;everdell-newleaf;Эверделл: Лесной Экспресс;исходная игра;0;everdell;Эверделл;https://tesera.ru/game/everdell-newleaf/
2026-09-27;everdell-newleaf;Эверделл: Лесной Экспресс;в одной серии;1;Everdell-Pearlbrook;;https://tesera.ru/game/everdell-newleaf/
2026-09-27;everdell-newleaf;Эверделл: Лесной Экспресс;в одной серии;2;EverdellZolotoDolyni;Эверделл: Золото долины. Делюкс-набор;https://tesera.ru/game/everdell-newleaf/
2026-09-27;everdell-newleaf;Эверделл: Лесной Экспресс;дополнение;3;everdell-spirecrest;Эверделл: Острые хребты;https://tesera.ru/game/everdell-newleaf/
2026-09-27;endeavor-deep-sea;Экспедиция. Морские глубины;в одной серии;0;endeavor-age-of-sail;Экспансия. Век паруса;https://tesera.ru/game/endeavor-deep-sea/
2026-09-27;endeavor-deep-sea;Экспедиция. Морские глубины;предшественница;1;endeavor;;https://tesera.ru/game/endeavor-deep-sea/
2026-09-27;7-Wonders-Cities;7 Wonders: Cities;исходная игра;0;7-wonders;7 чудес;https://tesera.ru/game/7-Wonders-Cities/
2026-09-27;7-Wonders-Cities;7 Wonders: Cities;в одной серии;1;7-Wonders-Leaders-Louis;;https://tesera.ru/game/7-Wonders-Cities/
2026-09-27;7-Wonders-Cities;7 Wonders: Cities;в одной серии;2;7-Wonders-Leaders-Stevie;;https://tesera.ru/game/7-Wonders-Cities/
2026-09-27;7-Wonders-Cities;7 Wonders: Cities;в одной серии;3;7-Wonders-Leaders-Esteban;;https://tesera.ru/game/7-Wonders-Cities/
2026-09-27;race-for-the-galaxy-rebel-vs-imperium;Race for the Galaxy: Rebel vs Imperium;исходная игра;0;race-for-the-galaxy;Борьба за галактику;https://tesera.ru/game/race-for-the-galaxy-rebel-vs-imperium/
2026-09-27;race-for-the-galaxy-rebel-vs-imperium;Race for the Galaxy: Rebel vs Imperium;исходная игра;1;race-for-the-galaxy-the-gathering-storm;Борьба за галактику: Перед бурей;https://tesera.ru/game/race-for-the-galaxy-rebel-vs-imperium/
2026-09-27;race-for-the-galaxy-rebel-vs-imperium;Race for the Galaxy: Rebel vs Imperium;дополнение;2;race-for-the-galaxy-the-brink-of-war;Race for the Galaxy: The Brink of War;https://tesera.ru/game/race-for-the-galaxy-rebel-vs-imperium/
2026-09-27;race-for-the-galaxy-rebel-vs-imperium;Race for the Galaxy: Rebel vs Imperium;дополнение;3;rftg-alien-artifacts;;https://tesera.ru/game/race-for-the-galaxy-rebel-vs-imperium/
2026-09-27;arkham-horror-third-edition-secrets-order;Ужас Аркхэма. Третья редакция: Секреты ордена;исходная игра;0;arkham-horror-third-edition;Ужас Аркхэма. Третья редакция;https://tesera.ru/game/arkham-horror-third-edition-secrets-order/
2026-09-27;arkham-horror-third-edition-secrets-order;Ужас Аркхэма. Третья редакция: Секреты ордена;в одной серии;1;arkham-horror-third-edition-dead-night;Ужас Аркхэма. Третья редакция: Во мраке ночи;https://tesera.ru/game/arkham-horror-third-edition-secrets-order/
2026-09-27;arkham-horror-third-edition-secrets-order;Ужас Аркхэма. Третья редакция: Секреты ордена;в одной серии;2;arkham-horror-third-edition-under-dark-waves;Ужас Аркхэма. Третья редакция: Под тёмными волнами;https://tesera.ru/game/arkham-horror-third-edition-secrets-order/
2026-09-27;NemesisLockdown;Nemesis: Lockdown;в одной серии;0;nemesis;Немезида;https://tesera.ru/game/NemesisLockdown/
2026-09-27;NemesisLockdown;Nemesis: Lockdown;дополнение;1;nemesis-lockdown-stretch-goals;Nemesis: Lockdown – Stretch Goals;https://tesera.ru/game/NemesisLockdown/
2026-09-27;NemesisLockdown;Nemesis: Lockdown;дополнение;2;nemesis-lockdown-new-cats;;https://tesera.ru/game/NemesisLockdown/
2026-09-27;NemesisLockdown;Nemesis: Lockdown;дополнение;3;nemesis-lockdown-new-kings;;https://tesera.ru/game/NemesisLockdown/
2026-09-27;Unmatched-Slings-and-Arrows;Unmatched: Удары Судьбы;в одной серии;0;Unmatched-Battle-of-Legends-Volume-1;Unmatched: Битва легенд. Том I;https://tesera.ru/game/Unmatched-Slings-and-Arrows/
2026-09-27;Unmatched-Slings-and-Arrows;Unmatched: Удары Судьбы;в одной серии;1;UnmatchedCF;Unmatched: Туман над мостовой;https://tesera.ru/game/Unmatched-Slings-and-Arrows/
2026-09-27;Unmatched-Slings-and-Arrows;Unmatched: Удары Судьбы;в одной серии;2;Unmatched-Robin-Hood-vs-Bigfoot;Unmatched: Робин Гуд vs. Бигфут;https://tesera.ru/game/Unmatched-Slings-and-Arrows/
2026-09-27;Unmatched-Slings-and-Arrows;Unmatched: Удары Судьбы;в одной серии;3;unmatched-bruce-lee;;https://tesera.ru/game/Unmatched-Slings-and-Arrows/
2026-09-27;orleans-invasion;Орлеан: Вторжение;исходная игра;0;orleans;Орлеан;https://tesera.ru/game/orleans-invasion/
2026-09-27;orleans-invasion;Орлеан: Вторжение;исходная игра;1;orleans-trade-intrigue;Орлеан: Торговля и интриги;https://tesera.ru/game/orleans-invasion/
2026-09-27;orleans-invasion;Орлеан: Вторжение;дополнение;2;Orleans-Upgrade-Kit;;https://tesera.ru/game/orleans-invasion/
2026-09-27;orleans-invasion;Орлеан: Вторжение;дополнение;3;Orleans-5-Players-Box;;https://tesera.ru/game/orleans-invasion/
2026-09-27;everdell-the-complete-collection;Everdell: The Complete Collection;предшественница;0;everdell;Эверделл;https://tesera.ru/game/everdell-the-complete-collection/
2026-09-27;everdell-the-complete-collection;Everdell: The Complete Collection;в одном мире;1;my-lil-everdell;;https://tesera.ru/game/everdell-the-complete-collection/
2026-09-27;3clank-legacy-acquisitions-incorporated;Кланк! Наследие. Корпорация авантюристов;в одной серии;0;clank;Кланк! Подземное приключение;https://tesera.ru/game/3clank-legacy-acquisitions-incorporated/
2026-09-27;3clank-legacy-acquisitions-incorporated;Кланк! Наследие. Корпорация авантюристов;дополнение;1;clank-legacy-acquisitions-incorporated-upper-management-pack;;https://tesera.ru/game/3clank-legacy-acquisitions-incorporated/
2026-09-27;3clank-legacy-acquisitions-incorporated;Кланк! Наследие. Корпорация авантюристов;дополнение;2;clank-legacy-acquisitions-incorporated-c-team-pack;;https://tesera.ru/game/3clank-legacy-acquisitions-incorporated/
2026-09-27;3clank-legacy-acquisitions-incorporated;Кланк! Наследие. Корпорация авантюристов;продолжение;3;clank-legacy-2-acquisitions-incorporated-darkest-magic;;https://tesera.ru/game/3clank-legacy-acquisitions-incorporated/
2026-09-27;Chaos-in-the-Old-World;Chaos in the Old World;дополнение;0;Chaos-in-the-Old-World-The-Horned-Rat-Expansion;Chaos in the Old World: The Horned Rat;https://tesera.ru/game/Chaos-in-the-Old-World/
2026-09-27;Chaos-in-the-Old-World;Chaos in the Old World;в одном мире;1;warhammer-fantasy-battles;;https://tesera.ru/game/Chaos-in-the-Old-World/
2026-09-27;Chaos-in-the-Old-World;Chaos in the Old World;в одном мире;2;chaos-marauders-ffg;;https://tesera.ru/game/Chaos-in-the-Old-World/
2026-09-27;Chaos-in-the-Old-World;Chaos in the Old World;в одном мире;3;warhammer-invasion-the-card-game;;https://tesera.ru/game/Chaos-in-the-Old-World/
2026-09-27;five-tribes-whims-of-the-sultan;Пять племён. Прихоти султана;исходная игра;0;5tribes;Пять племён;https://tesera.ru/game/five-tribes-whims-of-the-sultan/
2026-09-27;five-tribes-whims-of-the-sultan;Пять племён. Прихоти султана;в одной серии;1;Five-Tribes-The-Artisans-of-Naqala;Пять племён. Ремесленники Накалы;https://tesera.ru/game/five-tribes-whims-of-the-sultan/
2026-09-27;five-tribes-whims-of-the-sultan;Пять племён. Прихоти султана;дополнение;2;Five-Tribes-The-Thieves-of-Naqala;Five Tribes: The Thieves of Naqala;https://tesera.ru/game/five-tribes-whims-of-the-sultan/
2026-09-27;war-chest-nightfall;Сундук войны. Сумерки;дополнение;0;warchest;Сундук войны;https://tesera.ru/game/war-chest-nightfall/
2026-09-27;war-chest-nightfall;Сундук войны. Сумерки;дополнение;1;warchest-siege;Сундук войны. Осада;https://tesera.ru/game/war-chest-nightfall/
2026-09-27;war-chest-nightfall;Сундук войны. Сумерки;дополнение;2;warchest-nobility;Сундук войны. Дворянство;https://tesera.ru/game/war-chest-nightfall/
2026-09-27;war-chest-nightfall;Сундук войны. Сумерки;дополнение;3;sunduk-voyny-turnir;Сундук войны. Турнир;https://tesera.ru/game/war-chest-nightfall/
2026-09-27;Lords-of-Hellas;Владыки Эллады;дополнение;0;lords-of-hellas-the-lost-city;;https://tesera.ru/game/Lords-of-Hellas/
2026-09-27;Lords-of-Hellas;Владыки Эллады;дополнение;1;lords-of-hellas-city-of-steel;;https://tesera.ru/game/Lords-of-Hellas/
2026-09-27;Lords-of-Hellas;Владыки Эллады;дополнение;2;lords-of-hellas-lord-of-the-sun;;https://tesera.ru/game/Lords-of-Hellas/
2026-09-27;Lords-of-Hellas;Владыки Эллады;дополнение;3;lords-of-hellas-lords-of-the-underworld;;https://tesera.ru/game/Lords-of-Hellas/
2026-09-27;viticulture-visit-rhine-valley;Виноделие: Долина Рейна;в одной серии;0;viticulture-complete-collectors-edition;;https://tesera.ru/game/viticulture-visit-rhine-valley/
2026-09-27;viticulture-visit-rhine-valley;Виноделие: Долина Рейна;в одной серии;1;tuscany-expand-the-world-of-viticulture;;https://tesera.ru/game/viticulture-visit-rhine-valley/
2026-09-27;viticulture-visit-rhine-valley;Виноделие: Долина Рейна;в одной серии;2;Viticulture-Essential-Edition;Viticulture Essential edition;https://tesera.ru/game/viticulture-visit-rhine-valley/
2026-09-27;viticulture-visit-rhine-valley;Виноделие: Долина Рейна;в одной серии;3;Viticulture-Moor-Visitors;;https://tesera.ru/game/viticulture-visit-rhine-valley/
2026-09-27;everdell-spirecrest;Эверделл: Острые хребты;исходная игра;0;everdell;Эверделл;https://tesera.ru/game/everdell-spirecrest/
2026-09-27;everdell-spirecrest;Эверделл: Острые хребты;исходная игра;1;everdell-newleaf;Эверделл: Лесной Экспресс;https://tesera.ru/game/everdell-spirecrest/
2026-09-27;everdell-spirecrest;Эверделл: Острые хребты;в одной серии;2;Everdell-Pearlbrook;;https://tesera.ru/game/everdell-spirecrest/
2026-09-27;everdell-spirecrest;Эверделл: Острые хребты;в одной серии;3;everdell-bellfaire;Эверделл: Фестиваль;https://tesera.ru/game/everdell-spirecrest/
2026-09-27;bonfire;Костёр;дополнение;0;Bonfire-Trees-Creatures;;https://tesera.ru/game/bonfire/
2026-09-27;1blood-bowl;Blood Bowl (2016);римейк;0;blood-bowl;;https://tesera.ru/game/1blood-bowl/
2026-09-27;1blood-bowl;Blood Bowl (2016);в одном мире;1;Blood-Bowl-Team-Manager;Blood Bowl: Team Manager - The Card Game;https://tesera.ru/game/1blood-bowl/
2026-09-27;1blood-bowl;Blood Bowl (2016);в одном мире;2;warhammer-fantasy-battles;;https://tesera.ru/game/1blood-bowl/
2026-09-27;1blood-bowl;Blood Bowl (2016);дополнение;3;blood-bowl-the-skavenblight-scramblers;;https://tesera.ru/game/1blood-bowl/
2026-09-27;concordia;Конкордия;дополнение;0;Concordia-Britannia-Germania;;https://tesera.ru/game/concordia/
2026-09-27;concordia;Конкордия;дополнение;1;concordia-salsa;Конкордия. Сальса;https://tesera.ru/game/concordia/
2026-09-27;concordia;Конкордия;дополнение;2;Concordia-8-Forum-Cards;;https://tesera.ru/game/concordia/
2026-09-27;concordia;Конкордия;дополнение;3;concordia-gallia-corsica;;https://tesera.ru/game/concordia/
2026-09-27;Mansions-of-Madness-Forbidden-Alchemy;Mansions of Madness: Forbidden Alchemy;исходная игра;0;Mansions-of-Madness;Mansions of Madness;https://tesera.ru/game/Mansions-of-Madness-Forbidden-Alchemy/
2026-09-27;Mansions-of-Madness-Forbidden-Alchemy;Mansions of Madness: Forbidden Alchemy;в одной серии;1;Mansions-of-Madness-Call-of-the-Wild;Mansions of Madness: Call of the Wild;https://tesera.ru/game/Mansions-of-Madness-Forbidden-Alchemy/
2026-09-27;Mansions-of-Madness-Forbidden-Alchemy;Mansions of Madness: Forbidden Alchemy;предшественница;2;Mansions-of-Madness-The-Laboratory-Expansion;;https://tesera.ru/game/Mansions-of-Madness-Forbidden-Alchemy/
2026-09-27;Mansions-of-Madness-Forbidden-Alchemy;Mansions of Madness: Forbidden Alchemy;в одном мире;3;Mansions-of-Madness-Second-Edition;Особняки безумия (второе издание);https://tesera.ru/game/Mansions-of-Madness-Forbidden-Alchemy/
2026-09-27;wingspan;Крылья;дополнение;0;Wingspan-European-Expansion;Крылья: Птицы Европы;https://tesera.ru/game/wingspan/
2026-09-27;wingspan;Крылья;дополнение;1;wingspan-oceania-expansion;Крылья: Птицы Океании;https://tesera.ru/game/wingspan/
2026-09-27;wingspan;Крылья;дополнение;2;wingspan-asia;;https://tesera.ru/game/wingspan/
2026-09-27;wingspan;Крылья;в одной серии;3;wingspan-nesting-box;;https://tesera.ru/game/wingspan/
2026-09-27;clank-adventuring-party;Кланк! Шайка авантюристов;исходная игра;0;clank;Кланк! Подземное приключение;https://tesera.ru/game/clank-adventuring-party/
2026-09-27;clank-adventuring-party;Кланк! Шайка авантюристов;исходная игра;1;clank-catacombs;Кланк! Катакомбы;https://tesera.ru/game/clank-adventuring-party/
2026-09-27;clank-adventuring-party;Кланк! Шайка авантюристов;дополнение;2;clank-promo-cards;;https://tesera.ru/game/clank-adventuring-party/
2026-09-27;Nemesis-Void-Seeders;Немезида: Кошмары;исходная игра;0;nemesis;Немезида;https://tesera.ru/game/Nemesis-Void-Seeders/
2026-09-27;Nemesis-Void-Seeders;Немезида: Кошмары;в одной серии;1;nemesiscarnomorphs;Немезида: Карноморфы;https://tesera.ru/game/Nemesis-Void-Seeders/
2026-09-27;Nemesis-Void-Seeders;Немезида: Кошмары;в одной серии;2;Nemesis-Spacecats;;https://tesera.ru/game/Nemesis-Void-Seeders/
2026-09-27;Nemesis-Void-Seeders;Немезида: Кошмары;в одной серии;3;nemesis-terrain-expansion;Немезида: Набор ландшафта;https://tesera.ru/game/Nemesis-Void-Seeders/
2026-09-27;the-voyages-of-marco-polo;Путешествия Марко Поло;дополнение;0;The-Voyages-of-Marco-Polo-The-New-Characters;;https://tesera.ru/game/the-voyages-of-marco-polo/
2026-09-27;the-voyages-of-marco-polo;Путешествия Марко Поло;дополнение;1;the-voyages-of-marco-polo-agents-of-venice;;https://tesera.ru/game/the-voyages-of-marco-polo/
2026-09-27;the-voyages-of-marco-polo;Путешествия Марко Поло;дополнение;2;the-voyages-of-marco-polo-the-secret-paths-of-marco-polo;;https://tesera.ru/game/the-voyages-of-marco-polo/
2026-09-27;the-voyages-of-marco-polo;Путешествия Марко Поло;продолжение;3;marco-polo-ii-im-auftrag-des-khan;Марко Поло 2: На службе хана;https://tesera.ru/game/the-voyages-of-marco-polo/
2026-09-27;arkham-horror-third-edition;Ужас Аркхэма. Третья редакция;предшественница;0;arkham-horror;Ужас Аркхэма;https://tesera.ru/game/arkham-horror-third-edition/
2026-09-27;arkham-horror-third-edition;Ужас Аркхэма. Третья редакция;в одной серии;1;Eldritch-Horror;Древний ужас;https://tesera.ru/game/arkham-horror-third-edition/
2026-09-27;arkham-horror-third-edition;Ужас Аркхэма. Третья редакция;в одной серии;2;Elder-Sign;;https://tesera.ru/game/arkham-horror-third-edition/
2026-09-27;arkham-horror-third-edition;Ужас Аркхэма. Третья редакция;в одной серии;3;arkham-horror-the-card-game;Ужас Аркхэма. Карточная игра;https://tesera.ru/game/arkham-horror-third-edition/
2026-09-27;sky-team;Крутое пике;дополнение;0;sky-team-turbulence;;https://tesera.ru/game/sky-team/
2026-09-27;Ghost-Stories-White-Moon;Ghost Stories: White Moon;исходная игра;0;ghost-stories;Ghost Stories;https://tesera.ru/game/Ghost-Stories-White-Moon/
2026-09-27;Ghost-Stories-White-Moon;Ghost Stories: White Moon;дополнение;1;Ghost-Stories-The-Village-People;;https://tesera.ru/game/Ghost-Stories-White-Moon/
2026-09-27;Ghost-Stories-White-Moon;Ghost Stories: White Moon;в одной серии;2;Ghost-Stories-Jean-Claude-Van-Rice;;https://tesera.ru/game/Ghost-Stories-White-Moon/
2026-09-27;Ghost-Stories-White-Moon;Ghost Stories: White Moon;в одной серии;3;ghost-stories-black-secret;;https://tesera.ru/game/Ghost-Stories-White-Moon/
2026-09-27;quietbell;Квайтбелл;в одной серии;0;mortum-srednevekovy-detektiv;;https://tesera.ru/game/quietbell/
2026-09-27;quietbell;Квайтбелл;в одной серии;1;mortum-ubeghishe;Мортум. Убежище;https://tesera.ru/game/quietbell/
2026-09-27;quietbell;Квайтбелл;в одной серии;2;legacy-of-eastbrook-hills;;https://tesera.ru/game/quietbell/
2026-09-27;quietbell;Квайтбелл;в одной серии;3;2596960;;https://tesera.ru/game/quietbell/
2026-09-27;Eclipse-Rise-of-the-Ancients;Eclipse: Rise of the Ancients;исходная игра;0;Eclipse-New-Dawn-for-the-Galaxy;Eclipse: New Dawn for the Galaxy;https://tesera.ru/game/Eclipse-Rise-of-the-Ancients/
2026-09-27;Eclipse-Rise-of-the-Ancients;Eclipse: Rise of the Ancients;исходная игра;1;Eclipse-Pulsar;Eclipse: Pulsar;https://tesera.ru/game/Eclipse-Rise-of-the-Ancients/
2026-09-27;Eclipse-Rise-of-the-Ancients;Eclipse: Rise of the Ancients;дополнение;2;Eclipse-Supernova;;https://tesera.ru/game/Eclipse-Rise-of-the-Ancients/
2026-09-27;Eclipse-Rise-of-the-Ancients;Eclipse: Rise of the Ancients;исходная игра;3;Eclipse-Ship-Pack-One;Eclipse: Ship Pack One;https://tesera.ru/game/Eclipse-Rise-of-the-Ancients/
2026-09-27;Nations;Nations;в одной серии;0;nations-the-dice-game;;https://tesera.ru/game/Nations/
2026-09-27;Nations;Nations;исходная игра;1;nationspromo2014inspiration;Nations promo pack 2014: Inspiration;https://tesera.ru/game/Nations/
2026-09-27;Nations;Nations;дополнение;2;Nations-Dynasties;;https://tesera.ru/game/Nations/
2026-09-27;battlelore-second-edition;Battlelore (Вторая редакция);в одном мире;0;Runebound-Second-Edition;;https://tesera.ru/game/battlelore-second-edition/
2026-09-27;battlelore-second-edition;Battlelore (Вторая редакция);в одном мире;1;DungeonQuest-2010;;https://tesera.ru/game/battlelore-second-edition/
2026-09-27;battlelore-second-edition;Battlelore (Вторая редакция);в одном мире;2;Descent-Journeys-in-the-Dark-Second-Edition;Descent: Странствия во тьме (вторая редакция);https://tesera.ru/game/battlelore-second-edition/
2026-09-27;battlelore-second-edition;Battlelore (Вторая редакция);в одном мире;3;Runewars-Revised-Edition;Runewars (Revised Edition);https://tesera.ru/game/battlelore-second-edition/
2026-09-27;7-wonders-leaders;7 Wonders: Leaders;исходная игра;0;7-wonders;7 чудес;https://tesera.ru/game/7-wonders-leaders/
2026-09-27;7-wonders-leaders;7 Wonders: Leaders;в одной серии;1;7-wonders-manneken-pis;;https://tesera.ru/game/7-wonders-leaders/
2026-09-27;7-wonders-leaders;7 Wonders: Leaders;в одной серии;2;7-Wonders-Leaders-Stevie;;https://tesera.ru/game/7-wonders-leaders/
2026-09-27;7-wonders-leaders;7 Wonders: Leaders;дополнение;3;7-Wonders-Leaders-Louis;;https://tesera.ru/game/7-wonders-leaders/
2026-09-27;Trail-of-Cthulhu;Ктулху;в одной серии;0;Esoterrorists;;https://tesera.ru/game/Trail-of-Cthulhu/
2026-09-27;Trail-of-Cthulhu;Ктулху;в одном мире;1;call-of-cthulhu-rpg;;https://tesera.ru/game/Trail-of-Cthulhu/
2026-09-27;Trail-of-Cthulhu;Ктулху;в одной серии;2;yantarny-gorod;;https://tesera.ru/game/Trail-of-Cthulhu/
2026-09-27;Trail-of-Cthulhu;Ктулху;в одной серии;3;Fear-Itself;;https://tesera.ru/game/Trail-of-Cthulhu/
2026-09-27;uzhas-arkkhema-kartochnaya-igra-naslediye-danvicha-ekspress;Ужас Аркхэма. Карточная игра: Наследие Данвича. Экспресс округа Эссекс;исходная игра;0;arkham-horror-the-card-game;Ужас Аркхэма. Карточная игра;https://tesera.ru/game/uzhas-arkkhema-kartochnaya-igra-naslediye-danvicha-ekspress/
2026-09-27;uzhas-arkkhema-kartochnaya-igra-naslediye-danvicha-ekspress;Ужас Аркхэма. Карточная игра: Наследие Данвича. Экспресс округа Эссекс;исходная игра;1;uzhas-arkkhema-kartochnaya-igra-naslediye-danvicha;Ужас Аркхэма. Карточная игра: Наследие Данвича;https://tesera.ru/game/uzhas-arkkhema-kartochnaya-igra-naslediye-danvicha-ekspress/
2026-09-27;uzhas-arkkhema-kartochnaya-igra-naslediye-danvicha-ekspress;Ужас Аркхэма. Карточная игра: Наследие Данвича. Экспресс округа Эссекс;предшественница;2;uzhas-arkkhema-kartochnaya-igra-miskatoniksky-muzey;Ужас Аркхэма. Карточная игра: Наследие Данвича. Мискатоникский музей;https://tesera.ru/game/uzhas-arkkhema-kartochnaya-igra-naslediye-danvicha-ekspress/
2026-09-27;uzhas-arkkhema-kartochnaya-igra-naslediye-danvicha-ekspress;Ужас Аркхэма. Карточная игра: Наследие Данвича. Экспресс округа Эссекс;продолжение;3;uzhas-arkkhema-kartochnaya-igra-naslediye-danvicha-krov-na;Ужас Аркхэма. Карточная игра: Наследие Данвича. Кровь на алтаре;https://tesera.ru/game/uzhas-arkkhema-kartochnaya-igra-naslediye-danvicha-ekspress/
2026-09-27;Runebound-Third-Edition-Caught-in-a-Web-Scenario-Pack;Runebound Третья редакция - В паутине (Дополнительный сценарий);исходная игра;0;Runebound-Third-Edition;Runebound: Третья редакция;https://tesera.ru/game/Runebound-Third-Edition-Caught-in-a-Web-Scenario-Pack/
2026-09-27;Runebound-Third-Edition-Caught-in-a-Web-Scenario-Pack;Runebound Третья редакция - В паутине (Дополнительный сценарий);в одной серии;1;Runebound-Third-Edition-The-Mountains-Rise-Adventure-Pack;Runebound Третья редакция - Ярость гор (Дополнительное приключение);https://tesera.ru/game/Runebound-Third-Edition-Caught-in-a-Web-Scenario-Pack/
2026-09-27;Runebound-Third-Edition-Caught-in-a-Web-Scenario-Pack;Runebound Третья редакция - В паутине (Дополнительный сценарий);в одной серии;2;Runebound-Third-Edition-Fall-of-the-Dark-Star-Scenario-Pack;Runebound Третья редакция - Падение Темной звезды (Дополнительный сценарий);https://tesera.ru/game/Runebound-Third-Edition-Caught-in-a-Web-Scenario-Pack/
2026-09-27;Runebound-Third-Edition-Caught-in-a-Web-Scenario-Pack;Runebound Третья редакция - В паутине (Дополнительный сценарий);в одной серии;3;Runebound-Third-Edition-The-Gilded-Blade-Adventure-Pack;Runebound Третья редакция - Позолоченный клинок (Дополнительное приключение);https://tesera.ru/game/Runebound-Third-Edition-Caught-in-a-Web-Scenario-Pack/
2026-09-27;bryugge-gorod-na-zvine;Брюгге: Город на Звине;исходная игра;0;Brugge;Брюгге;https://tesera.ru/game/bryugge-gorod-na-zvine/
2026-09-27;yeiletum;Тилетум;в одной серии;0;teotihuacan-city-of-gods;Теотиуакан. Город Богов;https://tesera.ru/game/yeiletum/
2026-09-27;yeiletum;Тилетум;в одной серии;1;tabannusi-builders-of-ur;;https://tesera.ru/game/yeiletum/
2026-09-27;yeiletum;Тилетум;в одной серии;2;tzolkin-the-mayan-calendar;Цолькин: Календарь Майя;https://tesera.ru/game/yeiletum/
2026-09-27;yeiletum;Тилетум;в одной серии;3;tekhenu-obelisk-of-the-sun;Техену. Обелиск Солнца;https://tesera.ru/game/yeiletum/
2026-09-27;teotihuacan-city-of-gods;Теотиуакан. Город Богов;дополнение;0;teotihuacan-city-of-gods-dice-settlers-promo;;https://tesera.ru/game/teotihuacan-city-of-gods/
2026-09-27;teotihuacan-city-of-gods;Теотиуакан. Город Богов;дополнение;1;teotihuacan-late-preclassic-period;Теотиуакан. Поздняя предклассическая эра;https://tesera.ru/game/teotihuacan-city-of-gods/
2026-09-27;teotihuacan-city-of-gods;Теотиуакан. Город Богов;дополнение;2;teotihuacan-city-of-gods-man-vs-meeple-promo;;https://tesera.ru/game/teotihuacan-city-of-gods/
2026-09-27;teotihuacan-city-of-gods;Теотиуакан. Город Богов;дополнение;3;teotihuacan-city-of-gods-pyramid-tile-promo-red-temple;;https://tesera.ru/game/teotihuacan-city-of-gods/
2026-09-27;uzhas-arkkhema-kartochnaya-igra-naslediye-danvicha-poteryannyye;Ужас Аркхэма. Карточная игра: Наследие Данвича. Потерянные во времени и пространстве;исходная игра;0;arkham-horror-the-card-game;Ужас Аркхэма. Карточная игра;https://tesera.ru/game/uzhas-arkkhema-kartochnaya-igra-naslediye-danvicha-poteryannyye/
2026-09-27;uzhas-arkkhema-kartochnaya-igra-naslediye-danvicha-poteryannyye;Ужас Аркхэма. Карточная игра: Наследие Данвича. Потерянные во времени и пространстве;исходная игра;1;uzhas-arkkhema-kartochnaya-igra-naslediye-danvicha;Ужас Аркхэма. Карточная игра: Наследие Данвича;https://tesera.ru/game/uzhas-arkkhema-kartochnaya-igra-naslediye-danvicha-poteryannyye/
2026-09-27;uzhas-arkkhema-kartochnaya-igra-naslediye-danvicha-poteryannyye;Ужас Аркхэма. Карточная игра: Наследие Данвича. Потерянные во времени и пространстве;предшественница;2;uzhas-arkkhema-kartochnaya-igra-miskatoniksky-muzey;Ужас Аркхэма. Карточная игра: Наследие Данвича. Мискатоникский музей;https://tesera.ru/game/uzhas-arkkhema-kartochnaya-igra-naslediye-danvicha-poteryannyye/
2026-09-27;uzhas-arkkhema-kartochnaya-igra-naslediye-danvicha-poteryannyye;Ужас Аркхэма. Карточная игра: Наследие Данвича. Потерянные во времени и пространстве;предшественница;3;uzhas-arkkhema-kartochnaya-igra-naslediye-danvicha-ekspress;Ужас Аркхэма. Карточная игра: Наследие Данвича. Экспресс округа Эссекс;https://tesera.ru/game/uzhas-arkkhema-kartochnaya-igra-naslediye-danvicha-poteryannyye/
2026-09-27;deadreckoning;Легенды морей;дополнение;0;dead-reckoning-deep-legends;;https://tesera.ru/game/deadreckoning/
2026-09-27;deadreckoning;Легенды морей;дополнение;1;dead-reckoning-salt-thunder;;https://tesera.ru/game/deadreckoning/
2026-09-27;deadreckoning;Легенды морей;дополнение;2;dead-reckoning-sea-dogs-expansion;;https://tesera.ru/game/deadreckoning/
2026-09-27;deadreckoning;Легенды морей;дополнение;3;dead-reckoning-letters-of-marque;;https://tesera.ru/game/deadreckoning/
2026-09-27;cofbsh;City of the Big Shoulders;дополнение;0;city-of-the-big-shoulders-burden-of-destiny;;https://tesera.ru/game/cofbsh/
2026-09-27;Root-the-vagabond-pack;Корни. Набор бродяг;исходная игра;0;root;Корни;https://tesera.ru/game/Root-the-vagabond-pack/
2026-09-27;Root-the-vagabond-pack;Корни. Набор бродяг;в одной серии;1;root-the-underworld-expansion;Корни. Подземный мир;https://tesera.ru/game/Root-the-vagabond-pack/
2026-09-27;Root-the-vagabond-pack;Корни. Набор бродяг;в одной серии;2;root-the-riverfolk-expansion;Корни. Речное братство;https://tesera.ru/game/Root-the-vagabond-pack/
2026-09-27;Root-the-vagabond-pack;Корни. Набор бродяг;в одной серии;3;RootTheClockworkExpansion;;https://tesera.ru/game/Root-the-vagabond-pack/
2026-09-27;carcassonne-new-edition;Каркассон. Новое издание;в одной серии;0;carcassonne;Каркассон;https://tesera.ru/game/carcassonne-new-edition/
2026-09-27;carcassonne-new-edition;Каркассон. Новое издание;в одной серии;1;carcassonne-hunters-and-gatherers;;https://tesera.ru/game/carcassonne-new-edition/
2026-09-27;carcassonne-new-edition;Каркассон. Новое издание;в одной серии;2;carcassonne-the-discovery;;https://tesera.ru/game/carcassonne-new-edition/
2026-09-27;carcassonne-new-edition;Каркассон. Новое издание;в одной серии;3;Carcassonne-Sudsee;;https://tesera.ru/game/carcassonne-new-edition/
2026-09-27;star-wars-outer-rim;Звёздные Войны: Внешнее кольцо;в одном мире;0;Star-Wars-Rebellion;Звёздные войны: Восстание;https://tesera.ru/game/star-wars-outer-rim/
2026-09-27;star-wars-outer-rim;Звёздные Войны: Внешнее кольцо;в одном мире;1;X-Wing-Miniatures-Game;Star Wars: X-Wing Miniatures Game;https://tesera.ru/game/star-wars-outer-rim/
2026-09-27;star-wars-outer-rim;Звёздные Войны: Внешнее кольцо;в одном мире;2;X-Wing;;https://tesera.ru/game/star-wars-outer-rim/
2026-09-27;star-wars-outer-rim;Звёздные Войны: Внешнее кольцо;в одном мире;3;star-wars-armada;;https://tesera.ru/game/star-wars-outer-rim/
2026-09-27;splendor-duel;Роскошь. Дуэль;в одной серии;0;Splendor;Роскошь;https://tesera.ru/game/splendor-duel/
2026-09-27;splendor-duel;Роскошь. Дуэль;в одной серии;1;splendor-marvel;;https://tesera.ru/game/splendor-duel/
2026-09-27;splendor-duel;Роскошь. Дуэль;в одной серии;2;splendor-pokmon;;https://tesera.ru/game/splendor-duel/
2026-09-27;doroga-yarosti-vendetta-khrom-i-molnii;Дорога ярости: Вендетта. Хром и молнии;в одной серии;0;doroga-yarosti-vendetta;;https://tesera.ru/game/doroga-yarosti-vendetta-khrom-i-molnii/
2026-09-27;doroga-yarosti-vendetta-khrom-i-molnii;Дорога ярости: Вендетта. Хром и молнии;дополнение;1;thunder-road-vendetta-carnival-of-chaos;;https://tesera.ru/game/doroga-yarosti-vendetta-khrom-i-molnii/
2026-09-27;barrage-leeghwater-project;Плотина: Проект «Легватер»;исходная игра;0;barrage;Плотина;https://tesera.ru/game/barrage-leeghwater-project/
2026-09-27;barrage-leeghwater-project;Плотина: Проект «Легватер»;в одной серии;1;barrage-5-player-expansion;;https://tesera.ru/game/barrage-leeghwater-project/
2026-09-27;barrage-leeghwater-project;Плотина: Проект «Легватер»;в одной серии;2;2583488;;https://tesera.ru/game/barrage-leeghwater-project/
2026-09-27;Lords-of-Waterdeep;Lords of Waterdeep;дополнение;0;Lords-of-Waterdeep-Scoundrels-of-Skullport;Lords of Waterdeep: Scoundrels of Skullport;https://tesera.ru/game/Lords-of-Waterdeep/
2026-09-27;Lords-of-Waterdeep;Lords of Waterdeep;в одном мире;1;dungeons-and-dragons;Dungeons & Dragons;https://tesera.ru/game/Lords-of-Waterdeep/
2026-09-27;Lords-of-Waterdeep;Lords of Waterdeep;дополнение;2;Lords-of-Waterdeep-Rapid-Expansion;;https://tesera.ru/game/Lords-of-Waterdeep/
2026-09-27;Lords-of-Waterdeep;Lords of Waterdeep;дополнение;3;Lords-of-Waterdeep-Inevitable-Betrayal;;https://tesera.ru/game/Lords-of-Waterdeep/
2026-09-27;cloudspire;Cloudspire;дополнение;0;cloudspire-the-uprising;;https://tesera.ru/game/cloudspire/
2026-09-27;cloudspire;Cloudspire;дополнение;1;cloudspire-horizons-wrath;;https://tesera.ru/game/cloudspire/
2026-09-27;cloudspire;Cloudspire;дополнение;2;cloudspire-portal-seekers;;https://tesera.ru/game/cloudspire/
2026-09-27;cloudspire;Cloudspire;дополнение;3;cloudspire-heros-bounty-pack;;https://tesera.ru/game/cloudspire/
2026-09-27;azul-queens-garden;Azul: Сад королевы;в одной серии;0;azul;Azul;https://tesera.ru/game/azul-queens-garden/
2026-09-27;azul-queens-garden;Azul: Сад королевы;в одной серии;1;azul-stained-glass-of-sintra;;https://tesera.ru/game/azul-queens-garden/
2026-09-27;azul-queens-garden;Azul: Сад королевы;в одной серии;2;azul-summer-pavilion;Azul. Летний дворец;https://tesera.ru/game/azul-queens-garden/
2026-09-27;azul-queens-garden;Azul: Сад королевы;дополнение;3;azul4bonuscards;;https://tesera.ru/game/azul-queens-garden/
2026-09-27;hive-carbon;Улей Карбон;в одной серии;0;hive;Улей;https://tesera.ru/game/hive-carbon/
2026-09-27;hive-carbon;Улей Карбон;в одной серии;1;hive-pocket;Улей (дорожная версия);https://tesera.ru/game/hive-carbon/
2026-09-27;hive-carbon;Улей Карбон;дополнение;2;hive-the-pillbug;;https://tesera.ru/game/hive-carbon/
2026-09-27;bestiary-sigillum-kx;Бестиарий Сигиллума: кузница хаоса;исходная игра;0;bestiary-sigillum;Бестиарий Сигиллума;https://tesera.ru/game/bestiary-sigillum-kx/
2026-09-27;bestiary-sigillum-kx;Бестиарий Сигиллума: кузница хаоса;в одном мире;1;reliquium;;https://tesera.ru/game/bestiary-sigillum-kx/
2026-09-27;concordia-salsa;Конкордия. Сальса;исходная игра;0;concordia;Конкордия;https://tesera.ru/game/concordia-salsa/
2026-09-27;concordia-salsa;Конкордия. Сальса;в одной серии;1;Concordia-Britannia-Germania;;https://tesera.ru/game/concordia-salsa/
2026-09-27;concordia-salsa;Конкордия. Сальса;дополнение;2;Concordia-8-Forum-Cards;;https://tesera.ru/game/concordia-salsa/
2026-09-27;concordia-salsa;Конкордия. Сальса;в одной серии;3;concordia-gallia-corsica;;https://tesera.ru/game/concordia-salsa/
2026-09-27;spirit-of-the-wild;Spirits of the Wild;римейк;0;spirits-of-the-wild-awakening;;https://tesera.ru/game/spirit-of-the-wild/
2026-09-27;Space-Empires-4X;Space Empires: 4X;дополнение;0;SpaceEmpiresCloseEncounters;;https://tesera.ru/game/Space-Empires-4X/
2026-09-27;Space-Empires-4X;Space Empires: 4X;дополнение;1;se-rep;;https://tesera.ru/game/Space-Empires-4X/
2026-09-27;Space-Empires-4X;Space Empires: 4X;в одном мире;2;talon;;https://tesera.ru/game/Space-Empires-4X/
2026-09-27;Space-Empires-4X;Space Empires: 4X;дополнение;3;space-empires-all-good-things;;https://tesera.ru/game/Space-Empires-4X/
2026-09-27;Bestiary-of-Sigillum;Бестиарий Сигиллума. Коллекционное издание;в одном мире;0;reliquium;;https://tesera.ru/game/Bestiary-of-Sigillum/
2026-09-27;Bestiary-of-Sigillum;Бестиарий Сигиллума. Коллекционное издание;в одном мире;1;handofmanus;;https://tesera.ru/game/Bestiary-of-Sigillum/
2026-09-27;Bestiary-of-Sigillum;Бестиарий Сигиллума. Коллекционное издание;в одном мире;2;artefactum;;https://tesera.ru/game/Bestiary-of-Sigillum/
2026-09-27;Bestiary-of-Sigillum;Бестиарий Сигиллума. Коллекционное издание;дополнение;3;newlands;;https://tesera.ru/game/Bestiary-of-Sigillum/
2026-09-27;Confrontation;Confrontation;в одном мире;0;hybrid;;https://tesera.ru/game/Confrontation/
2026-09-27;Confrontation;Confrontation;в одном мире;1;cadwallon-city-of-thieves;;https://tesera.ru/game/Confrontation/
2026-09-27;Confrontation;Confrontation;в одном мире;2;arcana;;https://tesera.ru/game/Confrontation/
2026-09-27;Confrontation;Confrontation;в одном мире;3;Guilds-of-Cadwallon;;https://tesera.ru/game/Confrontation/
2026-09-27;rats-of-wistar;Побег из Вистара;дополнение;0;rats-of-wistar-objective-cards-set;;https://tesera.ru/game/rats-of-wistar/
2026-09-27;rats-of-wistar;Побег из Вистара;дополнение;1;rats-of-wistar-guest-mice-set;;https://tesera.ru/game/rats-of-wistar/
2026-09-27;uzhas-arkkhema-kartochnaya-igra-miskatoniksky-muzey;Ужас Аркхэма. Карточная игра: Наследие Данвича. Мискатоникский музей;исходная игра;0;arkham-horror-the-card-game;Ужас Аркхэма. Карточная игра;https://tesera.ru/game/uzhas-arkkhema-kartochnaya-igra-miskatoniksky-muzey/
2026-09-27;uzhas-arkkhema-kartochnaya-igra-miskatoniksky-muzey;Ужас Аркхэма. Карточная игра: Наследие Данвича. Мискатоникский музей;исходная игра;1;uzhas-arkkhema-kartochnaya-igra-naslediye-danvicha;Ужас Аркхэма. Карточная игра: Наследие Данвича;https://tesera.ru/game/uzhas-arkkhema-kartochnaya-igra-miskatoniksky-muzey/
2026-09-27;uzhas-arkkhema-kartochnaya-igra-miskatoniksky-muzey;Ужас Аркхэма. Карточная игра: Наследие Данвича. Мискатоникский музей;продолжение;2;uzhas-arkkhema-kartochnaya-igra-naslediye-danvicha-ekspress;Ужас Аркхэма. Карточная игра: Наследие Данвича. Экспресс округа Эссекс;https://tesera.ru/game/uzhas-arkkhema-kartochnaya-igra-miskatoniksky-muzey/
2026-09-27;uzhas-arkkhema-kartochnaya-igra-miskatoniksky-muzey;Ужас Аркхэма. Карточная игра: Наследие Данвича. Мискатоникский музей;продолжение;3;uzhas-arkkhema-kartochnaya-igra-naslediye-danvicha-krov-na;Ужас Аркхэма. Карточная игра: Наследие Данвича. Кровь на алтаре;https://tesera.ru/game/uzhas-arkkhema-kartochnaya-igra-miskatoniksky-muzey/
2026-09-27;terraforming-mars-big-box;Покорение Марса: Большая коробка;в одной серии;0;terraforming-mars;Покорение Марса;https://tesera.ru/game/terraforming-mars-big-box/
2026-09-27;terraforming-mars-big-box;Покорение Марса: Большая коробка;дополнение;1;terraforming-mars-big-box-promo-pack;;https://tesera.ru/game/terraforming-mars-big-box/
2026-09-27;terraforming-mars-big-box;Покорение Марса: Большая коробка;дополнение;2;terraforming-mars-season-promo-pack;;https://tesera.ru/game/terraforming-mars-big-box/
2026-09-27;arkham-horror;Ужас Аркхэма;дополнение;0;arkham-horror-dunwich-horror;Ужас Аркхэма. Ужас Данвича;https://tesera.ru/game/arkham-horror/
2026-09-27;arkham-horror;Ужас Аркхэма;дополнение;1;kingsport;Ужас Аркхэма. Ужас Кингспорта;https://tesera.ru/game/arkham-horror/
2026-09-27;arkham-horror;Ужас Аркхэма;дополнение;2;arkham-horror-lurker-at-the-threshold;;https://tesera.ru/game/arkham-horror/
2026-09-27;arkham-horror;Ужас Аркхэма;дополнение;3;arkham-horror-curse-of-the-dark-pharaoh-2006;;https://tesera.ru/game/arkham-horror/
2026-09-27;nevski-teuton-and-rus;Nevsky, Teutons and Rus in Collision, 1240-1242;в одной серии;0;inferno-guelphs-and-ghibellines-vie-for-tuscany-1259-1261;;https://tesera.ru/game/nevski-teuton-and-rus/
2026-09-27;nevski-teuton-and-rus;Nevsky, Teutons and Rus in Collision, 1240-1242;в одной серии;1;almoravid;;https://tesera.ru/game/nevski-teuton-and-rus/
2026-09-27;nevski-teuton-and-rus;Nevsky, Teutons and Rus in Collision, 1240-1242;в одной серии;2;Plantagenet;;https://tesera.ru/game/nevski-teuton-and-rus/
2026-09-27;nevski-teuton-and-rus;Nevsky, Teutons and Rus in Collision, 1240-1242;в одной серии;3;Zizka;;https://tesera.ru/game/nevski-teuton-and-rus/
2026-09-27;the-7-continent;The 7th Continent;дополнение;0;the-7th-continent-the-forbidden-sanctuary;;https://tesera.ru/game/the-7-continent/
2026-09-27;the-7-continent;The 7th Continent;дополнение;1;the-7th-continent-swamp-of-madness;;https://tesera.ru/game/the-7-continent/
2026-09-27;the-7-continent;The 7th Continent;дополнение;2;the-7th-continent-the-icy-maze;;https://tesera.ru/game/the-7-continent/
2026-09-27;the-7-continent;The 7th Continent;дополнение;3;the-7th-continent-what-goes-up-must-come-down;;https://tesera.ru/game/the-7-continent/
2026-09-27;here-i-stand;Here I Stand;в одной серии;0;VirginQueen;;https://tesera.ru/game/here-i-stand/
2026-09-27;here-i-stand;Here I Stand;римейк;1;here-i-stand-500th-anniversary-edition;;https://tesera.ru/game/here-i-stand/
2026-09-27;here-i-stand;Here I Stand;продолжение;2;tanto-monta-the-rise-of-ferdinand-and-isabella;;https://tesera.ru/game/here-i-stand/
2026-09-27;Chaos-in-the-Old-World-The-Horned-Rat-Expansion;Chaos in the Old World: The Horned Rat;исходная игра;0;Chaos-in-the-Old-World;Chaos in the Old World;https://tesera.ru/game/Chaos-in-the-Old-World-The-Horned-Rat-Expansion/
2026-09-27;march-of-the-ants-second-edition;Марш муравьёв. Улучшенное издание;оригинал;0;March-of-the-Ants;;https://tesera.ru/game/march-of-the-ants-second-edition/
2026-09-27;march-of-the-ants-second-edition;Марш муравьёв. Улучшенное издание;дополнение;1;MarchoftheAntsTinyTitans;;https://tesera.ru/game/march-of-the-ants-second-edition/
2026-09-27;march-of-the-ants-second-edition;Марш муравьёв. Улучшенное издание;дополнение;2;mota-ee-predators;;https://tesera.ru/game/march-of-the-ants-second-edition/
2026-09-27;sword-sorcery-arcane-portal;Клинок и Колдовство: Запретный Портал;исходная игра;0;Sword-and-Sorcery;Клинок и Колдовство;https://tesera.ru/game/sword-sorcery-arcane-portal/
2026-09-27;sword-sorcery-arcane-portal;Клинок и Колдовство: Запретный Портал;в одной серии;1;Victoria;;https://tesera.ru/game/sword-sorcery-arcane-portal/
2026-09-27;sword-sorcery-arcane-portal;Клинок и Колдовство: Запретный Портал;в одной серии;2;sword-sorcery-hero-pack-ryld;;https://tesera.ru/game/sword-sorcery-arcane-portal/
2026-09-27;sword-sorcery-arcane-portal;Клинок и Колдовство: Запретный Портал;в одной серии;3;onamor;;https://tesera.ru/game/sword-sorcery-arcane-portal/
2026-09-27;welcome-to-collector-edition;Бумажные кварталы. Коллекционное издание;оригинал;0;Welcome-To;Бумажные кварталы;https://tesera.ru/game/welcome-to-collector-edition/
2026-09-27;welcome-to-collector-edition;Бумажные кварталы. Коллекционное издание;в одной серии;1;welcome-to-the-moon;Добро пожаловать на Луну;https://tesera.ru/game/welcome-to-collector-edition/
2026-09-27;gaia-project-the-lost-fleet;Gaia Project: The Lost Fleet;исходная игра;0;gaia-project;Проект «Гайя»;https://tesera.ru/game/gaia-project-the-lost-fleet/
2026-09-27;uzhas-arkkhema-kartochnaya-igra-naslediye-danvicha-neizmerimyye;Ужас Аркхэма. Карточная игра. Наследие Данвича. Неизмеримые и невидимые;исходная игра;0;arkham-horror-the-card-game;Ужас Аркхэма. Карточная игра;https://tesera.ru/game/uzhas-arkkhema-kartochnaya-igra-naslediye-danvicha-neizmerimyye/
2026-09-27;uzhas-arkkhema-kartochnaya-igra-naslediye-danvicha-neizmerimyye;Ужас Аркхэма. Карточная игра. Наследие Данвича. Неизмеримые и невидимые;исходная игра;1;uzhas-arkkhema-kartochnaya-igra-naslediye-danvicha;Ужас Аркхэма. Карточная игра: Наследие Данвича;https://tesera.ru/game/uzhas-arkkhema-kartochnaya-igra-naslediye-danvicha-neizmerimyye/
2026-09-27;uzhas-arkkhema-kartochnaya-igra-naslediye-danvicha-neizmerimyye;Ужас Аркхэма. Карточная игра. Наследие Данвича. Неизмеримые и невидимые;предшественница;2;uzhas-arkkhema-kartochnaya-igra-miskatoniksky-muzey;Ужас Аркхэма. Карточная игра: Наследие Данвича. Мискатоникский музей;https://tesera.ru/game/uzhas-arkkhema-kartochnaya-igra-naslediye-danvicha-neizmerimyye/
2026-09-27;uzhas-arkkhema-kartochnaya-igra-naslediye-danvicha-neizmerimyye;Ужас Аркхэма. Карточная игра. Наследие Данвича. Неизмеримые и невидимые;предшественница;3;uzhas-arkkhema-kartochnaya-igra-naslediye-danvicha-ekspress;Ужас Аркхэма. Карточная игра: Наследие Данвича. Экспресс округа Эссекс;https://tesera.ru/game/uzhas-arkkhema-kartochnaya-igra-naslediye-danvicha-neizmerimyye/
2026-09-27;Arkham-Horror-The-Card-Game-Black-Stars-Rise;Ужас Аркхэма. Карточная игра: Путь в Каркозу. Восход черных звёзд;исходная игра;0;arkham-horror-the-card-game-the-path-to-carcosa;Ужас Аркхэма. Карточная игра: Путь в Каркозу;https://tesera.ru/game/Arkham-Horror-The-Card-Game-Black-Stars-Rise/
2026-09-27;Arkham-Horror-The-Card-Game-Black-Stars-Rise;Ужас Аркхэма. Карточная игра: Путь в Каркозу. Восход черных звёзд;исходная игра;1;arkham-horror-the-card-game;Ужас Аркхэма. Карточная игра;https://tesera.ru/game/Arkham-Horror-The-Card-Game-Black-Stars-Rise/
2026-09-27;Arkham-Horror-The-Card-Game-Black-Stars-Rise;Ужас Аркхэма. Карточная игра: Путь в Каркозу. Восход черных звёзд;предшественница;2;Arkham-Horror-The-Card-Game-Echoes-of-the-Past;;https://tesera.ru/game/Arkham-Horror-The-Card-Game-Black-Stars-Rise/
2026-09-27;Arkham-Horror-The-Card-Game-Black-Stars-Rise;Ужас Аркхэма. Карточная игра: Путь в Каркозу. Восход черных звёзд;предшественница;3;Arkham-Horror-The-Card-Game-The-Unspeakable-Oath;;https://tesera.ru/game/Arkham-Horror-The-Card-Game-Black-Stars-Rise/
2026-09-27;karkasson-korolevskii-podarok;Каркассон. Королевский Подарок;в одной серии;0;carcassonne;Каркассон;https://tesera.ru/game/karkasson-korolevskii-podarok/
2026-09-27;karkasson-korolevskii-podarok;Каркассон. Королевский Подарок;в одной серии;1;Carcassonne-Inns-and-Cathedrals;Каркассон. Таверны и Соборы;https://tesera.ru/game/karkasson-korolevskii-podarok/
2026-09-27;karkasson-korolevskii-podarok;Каркассон. Королевский Подарок;в одной серии;2;Carcassonne-Traders-and-Builders;Каркассон. Купцы и зодчие;https://tesera.ru/game/karkasson-korolevskii-podarok/
2026-09-27;karkasson-korolevskii-podarok;Каркассон. Королевский Подарок;в одной серии;3;carcassonne-expansion-5-abbey-mayor;;https://tesera.ru/game/karkasson-korolevskii-podarok/
2026-09-27;circadians-chaos-order;Циркадианцы: власть хаоса;в одном мире;0;circadians-first-light;;https://tesera.ru/game/circadians-chaos-order/
2026-09-27;circadians-chaos-order;Циркадианцы: власть хаоса;в одной серии;1;circadians-first-light-specialists-expansion;;https://tesera.ru/game/circadians-chaos-order/
2026-09-27;le-havre;Гавр;в одной серии;0;At-the-Gates-of-Loyang;;https://tesera.ru/game/le-havre/
2026-09-27;le-havre;Гавр;в одной серии;1;agricola;Агрикола;https://tesera.ru/game/le-havre/
2026-09-27;le-havre;Гавр;дополнение;2;le-havre-le-grand-hameau;;https://tesera.ru/game/le-havre/
2026-09-27;le-havre;Гавр;дополнение;3;le-havre-expansion-essen-promo-cards;;https://tesera.ru/game/le-havre/
2026-09-27;Arkham-Horror-The-Card-Game-The-Pallid-Mask;Ужас Аркхэма. Карточная игра: Путь в Каркозу. Бледная маска;исходная игра;0;arkham-horror-the-card-game-the-path-to-carcosa;Ужас Аркхэма. Карточная игра: Путь в Каркозу;https://tesera.ru/game/Arkham-Horror-The-Card-Game-The-Pallid-Mask/
2026-09-27;Arkham-Horror-The-Card-Game-The-Pallid-Mask;Ужас Аркхэма. Карточная игра: Путь в Каркозу. Бледная маска;исходная игра;1;arkham-horror-the-card-game;Ужас Аркхэма. Карточная игра;https://tesera.ru/game/Arkham-Horror-The-Card-Game-The-Pallid-Mask/
2026-09-27;Arkham-Horror-The-Card-Game-The-Pallid-Mask;Ужас Аркхэма. Карточная игра: Путь в Каркозу. Бледная маска;предшественница;2;Arkham-Horror-The-Card-Game-Echoes-of-the-Past;;https://tesera.ru/game/Arkham-Horror-The-Card-Game-The-Pallid-Mask/
2026-09-27;Arkham-Horror-The-Card-Game-The-Pallid-Mask;Ужас Аркхэма. Карточная игра: Путь в Каркозу. Бледная маска;предшественница;3;Arkham-Horror-The-Card-Game-The-Unspeakable-Oath;;https://tesera.ru/game/Arkham-Horror-The-Card-Game-The-Pallid-Mask/
2026-09-27;race-for-the-galaxy-the-brink-of-war;Race for the Galaxy: The Brink of War;исходная игра;0;race-for-the-galaxy;Борьба за галактику;https://tesera.ru/game/race-for-the-galaxy-the-brink-of-war/
2026-09-27;race-for-the-galaxy-the-brink-of-war;Race for the Galaxy: The Brink of War;исходная игра;1;race-for-the-galaxy-rebel-vs-imperium;Race for the Galaxy: Rebel vs Imperium;https://tesera.ru/game/race-for-the-galaxy-the-brink-of-war/
2026-09-27;race-for-the-galaxy-the-brink-of-war;Race for the Galaxy: The Brink of War;исходная игра;2;race-for-the-galaxy-the-gathering-storm;Борьба за галактику: Перед бурей;https://tesera.ru/game/race-for-the-galaxy-the-brink-of-war/
2026-09-27;race-for-the-galaxy-the-brink-of-war;Race for the Galaxy: The Brink of War;дополнение;3;rftg-alien-artifacts;;https://tesera.ru/game/race-for-the-galaxy-the-brink-of-war/
2026-09-27;seasons-path-of-destiny;Сезоны. Дорога судьбы;исходная игра;0;seasons;Сезоны;https://tesera.ru/game/seasons-path-of-destiny/
2026-09-27;seasons-path-of-destiny;Сезоны. Дорога судьбы;исходная игра;1;seasons-enchanted-kingdom;Сезоны. Заколдованное королевство;https://tesera.ru/game/seasons-path-of-destiny/
2026-09-27;kemet;Кемет;дополнение;0;Cyclades-Kemet-Creatures-Crossover;;https://tesera.ru/game/kemet/
2026-09-27;kemet;Кемет;дополнение;1;kemet-ta-seti;;https://tesera.ru/game/kemet/
2026-09-27;kemet;Кемет;в одном мире;2;cyclades;Киклады;https://tesera.ru/game/kemet/
2026-09-27;kemet;Кемет;дополнение;3;Kemet-Ta-Seti-Skills-and-black-power-tile;;https://tesera.ru/game/kemet/
2026-09-27;pandemic-brink;Пандемия: На грани;исходная игра;0;pandemic;Пандемия;https://tesera.ru/game/pandemic-brink/
2026-09-27;pandemic-brink;Пандемия: На грани;в одной серии;1;pandemic-lab;Пандемия: В лаборатории;https://tesera.ru/game/pandemic-brink/
2026-09-27;pandemic-brink;Пандемия: На грани;в одной серии;2;Pandemic-State-of-Emergency;;https://tesera.ru/game/pandemic-brink/
2026-09-27;pandemic-brink;Пандемия: На грани;в одной серии;3;pandemic-fall-of-rome;;https://tesera.ru/game/pandemic-brink/
2026-09-27;glen-more-ii-chronicles;Глен-Мор II. Хроники;предшественница;0;glen-more;;https://tesera.ru/game/glen-more-ii-chronicles/
2026-09-27;glen-more-ii-chronicles;Глен-Мор II. Хроники;дополнение;1;glen-more-ii-highland-games;;https://tesera.ru/game/glen-more-ii-chronicles/
2026-09-27;Railways-of-the-World;Railways of the World;дополнение;0;railways-of-the-western-us;;https://tesera.ru/game/Railways-of-the-World/
2026-09-27;Railways-of-the-World;Railways of the World;предшественница;1;Railroad-Tycoon;Railroad Tycoon;https://tesera.ru/game/Railways-of-the-World/
2026-09-27;Railways-of-the-World;Railways of the World;дополнение;2;railways-of-england-and-wales;;https://tesera.ru/game/Railways-of-the-World/
2026-09-27;Railways-of-the-World;Railways of the World;дополнение;3;railways-of-europe;;https://tesera.ru/game/Railways-of-the-World/
2026-09-27;7-Wonders-Armada;7 Wonders: Armada;исходная игра;0;7-wonders;7 чудес;https://tesera.ru/game/7-Wonders-Armada/
2026-09-27;7-Wonders-Armada;7 Wonders: Armada;дополнение;1;armada-siracusa;;https://tesera.ru/game/7-Wonders-Armada/
2026-09-27;7-Wonders-Armada;7 Wonders: Armada;в одной серии;2;7-wonders-babel;;https://tesera.ru/game/7-Wonders-Armada/
2026-09-27;7-Wonders-Armada;7 Wonders: Armada;в одном мире;3;7-wonderspalace;;https://tesera.ru/game/7-Wonders-Armada/
2026-09-27;paxemancipation;Pax Emancipation;в одной серии;0;pax-porfiriana;;https://tesera.ru/game/paxemancipation/
2026-09-27;paxemancipation;Pax Emancipation;в одной серии;1;pax-renaissance;;https://tesera.ru/game/paxemancipation/
2026-09-27;paxemancipation;Pax Emancipation;в одной серии;2;pax-pamir;;https://tesera.ru/game/paxemancipation/
2026-09-27;paxemancipation;Pax Emancipation;в одной серии;3;Pax-Transhumanity;;https://tesera.ru/game/paxemancipation/
2026-09-27;Runebound-Third-Edition-The-Mountains-Rise-Adventure-Pack;Runebound Третья редакция - Ярость гор (Дополнительное приключение);в одной серии;0;Runebound-Third-Edition;Runebound: Третья редакция;https://tesera.ru/game/Runebound-Third-Edition-The-Mountains-Rise-Adventure-Pack/
2026-09-27;Runebound-Third-Edition-The-Mountains-Rise-Adventure-Pack;Runebound Третья редакция - Ярость гор (Дополнительное приключение);в одной серии;1;Runebound-Third-Edition-Caught-in-a-Web-Scenario-Pack;Runebound Третья редакция - В паутине (Дополнительный сценарий);https://tesera.ru/game/Runebound-Third-Edition-The-Mountains-Rise-Adventure-Pack/
2026-09-27;Runebound-Third-Edition-The-Mountains-Rise-Adventure-Pack;Runebound Третья редакция - Ярость гор (Дополнительное приключение);в одной серии;2;Runebound-Third-Edition-The-Gilded-Blade-Adventure-Pack;Runebound Третья редакция - Позолоченный клинок (Дополнительное приключение);https://tesera.ru/game/Runebound-Third-Edition-The-Mountains-Rise-Adventure-Pack/
2026-09-27;Runebound-Third-Edition-The-Mountains-Rise-Adventure-Pack;Runebound Третья редакция - Ярость гор (Дополнительное приключение);в одной серии;3;Runebound-Third-Edition-Fall-of-the-Dark-Star-Scenario-Pack;Runebound Третья редакция - Падение Темной звезды (Дополнительный сценарий);https://tesera.ru/game/Runebound-Third-Edition-The-Mountains-Rise-Adventure-Pack/
2026-09-27;the-ladies-of-troyes;Troyes: The Ladies of Troyes;исходная игра;0;troyes;Troyes;https://tesera.ru/game/the-ladies-of-troyes/
2026-09-27;Tragedy-Looper;Петля трагедии;дополнение;0;Tragedy-Looper-Midnight-Circle;;https://tesera.ru/game/Tragedy-Looper/
2026-09-27;Tragedy-Looper;Петля трагедии;дополнение;1;tragedy-looper-cosmic-evil;;https://tesera.ru/game/Tragedy-Looper/
2026-09-27;Tragedy-Looper;Петля трагедии;дополнение;2;Tragedy-Looper-Rei;;https://tesera.ru/game/Tragedy-Looper/
2026-09-27;Tragedy-Looper;Петля трагедии;римейк;3;tragedy-looper-new-tragedies;;https://tesera.ru/game/Tragedy-Looper/
2026-09-27;paladins-of-the-west-kingdom;Паладины Западного Королевства;в одном мире;0;architects-of-the-west-kingdom;Архитекторы западного королевства;https://tesera.ru/game/paladins-of-the-west-kingdom/
2026-09-27;paladins-of-the-west-kingdom;Паладины Западного Королевства;в одной серии;1;Viscounts;Виконты западного королевства;https://tesera.ru/game/paladins-of-the-west-kingdom/
2026-09-27;paladins-of-the-west-kingdom;Паладины Западного Королевства;в одной серии;2;The-West-Kingdom-Tomesaga;;https://tesera.ru/game/paladins-of-the-west-kingdom/
2026-09-27;paladins-of-the-west-kingdom;Паладины Западного Королевства;дополнение;3;paladins-of-the-west-kingdom-city-of-crowns;;https://tesera.ru/game/paladins-of-the-west-kingdom/
2026-09-27;yinsh;YINSH;в одной серии;0;tzaar;;https://tesera.ru/game/yinsh/
2026-09-27;yinsh;YINSH;в одной серии;1;zertz;;https://tesera.ru/game/yinsh/
2026-09-27;yinsh;YINSH;в одной серии;2;dvonn;;https://tesera.ru/game/yinsh/
2026-09-27;yinsh;YINSH;в одной серии;3;gipf;;https://tesera.ru/game/yinsh/
2026-09-27;seti-space-agencies;SETI: Space Agencies;исходная игра;0;seti-search-extraterrestrial-intelligence;SETI: Search for Extraterrestrial Intelligence;https://tesera.ru/game/seti-space-agencies/
2026-09-27;arkham-horror-the-card-game-where-doom-awaits;Ужас Аркхэма. Карточная игра: Наследие Данвича. Там, где ждёт погибель;исходная игра;0;arkham-horror-the-card-game;Ужас Аркхэма. Карточная игра;https://tesera.ru/game/arkham-horror-the-card-game-where-doom-awaits/
2026-09-27;arkham-horror-the-card-game-where-doom-awaits;Ужас Аркхэма. Карточная игра: Наследие Данвича. Там, где ждёт погибель;исходная игра;1;uzhas-arkkhema-kartochnaya-igra-naslediye-danvicha;Ужас Аркхэма. Карточная игра: Наследие Данвича;https://tesera.ru/game/arkham-horror-the-card-game-where-doom-awaits/
2026-09-27;arkham-horror-the-card-game-where-doom-awaits;Ужас Аркхэма. Карточная игра: Наследие Данвича. Там, где ждёт погибель;предшественница;2;uzhas-arkkhema-kartochnaya-igra-miskatoniksky-muzey;Ужас Аркхэма. Карточная игра: Наследие Данвича. Мискатоникский музей;https://tesera.ru/game/arkham-horror-the-card-game-where-doom-awaits/
2026-09-27;arkham-horror-the-card-game-where-doom-awaits;Ужас Аркхэма. Карточная игра: Наследие Данвича. Там, где ждёт погибель;предшественница;3;uzhas-arkkhema-kartochnaya-igra-naslediye-danvicha-ekspress;Ужас Аркхэма. Карточная игра: Наследие Данвича. Экспресс округа Эссекс;https://tesera.ru/game/arkham-horror-the-card-game-where-doom-awaits/
2026-09-27;pathfinder-bestiary;Pathfinder. Настольная ролевая игра. Бестиарий;исходная игра;0;pathfinder-roleplaying-game;Pathfinder: ролевая игра;https://tesera.ru/game/pathfinder-bestiary/
2026-09-27;pathfinder-bestiary;Pathfinder. Настольная ролевая игра. Бестиарий;в одном мире;1;path-adv-rise-of-the-runelords;Pathfinder. Настольная ролевая игра. Путь приключений. Возвращение рунных властителей;https://tesera.ru/game/pathfinder-bestiary/
2026-09-27;pathfinder-bestiary;Pathfinder. Настольная ролевая игра. Бестиарий;исходная игра;2;pathfinder-roleplaying-game-beginner-box;Pathfinder: ролевая игра. Стартовый набор;https://tesera.ru/game/pathfinder-bestiary/
2026-09-27;bitoku;Битоку;в одном мире;0;Silk;;https://tesera.ru/game/bitoku/
2026-09-27;bitoku;Битоку;дополнение;1;bitoku-resutoran;;https://tesera.ru/game/bitoku/
2026-09-27;bitoku;Битоку;дополнение;2;bitoku-promo-1;;https://tesera.ru/game/bitoku/
2026-09-27;bitoku;Битоку;дополнение;3;bitokupromo5;;https://tesera.ru/game/bitoku/
2026-09-27;ghost-stories;Ghost Stories;дополнение;0;Ghost-Stories-White-Moon;Ghost Stories: White Moon;https://tesera.ru/game/ghost-stories/
2026-09-27;ghost-stories;Ghost Stories;в одной серии;1;ghost-stories-black-secret;;https://tesera.ru/game/ghost-stories/
2026-09-27;ghost-stories;Ghost Stories;дополнение;2;Ghost-Stories-The-Guardhouse;;https://tesera.ru/game/ghost-stories/
2026-09-27;ghost-stories;Ghost Stories;дополнение;3;Ghost-Stories-Chuck-No-Rice;;https://tesera.ru/game/ghost-stories/
2026-09-27;decrypto;Декодер;дополнение;0;Decrypto-Expansion-1-Laserdrive;;https://tesera.ru/game/decrypto/
2026-09-27;decrypto;Декодер;в одной серии;1;2540899;;https://tesera.ru/game/decrypto/
2026-09-27;rivet-wars-eastern-front;Rivet Wars: Eastern Front;дополнение;0;rivet-wars-battle-of-brighton;;https://tesera.ru/game/rivet-wars-eastern-front/
2026-09-27;rivet-wars-eastern-front;Rivet Wars: Eastern Front;дополнение;1;rivet-wars-heavy-metal;;https://tesera.ru/game/rivet-wars-eastern-front/
2026-09-27;rivet-wars-eastern-front;Rivet Wars: Eastern Front;дополнение;2;rivet-wars-second-wave;;https://tesera.ru/game/rivet-wars-eastern-front/
2026-09-27;rivet-wars-eastern-front;Rivet Wars: Eastern Front;дополнение;3;rivet-wars-spearhead;;https://tesera.ru/game/rivet-wars-eastern-front/
2026-09-27;lord-rings-journeys-middle-earth;Властелин колец: Странствия в Средиземье;в одном мире;0;the-lord-of-the-rings-the-card-game;The Lord of the Rings LCG;https://tesera.ru/game/lord-rings-journeys-middle-earth/
2026-09-27;lord-rings-journeys-middle-earth;Властелин колец: Странствия в Средиземье;в одном мире;1;Lord-of-the-Rings-Duel;;https://tesera.ru/game/lord-rings-journeys-middle-earth/
2026-09-27;lord-rings-journeys-middle-earth;Властелин колец: Странствия в Средиземье;в одном мире;2;lord-of-the-rings-trading-card-game;;https://tesera.ru/game/lord-rings-journeys-middle-earth/
2026-09-27;lord-rings-journeys-middle-earth;Властелин колец: Странствия в Средиземье;в одном мире;3;risk-the-lord-of-the-rings;;https://tesera.ru/game/lord-rings-journeys-middle-earth/
2026-09-27;normandy-44;Normandy '44;в одном мире;0;Undaunted-Normandy;Неустрашимые: Нормандия;https://tesera.ru/game/normandy-44/
2026-09-27;arkham-horror-the-card-game-the-circle-undone;Ужас Аркхэма. Карточная игра: Нарушенный круг;исходная игра;0;arkham-horror-the-card-game;Ужас Аркхэма. Карточная игра;https://tesera.ru/game/arkham-horror-the-card-game-the-circle-undone/
2026-09-27;arkham-horror-the-card-game-the-circle-undone;Ужас Аркхэма. Карточная игра: Нарушенный круг;в одной серии;1;arkham-horror-the-card-game-the-circle-undone-the-secret-name;;https://tesera.ru/game/arkham-horror-the-card-game-the-circle-undone/
2026-09-27;arkham-horror-the-card-game-the-circle-undone;Ужас Аркхэма. Карточная игра: Нарушенный круг;в одной серии;2;arkham-horror-the-card-game-the-circle-undone-the-wages-of-sin;;https://tesera.ru/game/arkham-horror-the-card-game-the-circle-undone/
2026-09-27;arkham-horror-the-card-game-the-circle-undone;Ужас Аркхэма. Карточная игра: Нарушенный круг;в одной серии;3;uzhas-arkkhema-kartochnaya-igra-narushenny-krug-radi-vysshego;;https://tesera.ru/game/arkham-horror-the-card-game-the-circle-undone/
2026-09-27;nexusops2011;Nexus Ops (FFG 2011);оригинал;0;nexusops;;https://tesera.ru/game/nexusops2011/
2026-09-27;nexusops2011;Nexus Ops (FFG 2011);в одной серии;1;nexusops2024;;https://tesera.ru/game/nexusops2011/
2026-09-27;1830-Railways-and-Robber-Barons;1830: Railways & Robber Barons;в одном мире;0;18lilliput;;https://tesera.ru/game/1830-Railways-and-Robber-Barons/
2026-09-27;1830-Railways-and-Robber-Barons;1830: Railways & Robber Barons;в одной серии;1;18shikoku;;https://tesera.ru/game/1830-Railways-and-Robber-Barons/
2026-09-27;1830-Railways-and-Robber-Barons;1830: Railways & Robber Barons;в одной серии;2;1882assiniboia;;https://tesera.ru/game/1830-Railways-and-Robber-Barons/
2026-09-27;1830-Railways-and-Robber-Barons;1830: Railways & Robber Barons;в одной серии;3;1861-1867;;https://tesera.ru/game/1830-Railways-and-Robber-Barons/
2026-09-27;Shadows-of-Brimstone-City-of-the-Ancients;Shadows of Brimstone: City of the Ancients;в одной серии;0;Shadows-of-Brimstone-Swamps-of-Death;Shadows of Brimstone: Swamps of Death;https://tesera.ru/game/Shadows-of-Brimstone-City-of-the-Ancients/
2026-09-27;Shadows-of-Brimstone-City-of-the-Ancients;Shadows of Brimstone: City of the Ancients;в одном мире;1;Shadows-of-Brimstone;Shadows of Brimstone;https://tesera.ru/game/Shadows-of-Brimstone-City-of-the-Ancients/
2026-09-27;Shadows-of-Brimstone-City-of-the-Ancients;Shadows of Brimstone: City of the Ancients;дополнение;2;Shadows-of-brimstone-Frontier-Town;;https://tesera.ru/game/Shadows-of-Brimstone-City-of-the-Ancients/
2026-09-27;Shadows-of-Brimstone-City-of-the-Ancients;Shadows of Brimstone: City of the Ancients;исходная игра;3;shadows-of-brimstone-derelict-ship;Shadows of Brimstone: Derelict Ship;https://tesera.ru/game/Shadows-of-Brimstone-City-of-the-Ancients/
2026-09-27;rainbow-six-siege;6: Siege - The Board Game;дополнение;0;6-siege-the-board-game-year-1-re-enforce;;https://tesera.ru/game/rainbow-six-siege/
2026-09-27;rainbow-six-siege;6: Siege - The Board Game;дополнение;1;6-siege-the-board-game-year-2-high-impact;;https://tesera.ru/game/rainbow-six-siege/
2026-09-27;rainbow-six-siege;6: Siege - The Board Game;дополнение;2;6-siege-the-board-game-year-4-dark-horizon;;https://tesera.ru/game/rainbow-six-siege/
2026-09-27;rainbow-six-siege;6: Siege - The Board Game;дополнение;3;6-siege-the-board-game-map-pack-1-concrete-city;;https://tesera.ru/game/rainbow-six-siege/
2026-09-27;mythic-battles-pantheon;Mythic Battles: Pantheon;дополнение;0;mythic-battles-pantheon-hephaistos;;https://tesera.ru/game/mythic-battles-pantheon/
2026-09-27;mythic-battles-pantheon;Mythic Battles: Pantheon;дополнение;1;mythic-battles-pantheon-echidnas-children;;https://tesera.ru/game/mythic-battles-pantheon/
2026-09-27;mythic-battles-pantheon;Mythic Battles: Pantheon;дополнение;2;corinthia-a-conan-mythic-battles-pantheon-crossover;;https://tesera.ru/game/mythic-battles-pantheon/
2026-09-27;mythic-battles-pantheon;Mythic Battles: Pantheon;исходная игра;3;mythic-battles-pantheon-hera-expansion;Mythic Battles: Pantheon – Hera Expansion;https://tesera.ru/game/mythic-battles-pantheon/
2026-09-27;what-lies-ahead;Android: Netrunner - What Lies Ahead;исходная игра;0;Android-Netrunner;Android: Netrunner;https://tesera.ru/game/what-lies-ahead/
2026-09-27;what-lies-ahead;Android: Netrunner - What Lies Ahead;в одной серии;1;trace-amount;Android: Netrunner - Trace Amount;https://tesera.ru/game/what-lies-ahead/
2026-09-27;what-lies-ahead;Android: Netrunner - What Lies Ahead;в одной серии;2;cyber-exodus;;https://tesera.ru/game/what-lies-ahead/
2026-09-27;what-lies-ahead;Android: Netrunner - What Lies Ahead;в одной серии;3;study-in-static;;https://tesera.ru/game/what-lies-ahead/
2026-09-27;dead-of-winter-the-long-night;Мертвый сезон. Долгая ночь;предшественница;0;dead-of-winter-a-crossroads-game;Мертвый сезон. Перекрестки;https://tesera.ru/game/dead-of-winter-the-long-night/
2026-09-27;dead-of-winter-the-long-night;Мертвый сезон. Долгая ночь;дополнение;1;dead-of-winter-warring-colonies;;https://tesera.ru/game/dead-of-winter-the-long-night/
2026-09-27;dead-of-winter-the-long-night;Мертвый сезон. Долгая ночь;в одной серии;2;Flickem-Up;;https://tesera.ru/game/dead-of-winter-the-long-night/
2026-09-27;dead-of-winter-the-long-night;Мертвый сезон. Долгая ночь;в одном мире;3;dead-of-winter-roberta-plum;;https://tesera.ru/game/dead-of-winter-the-long-night/
2026-09-27;distilled;Винокурня;дополнение;0;distilled-promo-pack-1;;https://tesera.ru/game/distilled/
2026-09-27;distilled;Винокурня;дополнение;1;distilled-africa-middle-east-expansion;;https://tesera.ru/game/distilled/
2026-09-27;distilled;Винокурня;дополнение;2;distilled-metal-coins;;https://tesera.ru/game/distilled/
2026-09-27;distilled;Винокурня;дополнение;3;distilled-premium-market-playmat;;https://tesera.ru/game/distilled/
2026-09-27;Warhammer-40k;Warhammer 40000;в одном мире;0;space-hulk-death-angel;;https://tesera.ru/game/Warhammer-40k/
2026-09-27;Warhammer-40k;Warhammer 40000;в одном мире;1;space-crusade;;https://tesera.ru/game/Warhammer-40k/
2026-09-27;Warhammer-40k;Warhammer 40000;в одном мире;2;spacehulk-third-edition;;https://tesera.ru/game/Warhammer-40k/
2026-09-27;Warhammer-40k;Warhammer 40000;в одном мире;3;necromunda;;https://tesera.ru/game/Warhammer-40k/
2026-09-27;beyond-the-sun;Вдали от Солнца;дополнение;0;beyond-the-sun-leaders-of-the-new-dawn;;https://tesera.ru/game/beyond-the-sun/
2026-09-27;Unmatched-Battle-of-Legends-Volume-1;Unmatched: Битва легенд. Том I;в одной серии;0;Unmatched-Robin-Hood-vs-Bigfoot;Unmatched: Робин Гуд vs. Бигфут;https://tesera.ru/game/Unmatched-Battle-of-Legends-Volume-1/
2026-09-27;Unmatched-Battle-of-Legends-Volume-1;Unmatched: Битва легенд. Том I;в одной серии;1;UnmatchedCF;Unmatched: Туман над мостовой;https://tesera.ru/game/Unmatched-Battle-of-Legends-Volume-1/
2026-09-27;Unmatched-Battle-of-Legends-Volume-1;Unmatched: Битва легенд. Том I;дополнение;2;unmatched-bruce-lee;;https://tesera.ru/game/Unmatched-Battle-of-Legends-Volume-1/
2026-09-27;Unmatched-Battle-of-Legends-Volume-1;Unmatched: Битва легенд. Том I;в одной серии;3;unmatched-jurassic-park;Unmatched: Jurassic Park;https://tesera.ru/game/Unmatched-Battle-of-Legends-Volume-1/
2026-09-27;frostpunk-the-board-game;Frostpunk: The Board Game;дополнение;0;frostpunk-the-board-game-miniatures-expansion;;https://tesera.ru/game/frostpunk-the-board-game/
2026-09-27;frostpunk-the-board-game;Frostpunk: The Board Game;дополнение;1;frostpunk-the-board-game-resources-expansion;;https://tesera.ru/game/frostpunk-the-board-game/
2026-09-27;frostpunk-the-board-game;Frostpunk: The Board Game;дополнение;2;frostpunk-the-board-game-frostlander;;https://tesera.ru/game/frostpunk-the-board-game/
2026-09-27;frostpunk-the-board-game;Frostpunk: The Board Game;дополнение;3;frostpunk-the-board-game-dreadnought-expansion;;https://tesera.ru/game/frostpunk-the-board-game/
2026-09-27;aeons-end-war-eternal;Конец вечности. Вечная война;в одном мире;0;aeons-end;Конец вечности;https://tesera.ru/game/aeons-end-war-eternal/
2026-09-27;aeons-end-war-eternal;Конец вечности. Вечная война;в одном мире;1;aeons-end-legacy;Aeon's End: Legacy;https://tesera.ru/game/aeons-end-war-eternal/
2026-09-27;aeons-end-war-eternal;Конец вечности. Вечная война;дополнение;2;aeons-end-the-outer-dark;;https://tesera.ru/game/aeons-end-war-eternal/
2026-09-27;aeons-end-war-eternal;Конец вечности. Вечная война;в одной серии;3;Aeons-End-The-New-Age;Aeon's End: The New Age;https://tesera.ru/game/aeons-end-war-eternal/
2026-09-27;shackleton-base-a-journey-to-the-moon;База Шеклтон. Путешествие на Луну;дополнение;0;shackleton-base-below-within-above;;https://tesera.ru/game/shackleton-base-a-journey-to-the-moon/
2026-09-27;dune;Dune (2019);оригинал;0;Dune;Dune (1979);https://tesera.ru/game/dune/
2026-09-27;dune;Dune (2019);в одном мире;1;dune-express;;https://tesera.ru/game/dune/
2026-09-27;dune;Dune (2019);в одном мире;2;dune-collectible-card-game;;https://tesera.ru/game/dune/
2026-09-27;dune;Dune (2019);в одном мире;3;dune-dice;;https://tesera.ru/game/dune/
2026-09-27;seasons-enchanted-kingdom;Сезоны. Заколдованное королевство;исходная игра;0;seasons;Сезоны;https://tesera.ru/game/seasons-enchanted-kingdom/
2026-09-27;seasons-enchanted-kingdom;Сезоны. Заколдованное королевство;дополнение;1;seasons-path-of-destiny;Сезоны. Дорога судьбы;https://tesera.ru/game/seasons-enchanted-kingdom/
2026-09-27;lorenzo-il-magnifico;Лоренцо Великолепный;дополнение;0;lorenzo-il-magnifico-houses-of-renaissance;;https://tesera.ru/game/lorenzo-il-magnifico/
2026-09-27;lorenzo-il-magnifico;Лоренцо Великолепный;дополнение;1;lorenzo-il-magnifico-new-leaders;;https://tesera.ru/game/lorenzo-il-magnifico/
2026-09-27;lorenzo-il-magnifico;Лоренцо Великолепный;дополнение;2;lorenzo-il-magnifico-new-leaders-2;;https://tesera.ru/game/lorenzo-il-magnifico/
2026-09-27;lorenzo-il-magnifico;Лоренцо Великолепный;дополнение;3;lorenzo-il-magnifico-the-pazzi-conspiracy;;https://tesera.ru/game/lorenzo-il-magnifico/
2026-09-27;Sword-and-Sorcery;Клинок и Колдовство;предшественница;0;Galaxy-Defenders;;https://tesera.ru/game/Sword-and-Sorcery/
2026-09-27;Sword-and-Sorcery;Клинок и Колдовство;в одной серии;1;Sword-and-Sorcery-Vastaryous-Lair;;https://tesera.ru/game/Sword-and-Sorcery/
2026-09-27;Sword-and-Sorcery;Клинок и Колдовство;дополнение;2;onamor;;https://tesera.ru/game/Sword-and-Sorcery/
2026-09-27;Sword-and-Sorcery;Клинок и Колдовство;дополнение;3;Victoria;;https://tesera.ru/game/Sword-and-Sorcery/
2026-09-27;Brugge;Брюгге;дополнение;0;bryugge-gorod-na-zvine;Брюгге: Город на Звине;https://tesera.ru/game/Brugge/
2026-09-27;Brugge;Брюгге;дополнение;1;bruges-the-pets;;https://tesera.ru/game/Brugge/
2026-09-27;Brugge;Брюгге;в одной серии;2;die-burgen-von-burgund;Замки Бургундии;https://tesera.ru/game/Brugge/
2026-09-27;Brugge;Брюгге;римейк;3;hamburg;;https://tesera.ru/game/Brugge/
2026-09-27;puerto-rico-1897-special-edition;Puerto Rico 1897: Special Edition;оригинал;0;puerto-rico-1897;;https://tesera.ru/game/puerto-rico-1897-special-edition/
2026-09-27;Return-to-Dark-Tower;Возвращение в Тёмную башню;в одной серии;0;Return-to-Dark-Tower-Alliances;;https://tesera.ru/game/Return-to-Dark-Tower/
2026-09-27;Return-to-Dark-Tower;Возвращение в Тёмную башню;в одной серии;1;Return-to-Dark-Tower-Dark-Horde;;https://tesera.ru/game/Return-to-Dark-Tower/
2026-09-27;Return-to-Dark-Tower;Возвращение в Тёмную башню;дополнение;2;return-to-dark-tower-covenant;;https://tesera.ru/game/Return-to-Dark-Tower/
2026-09-27;Return-to-Dark-Tower;Возвращение в Тёмную башню;дополнение;3;RtDT-Coffers-1-tokens;;https://tesera.ru/game/Return-to-Dark-Tower/
2026-09-27;trace-amount;Android: Netrunner - Trace Amount;в одной серии;0;what-lies-ahead;Android: Netrunner - What Lies Ahead;https://tesera.ru/game/trace-amount/
2026-09-27;trace-amount;Android: Netrunner - Trace Amount;исходная игра;1;Android-Netrunner;Android: Netrunner;https://tesera.ru/game/trace-amount/
2026-09-27;trace-amount;Android: Netrunner - Trace Amount;в одной серии;2;cyber-exodus;;https://tesera.ru/game/trace-amount/
2026-09-27;trace-amount;Android: Netrunner - Trace Amount;в одной серии;3;study-in-static;;https://tesera.ru/game/trace-amount/
2026-09-27;fate-core-system;Fate Core System;в одной серии;0;fae;;https://tesera.ru/game/fate-core-system/
2026-09-27;fate-core-system;Fate Core System;дополнение;1;fate-system-toolkit;;https://tesera.ru/game/fate-core-system/
2026-09-27;fate-core-system;Fate Core System;в одной серии;2;bookofash;;https://tesera.ru/game/fate-core-system/
2026-09-27;fate-core-system;Fate Core System;дополнение;3;Deponia-RPG;;https://tesera.ru/game/fate-core-system/
2026-09-27;Runebound-Third-Edition;Runebound: Третья редакция;предшественница;0;Runebound-Second-Edition;;https://tesera.ru/game/Runebound-Third-Edition/
2026-09-27;Runebound-Third-Edition;Runebound: Третья редакция;дополнение;1;Runebound-Third-Edition-Caught-in-a-Web-Scenario-Pack;Runebound Третья редакция - В паутине (Дополнительный сценарий);https://tesera.ru/game/Runebound-Third-Edition/
2026-09-27;Runebound-Third-Edition;Runebound: Третья редакция;дополнение;2;Runebound-Third-Edition-The-Gilded-Blade-Adventure-Pack;Runebound Третья редакция - Позолоченный клинок (Дополнительное приключение);https://tesera.ru/game/Runebound-Third-Edition/
2026-09-27;Runebound-Third-Edition;Runebound: Третья редакция;в одном мире;3;Descent-Journeys-in-the-Dark-Second-Edition;Descent: Странствия во тьме (вторая редакция);https://tesera.ru/game/Runebound-Third-Edition/
2026-09-27;a-game-of-thrones-the-card-game-second-edition;A Game of Thrones: The Card Game Second Edition;оригинал;0;a-game-of-thrones-lcg;;https://tesera.ru/game/a-game-of-thrones-the-card-game-second-edition/
2026-09-27;a-game-of-thrones-the-card-game-second-edition;A Game of Thrones: The Card Game Second Edition;дополнение;1;AGoT-LCG-2ed-Wolves-of-the-North;;https://tesera.ru/game/a-game-of-thrones-the-card-game-second-edition/
2026-09-27;a-game-of-thrones-the-card-game-second-edition;A Game of Thrones: The Card Game Second Edition;дополнение;2;a-game-of-thrones-the-card-game-second-edition-taking-the-black;;https://tesera.ru/game/a-game-of-thrones-the-card-game-second-edition/
2026-09-27;a-game-of-thrones-the-card-game-second-edition;A Game of Thrones: The Card Game Second Edition;дополнение;3;a-game-of-thrones-the-card-game-second-edition-the-road-to;;https://tesera.ru/game/a-game-of-thrones-the-card-game-second-edition/
2026-09-27;Runebound-Third-Edition-The-Gilded-Blade-Adventure-Pack;Runebound Третья редакция - Позолоченный клинок (Дополнительное приключение);исходная игра;0;Runebound-Third-Edition;Runebound: Третья редакция;https://tesera.ru/game/Runebound-Third-Edition-The-Gilded-Blade-Adventure-Pack/
2026-09-27;Runebound-Third-Edition-The-Gilded-Blade-Adventure-Pack;Runebound Третья редакция - Позолоченный клинок (Дополнительное приключение);в одной серии;1;Runebound-Third-Edition-The-Mountains-Rise-Adventure-Pack;Runebound Третья редакция - Ярость гор (Дополнительное приключение);https://tesera.ru/game/Runebound-Third-Edition-The-Gilded-Blade-Adventure-Pack/
2026-09-27;Runebound-Third-Edition-The-Gilded-Blade-Adventure-Pack;Runebound Третья редакция - Позолоченный клинок (Дополнительное приключение);в одной серии;2;Runebound-Third-Edition-Fall-of-the-Dark-Star-Scenario-Pack;Runebound Третья редакция - Падение Темной звезды (Дополнительный сценарий);https://tesera.ru/game/Runebound-Third-Edition-The-Gilded-Blade-Adventure-Pack/
2026-09-27;Runebound-Third-Edition-The-Gilded-Blade-Adventure-Pack;Runebound Третья редакция - Позолоченный клинок (Дополнительное приключение);в одной серии;3;Runebound-Third-Edition-Caught-in-a-Web-Scenario-Pack;Runebound Третья редакция - В паутине (Дополнительный сценарий);https://tesera.ru/game/Runebound-Third-Edition-The-Gilded-Blade-Adventure-Pack/
2026-09-27;brass;Brass;оригинал;0;age-of-industry;;https://tesera.ru/game/brass/
2026-09-27;brass;Brass;римейк;1;brass-lancashire;Brass. Ланкашир;https://tesera.ru/game/brass/
2026-09-27;brass;Brass;продолжение;2;brass-birmingham;Brass: Бирмингем;https://tesera.ru/game/brass/
2026-09-27;brass;Brass;в одной серии;3;2513048;;https://tesera.ru/game/brass/
2026-09-27;wondrous-creatures;Загадочные Существа;дополнение;0;wondrous-creatures-upgraded-components;;https://tesera.ru/game/wondrous-creatures/
2026-09-27;wondrous-creatures;Загадочные Существа;дополнение;1;wondrous-creatures-crew-set;;https://tesera.ru/game/wondrous-creatures/
2026-09-27;wondrous-creatures;Загадочные Существа;дополнение;2;wondrous-creatures-gargantuan-beasts;;https://tesera.ru/game/wondrous-creatures/
2026-09-27;wondrous-creatures;Загадочные Существа;дополнение;3;2598505;;https://tesera.ru/game/wondrous-creatures/
2026-09-27;merchants-and-marauders;Merchants & Marauders;дополнение;0;merchants-and-marauders-seas-of-glory;Merchants & Marauders: Seas of Glory;https://tesera.ru/game/merchants-and-marauders/
2026-09-27;merchants-and-marauders;Merchants & Marauders;в одной серии;1;Broadsides;;https://tesera.ru/game/merchants-and-marauders/
2026-09-27;arkham-horror-card-game-To-the-Edge-of-the-Earth;Ужас Аркхэма. Карточная игра: На краю земли. Кампания;исходная игра;0;arkham-horror-the-card-game;Ужас Аркхэма. Карточная игра;https://tesera.ru/game/arkham-horror-card-game-To-the-Edge-of-the-Earth/
2026-09-27;arkham-horror-card-game-To-the-Edge-of-the-Earth;Ужас Аркхэма. Карточная игра: На краю земли. Кампания;дополнение;1;arkham-horror-card-game-edge-of-the-earth-investigator-expansion;;https://tesera.ru/game/arkham-horror-card-game-To-the-Edge-of-the-Earth/
2026-09-27;arkham-horror-card-game-To-the-Edge-of-the-Earth;Ужас Аркхэма. Карточная игра: На краю земли. Кампания;в одной серии;2;uzhas-arkkhema-kartochnaya-igra-naslediye-danvicha;Ужас Аркхэма. Карточная игра: Наследие Данвича;https://tesera.ru/game/arkham-horror-card-game-To-the-Edge-of-the-Earth/
2026-09-27;arkham-horror-card-game-To-the-Edge-of-the-Earth;Ужас Аркхэма. Карточная игра: На краю земли. Кампания;в одной серии;3;arkham-horror-the-card-game-the-path-to-carcosa;Ужас Аркхэма. Карточная игра: Путь в Каркозу;https://tesera.ru/game/arkham-horror-card-game-To-the-Edge-of-the-Earth/
2026-09-27;maracaibo;Маракайбо;дополнение;0;maracaibo-la-armada;;https://tesera.ru/game/maracaibo/
2026-09-27;maracaibo;Маракайбо;дополнение;1;maracaibo-the-uprising;;https://tesera.ru/game/maracaibo/
2026-09-27;maracaibo;Маракайбо;дополнение;2;maracaibopromocard;;https://tesera.ru/game/maracaibo/
2026-09-27;maracaibo;Маракайбо;дополнение;3;maracaibopromocard2;;https://tesera.ru/game/maracaibo/
2026-09-27;Ascension-Tactics;Ascension Tactics;в одном мире;0;ascension;;https://tesera.ru/game/Ascension-Tactics/
2026-09-27;Ascension-Tactics;Ascension Tactics;продолжение;1;ascension-tactics-inferno;;https://tesera.ru/game/Ascension-Tactics/
2026-09-27;Ascension-Tactics;Ascension Tactics;дополнение;2;2537231;;https://tesera.ru/game/Ascension-Tactics/
2026-09-27;Ascension-Tactics;Ascension Tactics;в одном мире;3;Ascension4ed;;https://tesera.ru/game/Ascension-Tactics/
2026-09-27;ankh-gods-of-egypt;Анх. Боги Египта;дополнение;0;ankh-gods-of-egypt-pantheon;;https://tesera.ru/game/ankh-gods-of-egypt/
2026-09-27;ankh-gods-of-egypt;Анх. Боги Египта;дополнение;1;ankh-gods-of-egypt-guardians-set;;https://tesera.ru/game/ankh-gods-of-egypt/
2026-09-27;ankh-gods-of-egypt;Анх. Боги Египта;дополнение;2;ankh-gods-of-egypt-pharaoh;;https://tesera.ru/game/ankh-gods-of-egypt/
2026-09-27;ankh-gods-of-egypt;Анх. Боги Египта;дополнение;3;ankh-gods-of-egypt-tomb-of-wonders;;https://tesera.ru/game/ankh-gods-of-egypt/
2026-09-27;Gears-of-War;Gears of War: The Board Game;дополнение;0;Gears-of-War-Mission-Pack-01;;https://tesera.ru/game/Gears-of-War/
2026-09-27;Gears-of-War;Gears of War: The Board Game;в одном мире;1;gears-of-war-the-card-game;;https://tesera.ru/game/Gears-of-War/
2026-09-27;Marrakesh;Марракеш;в одной серии;0;amsterdam;;https://tesera.ru/game/Marrakesh/
2026-09-27;Marrakesh;Марракеш;в одной серии;1;hamburg;;https://tesera.ru/game/Marrakesh/
2026-09-27;Marrakesh;Марракеш;в одной серии;2;New-York-City;;https://tesera.ru/game/Marrakesh/
2026-09-27;Marrakesh;Марракеш;в одной серии;3;Marrakesh-Deluxe-Edition;;https://tesera.ru/game/Marrakesh/
2026-09-27;champions-of-midgard-valhalla;Чемпионы Мидгарда. Вальхалла;исходная игра;0;Champions-of-Midgard;Чемпионы Мидгарда;https://tesera.ru/game/champions-of-midgard-valhalla/
2026-09-27;champions-of-midgard-valhalla;Чемпионы Мидгарда. Вальхалла;в одной серии;1;champions-of-midgard-the-dark-mountains;;https://tesera.ru/game/champions-of-midgard-valhalla/
2026-09-27;champions-of-midgard-valhalla;Чемпионы Мидгарда. Вальхалла;исходная игра;2;chempiony-midgarda-valkhalla-i-temnyye-gory;Чемпионы Мидгарда. Вальхалла и Темные горы;https://tesera.ru/game/champions-of-midgard-valhalla/
2026-09-27;Wingspan-European-Expansion;Крылья: Птицы Европы;исходная игра;0;wingspan;Крылья;https://tesera.ru/game/Wingspan-European-Expansion/
2026-09-27;Wingspan-European-Expansion;Крылья: Птицы Европы;дополнение;1;wingspan-oceania-expansion;Крылья: Птицы Океании;https://tesera.ru/game/Wingspan-European-Expansion/
2026-09-27;Wingspan-European-Expansion;Крылья: Птицы Европы;в одной серии;2;wingspan-asia;;https://tesera.ru/game/Wingspan-European-Expansion/
2026-09-27;Wingspan-European-Expansion;Крылья: Птицы Европы;в одной серии;3;wingspan-nesting-box;;https://tesera.ru/game/Wingspan-European-Expansion/
2026-09-27;die-legenden-von-andor-journey-to-the-north;Андор: Поход на север;исходная игра;0;die-legenden-von-andor;Андор;https://tesera.ru/game/die-legenden-von-andor-journey-to-the-north/
2026-09-27;die-legenden-von-andor-journey-to-the-north;Андор: Поход на север;дополнение;1;die-legenden-von-andor-the-star-shield;;https://tesera.ru/game/die-legenden-von-andor-journey-to-the-north/
2026-09-27;die-legenden-von-andor-journey-to-the-north;Андор: Поход на север;дополнение;2;Die-Legenden-fon-Andor-New-Heroes;;https://tesera.ru/game/die-legenden-von-andor-journey-to-the-north/
2026-09-27;die-legenden-von-andor-journey-to-the-north;Андор: Поход на север;продолжение;3;die-legenden-von-andor-chada-thorn;;https://tesera.ru/game/die-legenden-von-andor-journey-to-the-north/
2026-09-27;keyforge-mass-mutation;KeyForge: Массовая мутация. Колода Архонта;в одной серии;0;keyforge-call-of-the-archons;;https://tesera.ru/game/keyforge-mass-mutation/
2026-09-27;keyforge-mass-mutation;KeyForge: Массовая мутация. Колода Архонта;в одной серии;1;KeyForge-AoA;;https://tesera.ru/game/keyforge-mass-mutation/
2026-09-27;keyforge-mass-mutation;KeyForge: Массовая мутация. Колода Архонта;в одной серии;2;keyforge-worlds-collide;;https://tesera.ru/game/keyforge-mass-mutation/
2026-09-27;keyforge-mass-mutation;KeyForge: Массовая мутация. Колода Архонта;в одной серии;3;keyforge-dark-tidings;;https://tesera.ru/game/keyforge-mass-mutation/
2026-09-27;roll-for-the-galaxy-ambition;Кубарем по Галактике. Амбиции;исходная игра;0;roll-for-the-galaxy;Кубарем по Галактике;https://tesera.ru/game/roll-for-the-galaxy-ambition/
2026-09-27;roll-for-the-galaxy-ambition;Кубарем по Галактике. Амбиции;дополнение;1;Roll-For-the-Galaxy-Ambitions-world;;https://tesera.ru/game/roll-for-the-galaxy-ambition/
2026-09-27;roll-for-the-galaxy-ambition;Кубарем по Галактике. Амбиции;в одной серии;2;Roll-ftG-Rivalry;;https://tesera.ru/game/roll-for-the-galaxy-ambition/
2026-09-27;Lewis-and-Clark-The-Expedition;Льюис и Кларк: Экспедиция;в одной серии;0;Discoveries;;https://tesera.ru/game/Lewis-and-Clark-The-Expedition/
2026-09-27;hansa-teutonica;Hansa Teutonica;дополнение;0;hansa-teutonica-east-expansion;;https://tesera.ru/game/hansa-teutonica/
2026-09-27;hansa-teutonica;Hansa Teutonica;в одном мире;1;Hansa;;https://tesera.ru/game/hansa-teutonica/
2026-09-27;hansa-teutonica;Hansa Teutonica;дополнение;2;Hansa-Teutonica-Britannia;;https://tesera.ru/game/hansa-teutonica/
2026-09-27;hansa-teutonica;Hansa Teutonica;римейк;3;hansa-teutonica-big-box;Ганзейский союз: Полное издание;https://tesera.ru/game/hansa-teutonica/
2026-09-27;Ora-et-Labora;Ora et Labora;дополнение;0;ora-et-labora-loamy-landscape-promo;;https://tesera.ru/game/Ora-et-Labora/
2026-09-27;The-Isle-of-Cats;Остров кошек;дополнение;0;The-Isle-of-Cats-Late-Arrivals;;https://tesera.ru/game/The-Isle-of-Cats/
2026-09-27;The-Isle-of-Cats;Остров кошек;дополнение;1;The-Isle-of-Cats-KP;;https://tesera.ru/game/The-Isle-of-Cats/
2026-09-27;The-Isle-of-Cats;Остров кошек;дополнение;2;The-Isle-of-Cats-Kittens-Beasts;;https://tesera.ru/game/The-Isle-of-Cats/
2026-09-27;The-Isle-of-Cats;Остров кошек;дополнение;3;The-Isle-of-Cats-KP2;;https://tesera.ru/game/The-Isle-of-Cats/
2026-09-27;Dungeon-Petz;Dungeon Petz;в одном мире;0;dungeon-lords;Dungeon Lords;https://tesera.ru/game/Dungeon-Petz/
2026-09-27;Dungeon-Petz;Dungeon Petz;дополнение;1;dungeon-petz-bonus-pets;;https://tesera.ru/game/Dungeon-Petz/
2026-09-27;Dungeon-Petz;Dungeon Petz;дополнение;2;Dungeon-Petz-Dark-Alleys;;https://tesera.ru/game/Dungeon-Petz/
2026-09-27;Dungeon-Petz;Dungeon Petz;дополнение;3;dungeon-petz-bob-the-blob;;https://tesera.ru/game/Dungeon-Petz/
2026-09-27;star-wars-legion;Звездные войны: Легион;в одном мире;0;X-Wing-Miniatures-Game;Star Wars: X-Wing Miniatures Game;https://tesera.ru/game/star-wars-legion/
2026-09-27;star-wars-legion;Звездные войны: Легион;в одном мире;1;star-wars-armada;;https://tesera.ru/game/star-wars-legion/
2026-09-27;star-wars-legion;Звездные войны: Легион;в одном мире;2;Star-Wars-Imperial-Assault;Star Wars: Imperial Assault Core Set;https://tesera.ru/game/star-wars-legion/
2026-09-27;star-wars-legion;Звездные войны: Легион;в одном мире;3;swdestiny;;https://tesera.ru/game/star-wars-legion/
2026-09-27;Pandemic-Iberia;Pandemic Iberia;в одной серии;0;pandemic;Пандемия;https://tesera.ru/game/Pandemic-Iberia/
2026-09-27;Pandemic-Iberia;Pandemic Iberia;в одной серии;1;pandemic-reign-of-cthulhu;;https://tesera.ru/game/Pandemic-Iberia/
2026-09-27;Pandemic-Iberia;Pandemic Iberia;в одной серии;2;pandemic-rising-tide;;https://tesera.ru/game/Pandemic-Iberia/
2026-09-27;Pandemic-Iberia;Pandemic Iberia;в одной серии;3;Pandemic-Legacy;Пандемия: Наследие — Первый сезон;https://tesera.ru/game/Pandemic-Iberia/
2026-09-27;hive-pocket;Улей (дорожная версия);в одной серии;0;hive;Улей;https://tesera.ru/game/hive-pocket/
2026-09-27;hive-pocket;Улей (дорожная версия);в одной серии;1;hive-carbon;Улей Карбон;https://tesera.ru/game/hive-pocket/
2026-09-27;hive-pocket;Улей (дорожная версия);дополнение;2;hive-the-pillbug;;https://tesera.ru/game/hive-pocket/
2026-09-27;clank-catacombs;Кланк! Катакомбы;в одной серии;0;clank;Кланк! Подземное приключение;https://tesera.ru/game/clank-catacombs/
2026-09-27;clank-catacombs;Кланк! Катакомбы;дополнение;1;clank-catacombs-lairs-and-lost-chambers;;https://tesera.ru/game/clank-catacombs/
2026-09-27;clank-catacombs;Кланк! Катакомбы;дополнение;2;clank-catacombs-underworld;;https://tesera.ru/game/clank-catacombs/
2026-09-27;clank-catacombs;Кланк! Катакомбы;дополнение;3;clank-adventuring-party;Кланк! Шайка авантюристов;https://tesera.ru/game/clank-catacombs/
2026-09-27;nemesis-lockdown-stretch-goals;Nemesis: Lockdown – Stretch Goals;исходная игра;0;NemesisLockdown;Nemesis: Lockdown;https://tesera.ru/game/nemesis-lockdown-stretch-goals/
2026-09-27;nemesis-lockdown-stretch-goals;Nemesis: Lockdown – Stretch Goals;в одной серии;1;nemesis;Немезида;https://tesera.ru/game/nemesis-lockdown-stretch-goals/
2026-09-27;nemesis-lockdown-stretch-goals;Nemesis: Lockdown – Stretch Goals;в одной серии;2;Nemesis-Void-Seeders;Немезида: Кошмары;https://tesera.ru/game/nemesis-lockdown-stretch-goals/
2026-09-27;nemesis-lockdown-stretch-goals;Nemesis: Lockdown – Stretch Goals;дополнение;3;nemesis-medic-character-expansion;;https://tesera.ru/game/nemesis-lockdown-stretch-goals/
2026-09-27;Dominion-Intrigue;Доминион: Интрига;предшественница;0;dominion;Доминион;https://tesera.ru/game/Dominion-Intrigue/
2026-09-27;Dominion-Intrigue;Доминион: Интрига;в одной серии;1;dominion-prosperity;Dominion: Prosperity;https://tesera.ru/game/Dominion-Intrigue/
2026-09-27;Dominion-Intrigue;Доминион: Интрига;в одной серии;2;Dominion-Seaside;Dominion: Seaside;https://tesera.ru/game/Dominion-Intrigue/
2026-09-27;Dominion-Intrigue;Доминион: Интрига;в одной серии;3;dominion-alchemy;;https://tesera.ru/game/Dominion-Intrigue/
2026-09-27;rococo;Rococo Deluxe;в одной серии;0;rokoko;Рококо;https://tesera.ru/game/rococo/
2026-09-27;rococo;Rococo Deluxe;в одной серии;1;Rococo-Jewelry-Box;;https://tesera.ru/game/rococo/
2026-09-27;rococo;Rococo Deluxe;дополнение;2;rococodeluxeexperttailoring;;https://tesera.ru/game/rococo/
2026-09-27;john-company;John Company;римейк;0;john-company-second-edition;Джон Компани. Второе издание;https://tesera.ru/game/john-company/
2026-09-27;john-company;John Company;в одной серии;1;an-infamous-traffic;;https://tesera.ru/game/john-company/
2026-09-27;terraforming-mars-turmoil;Покорение Марса: Кризис;в одной серии;0;terraforming-mars-hellas-elysium;Покорение Марса: Эллада и Элизий;https://tesera.ru/game/terraforming-mars-turmoil/
2026-09-27;terraforming-mars-turmoil;Покорение Марса: Кризис;исходная игра;1;terraforming-mars;Покорение Марса;https://tesera.ru/game/terraforming-mars-turmoil/
2026-09-27;terraforming-mars-turmoil;Покорение Марса: Кризис;в одной серии;2;terraforming-mars-venus-next;;https://tesera.ru/game/terraforming-mars-turmoil/
2026-09-27;terraforming-mars-turmoil;Покорение Марса: Кризис;в одной серии;3;terraforming-mars-prelude;Покорение Марса: Пролог;https://tesera.ru/game/terraforming-mars-turmoil/
2026-09-27;scythe-encounters;Серп. Приключения;исходная игра;0;scythe;Серп;https://tesera.ru/game/scythe-encounters/
2026-09-27;Dominion-Seaside;Dominion: Seaside;исходная игра;0;dominion;Доминион;https://tesera.ru/game/Dominion-Seaside/
2026-09-27;Dominion-Seaside;Dominion: Seaside;в одной серии;1;dominion-prosperity;Dominion: Prosperity;https://tesera.ru/game/Dominion-Seaside/
2026-09-27;Dominion-Seaside;Dominion: Seaside;в одной серии;2;Dominion-Intrigue;Доминион: Интрига;https://tesera.ru/game/Dominion-Seaside/
2026-09-27;Dominion-Seaside;Dominion: Seaside;в одной серии;3;dominion-alchemy;;https://tesera.ru/game/Dominion-Seaside/
2026-09-27;Eclipse-Shadow-of-the-Rift;Eclipse: Shadow of the Rift;исходная игра;0;Eclipse-New-Dawn-for-the-Galaxy;Eclipse: New Dawn for the Galaxy;https://tesera.ru/game/Eclipse-Shadow-of-the-Rift/
2026-09-27;uzhas-arkkhema-kartochnaya-igra-put-v-karkozu-prizrak-istiny;Ужас Аркхэма. Карточная игра: Путь в Каркозу. Призрак Истины;исходная игра;0;arkham-horror-the-card-game-the-path-to-carcosa;Ужас Аркхэма. Карточная игра: Путь в Каркозу;https://tesera.ru/game/uzhas-arkkhema-kartochnaya-igra-put-v-karkozu-prizrak-istiny/
2026-09-27;uzhas-arkkhema-kartochnaya-igra-put-v-karkozu-prizrak-istiny;Ужас Аркхэма. Карточная игра: Путь в Каркозу. Призрак Истины;исходная игра;1;arkham-horror-the-card-game;Ужас Аркхэма. Карточная игра;https://tesera.ru/game/uzhas-arkkhema-kartochnaya-igra-put-v-karkozu-prizrak-istiny/
2026-09-27;uzhas-arkkhema-kartochnaya-igra-put-v-karkozu-prizrak-istiny;Ужас Аркхэма. Карточная игра: Путь в Каркозу. Призрак Истины;предшественница;2;Arkham-Horror-The-Card-Game-Echoes-of-the-Past;;https://tesera.ru/game/uzhas-arkkhema-kartochnaya-igra-put-v-karkozu-prizrak-istiny/
2026-09-27;uzhas-arkkhema-kartochnaya-igra-put-v-karkozu-prizrak-istiny;Ужас Аркхэма. Карточная игра: Путь в Каркозу. Призрак Истины;предшественница;3;Arkham-Horror-The-Card-Game-The-Unspeakable-Oath;;https://tesera.ru/game/uzhas-arkkhema-kartochnaya-igra-put-v-karkozu-prizrak-istiny/
2026-09-27;unmatched-jurassic-park-sattler-vs-t-rex;Unmatched: Jurassic Park - Sattler vs. T-Rex;в одной серии;0;Unmatched-Battle-of-Legends-Volume-1;Unmatched: Битва легенд. Том I;https://tesera.ru/game/unmatched-jurassic-park-sattler-vs-t-rex/
2026-09-27;unmatched-jurassic-park-sattler-vs-t-rex;Unmatched: Jurassic Park - Sattler vs. T-Rex;в одной серии;1;Unmatched-Robin-Hood-vs-Bigfoot;Unmatched: Робин Гуд vs. Бигфут;https://tesera.ru/game/unmatched-jurassic-park-sattler-vs-t-rex/
2026-09-27;unmatched-jurassic-park-sattler-vs-t-rex;Unmatched: Jurassic Park - Sattler vs. T-Rex;в одной серии;2;UnmatchedCF;Unmatched: Туман над мостовой;https://tesera.ru/game/unmatched-jurassic-park-sattler-vs-t-rex/
2026-09-27;unmatched-jurassic-park-sattler-vs-t-rex;Unmatched: Jurassic Park - Sattler vs. T-Rex;в одной серии;3;unmatched-bruce-lee;;https://tesera.ru/game/unmatched-jurassic-park-sattler-vs-t-rex/
2026-09-27;azul-master-chocolatier;Azul: Шоколатье;оригинал;0;azul;Azul;https://tesera.ru/game/azul-master-chocolatier/
2026-09-27;azul-master-chocolatier;Azul: Шоколатье;в одном мире;1;chocolate-fix;;https://tesera.ru/game/azul-master-chocolatier/
2026-09-27;azul-master-chocolatier;Azul: Шоколатье;в одном мире;2;azul4bonuscards;;https://tesera.ru/game/azul-master-chocolatier/
2026-09-27;roll-player-monsters-and-minions;Путь героя. Чудовища и приспешники;исходная игра;0;roll-player;Путь героя;https://tesera.ru/game/roll-player-monsters-and-minions/
2026-09-27;roll-player-monsters-and-minions;Путь героя. Чудовища и приспешники;дополнение;1;roll-player-fiends-familiars;;https://tesera.ru/game/roll-player-monsters-and-minions/
2026-09-27;era-medieval-age-expansion;Эра. Средневековье: Реки и дороги;исходная игра;0;Era-Medieval-Age;Эра. Средневековье;https://tesera.ru/game/era-medieval-age-expansion/
2026-09-27;era-medieval-age-expansion;Эра. Средневековье: Реки и дороги;в одной серии;1;era-medieval-age-collector-set-1;;https://tesera.ru/game/era-medieval-age-expansion/
2026-09-27;era-medieval-age-expansion;Эра. Средневековье: Реки и дороги;в одной серии;2;era-medieval-age-collector-set-2;;https://tesera.ru/game/era-medieval-age-expansion/
2026-09-27;era-medieval-age-expansion;Эра. Средневековье: Реки и дороги;в одной серии;3;era-medieval-age-collector-set-3;;https://tesera.ru/game/era-medieval-age-expansion/
2026-09-27;endeavor-age-of-sail;Экспансия. Век паруса;оригинал;0;endeavor;;https://tesera.ru/game/endeavor-age-of-sail/
2026-09-27;endeavor-age-of-sail;Экспансия. Век паруса;дополнение;1;endeavor-age-of-expansion;;https://tesera.ru/game/endeavor-age-of-sail/
2026-09-27;endeavor-age-of-sail;Экспансия. Век паруса;в одной серии;2;endeavor-deep-sea;Экспедиция. Морские глубины;https://tesera.ru/game/endeavor-age-of-sail/
2026-09-27;teotihuacan-late-preclassic-period;Теотиуакан. Поздняя предклассическая эра;исходная игра;0;teotihuacan-city-of-gods;Теотиуакан. Город Богов;https://tesera.ru/game/teotihuacan-late-preclassic-period/
2026-09-27;teotihuacan-late-preclassic-period;Теотиуакан. Поздняя предклассическая эра;дополнение;1;teotihuaca-late-preclassic-period-decoration-tiles;;https://tesera.ru/game/teotihuacan-late-preclassic-period/
2026-09-27;teotihuacan-late-preclassic-period;Теотиуакан. Поздняя предклассическая эра;дополнение;2;teotihuacan-shadow-of-xitle;;https://tesera.ru/game/teotihuacan-late-preclassic-period/
2026-09-27;wtrgate;Уотергейт;дополнение;0;wtrgate-cih;;https://tesera.ru/game/wtrgate/
2026-09-27;Cthulhu-Wars-Opener-of-the-Way;Cthulhu Wars: Opener of the Way;исходная игра;0;Cthulhu-Wars;Войны Ктулху;https://tesera.ru/game/Cthulhu-Wars-Opener-of-the-Way/
2026-09-27;cascadia;Каскадия;дополнение;0;cascadia-kickstarter-promo-cards;;https://tesera.ru/game/cascadia/
2026-09-27;cascadia;Каскадия;дополнение;1;cascadia-landmarks;;https://tesera.ru/game/cascadia/
2026-09-27;cascadia;Каскадия;в одном мире;2;cascadia-rolling-hills;;https://tesera.ru/game/cascadia/
2026-09-27;cascadia;Каскадия;в одном мире;3;cascadia-rolling-rivers;;https://tesera.ru/game/cascadia/
2026-09-27;Cthulhu-Wars-Windwalker;Cthulhu Wars: Windwalker;исходная игра;0;Cthulhu-Wars;Войны Ктулху;https://tesera.ru/game/Cthulhu-Wars-Windwalker/
2026-09-27;Ticket-to-Ride-UK-Pennsylvania;Ticket to Ride Map Collection: Volume 5 – UK/Pennsylvania;исходная игра;0;ticket-to-ride;Ticket to Ride;https://tesera.ru/game/Ticket-to-Ride-UK-Pennsylvania/
2026-09-27;Ticket-to-Ride-UK-Pennsylvania;Ticket to Ride Map Collection: Volume 5 – UK/Pennsylvania;исходная игра;1;ticket-ride-europe;Билет на поезд: Европа;https://tesera.ru/game/Ticket-to-Ride-UK-Pennsylvania/
2026-09-27;Ticket-to-Ride-UK-Pennsylvania;Ticket to Ride Map Collection: Volume 5 – UK/Pennsylvania;в одной серии;2;ticket-ride-map-collection-1-asia-legendary-asia;;https://tesera.ru/game/Ticket-to-Ride-UK-Pennsylvania/
2026-09-27;Ticket-to-Ride-UK-Pennsylvania;Ticket to Ride Map Collection: Volume 5 – UK/Pennsylvania;в одной серии;3;TtR-The-Heart-of-Africa;;https://tesera.ru/game/Ticket-to-Ride-UK-Pennsylvania/
2026-09-27;1846-the-race-for-the-midwest;1846: The Race for the Midwest;в одном мире;0;18lilliput;;https://tesera.ru/game/1846-the-race-for-the-midwest/
2026-09-27;1846-the-race-for-the-midwest;1846: The Race for the Midwest;в одной серии;1;1861-1867;;https://tesera.ru/game/1846-the-race-for-the-midwest/
2026-09-27;1846-the-race-for-the-midwest;1846: The Race for the Midwest;в одной серии;2;1848-australia;;https://tesera.ru/game/1846-the-race-for-the-midwest/
2026-09-27;Blood-Bowl-Team-Manager;Blood Bowl: Team Manager - The Card Game;дополнение;0;Blood-Bowl-Team-Manager-Sudden-Death;;https://tesera.ru/game/Blood-Bowl-Team-Manager/
2026-09-27;Blood-Bowl-Team-Manager;Blood Bowl: Team Manager - The Card Game;в одном мире;1;blood-bowl;;https://tesera.ru/game/Blood-Bowl-Team-Manager/
2026-09-27;Blood-Bowl-Team-Manager;Blood Bowl: Team Manager - The Card Game;дополнение;2;Blood-Bowl-Team-Manager-Foul-Play;;https://tesera.ru/game/Blood-Bowl-Team-Manager/
2026-09-27;Blood-Bowl-Team-Manager;Blood Bowl: Team Manager - The Card Game;в одном мире;3;1blood-bowl;Blood Bowl (2016);https://tesera.ru/game/Blood-Bowl-Team-Manager/
2026-09-27;Android;Android;исходная игра;0;Infiltration;Android: Infiltration;https://tesera.ru/game/Android/
2026-09-27;Android;Android;в одном мире;1;Android-Netrunner;Android: Netrunner;https://tesera.ru/game/Android/
2026-09-27;Android;Android;в одном мире;2;creation-and-control;;https://tesera.ru/game/Android/
2026-09-27;Android;Android;исходная игра;3;Android-Mainframe;Android: Mainframe;https://tesera.ru/game/Android/
2026-09-27;dungeon-twister-prison;Dungeon Twister: Prison;оригинал;0;dungeon-twister;;https://tesera.ru/game/dungeon-twister-prison/
2026-09-27;dungeon-twister-prison;Dungeon Twister: Prison;в одной серии;1;dungeon-twister-paladins-dragons;;https://tesera.ru/game/dungeon-twister-prison/
2026-09-27;dungeon-twister-prison;Dungeon Twister: Prison;в одной серии;2;dungeon-twister-fire-and-water;;https://tesera.ru/game/dungeon-twister-prison/
2026-09-27;dungeon-twister-prison;Dungeon Twister: Prison;в одной серии;3;dungeon-twister-34-players-expansion;;https://tesera.ru/game/dungeon-twister-prison/
2026-09-27;Descent-2ed-Forgotten-Souls;Descent: Странствия во тьме (вторая редакция). Забытые души;исходная игра;0;Descent-Journeys-in-the-Dark-Second-Edition;Descent: Странствия во тьме (вторая редакция);https://tesera.ru/game/Descent-2ed-Forgotten-Souls/
2026-09-27;die-quacksalber-von-quedlinburg-die-alchemisten;Шарлатаны из Кведлинбурга: Алхимики;исходная игра;0;die-quacksalber-von-quedlinburg;Шарлатаны из Кведлинбурга;https://tesera.ru/game/die-quacksalber-von-quedlinburg-die-alchemisten/
2026-09-27;die-quacksalber-von-quedlinburg-die-alchemisten;Шарлатаны из Кведлинбурга: Алхимики;в одной серии;1;the-quacks-of-quedlinburg-wolfgangs-exchange-office;;https://tesera.ru/game/die-quacksalber-von-quedlinburg-die-alchemisten/
2026-09-27;die-quacksalber-von-quedlinburg-die-alchemisten;Шарлатаны из Кведлинбурга: Алхимики;в одной серии;2;the-quacks-of-quedlinburg-the-herb-witches;Шарлатаны из Кведлинбурга: Ведьмы-травницы;https://tesera.ru/game/die-quacksalber-von-quedlinburg-die-alchemisten/
2026-09-27;die-quacksalber-von-quedlinburg-die-alchemisten;Шарлатаны из Кведлинбурга: Алхимики;в одной серии;3;the-quacks-of-quedlinburg-mega-box;;https://tesera.ru/game/die-quacksalber-von-quedlinburg-die-alchemisten/
2026-09-27;the-search-for-planet-x;Поиски планеты X;в одной серии;0;the-search-for-uaps;;https://tesera.ru/game/the-search-for-planet-x/
2026-09-27;trickerion;Трикерион. Искусство иллюзии;дополнение;0;trickerion-dahlgaards-gifts;;https://tesera.ru/game/trickerion/
2026-09-27;trickerion;Трикерион. Искусство иллюзии;в одной серии;1;trickerion-dahlgaards-academy;;https://tesera.ru/game/trickerion/
2026-09-27;trickerion;Трикерион. Искусство иллюзии;в одной серии;2;TrickerionDawnofTechnology;;https://tesera.ru/game/trickerion/
2026-09-27;trickerion;Трикерион. Искусство иллюзии;оригинал;3;trickerion-legends-of-illusion-bundle-edition;Трикерион. Искусство иллюзии. Полное издание;https://tesera.ru/game/trickerion/
2026-09-27;archipelago;Archipelago;дополнение;0;archipelago-solo-expansion;;https://tesera.ru/game/archipelago/
2026-09-27;archipelago;Archipelago;дополнение;1;Archipelago-War-and-Peace;;https://tesera.ru/game/archipelago/
2026-09-27;a-game-of-thrones-the-boardgame;A Game of Thrones: The Board Game;дополнение;0;a-game-of-thrones-a-clash-of-kings;;https://tesera.ru/game/a-game-of-thrones-the-boardgame/
2026-09-27;a-game-of-thrones-the-boardgame;A Game of Thrones: The Board Game;дополнение;1;a-game-of-thrones-a-storm-of-swords;;https://tesera.ru/game/a-game-of-thrones-the-boardgame/
2026-09-27;a-game-of-thrones-the-boardgame;A Game of Thrones: The Board Game;в одной серии;2;a-game-of-thrones-lcg;;https://tesera.ru/game/a-game-of-thrones-the-boardgame/
2026-09-27;a-game-of-thrones-the-boardgame;A Game of Thrones: The Board Game;в одном мире;3;battles-of-westeros;;https://tesera.ru/game/a-game-of-thrones-the-boardgame/
2026-09-27;advanced-squad-leader-starter-kit-1;Advanced Squad Leader: Starter Kit #1;в одной серии;0;advanced-squad-leader-beyond-valor;;https://tesera.ru/game/advanced-squad-leader-starter-kit-1/
2026-09-27;advanced-squad-leader-starter-kit-1;Advanced Squad Leader: Starter Kit #1;в одной серии;1;advanced-squad-leader-starter-kit-2;;https://tesera.ru/game/advanced-squad-leader-starter-kit-1/
2026-09-27;advanced-squad-leader-starter-kit-1;Advanced Squad Leader: Starter Kit #1;дополнение;2;advanced-squad-leader-starter-kit-3;;https://tesera.ru/game/advanced-squad-leader-starter-kit-1/
2026-09-27;advanced-squad-leader-starter-kit-1;Advanced Squad Leader: Starter Kit #1;в одной серии;3;advanced-squad-leader-starter-kit-expansion-kit-1;;https://tesera.ru/game/advanced-squad-leader-starter-kit-1/
2026-09-27;X-Wing-Miniatures-Game;Star Wars: X-Wing Miniatures Game;дополнение;0;X-Wing-X-Wing-Expansion-Pack;;https://tesera.ru/game/X-Wing-Miniatures-Game/
2026-09-27;X-Wing-Miniatures-Game;Star Wars: X-Wing Miniatures Game;дополнение;1;X-Wing-TIE-Fighter-Expansion-Pack;;https://tesera.ru/game/X-Wing-Miniatures-Game/
2026-09-27;X-Wing-Miniatures-Game;Star Wars: X-Wing Miniatures Game;дополнение;2;X-Wing-Y-Wing-Expansion-Pack;;https://tesera.ru/game/X-Wing-Miniatures-Game/
2026-09-27;X-Wing-Miniatures-Game;Star Wars: X-Wing Miniatures Game;дополнение;3;X-Wing-TIE-Advanced-Expansion-Pack;;https://tesera.ru/game/X-Wing-Miniatures-Game/
2026-09-27;stone-age;Каменный век;дополнение;0;Stone-Age-Style-Is-the-Goal;;https://tesera.ru/game/stone-age/
2026-09-27;stone-age;Каменный век;дополнение;1;stone-age-new-huts;;https://tesera.ru/game/stone-age/
2026-09-27;stone-age;Каменный век;в одной серии;2;My-First-Stone-Age;;https://tesera.ru/game/stone-age/
2026-09-27;stone-age;Каменный век;дополнение;3;promo-stone-age-casino;;https://tesera.ru/game/stone-age/
2026-09-27;unmatched-hells-kitchen;Unmatched: Hell's Kitchen;в одной серии;0;unmatched-battle-of-legends-volume-two;Unmatched: Битва Легенд. Том 2;https://tesera.ru/game/unmatched-hells-kitchen/
2026-09-27;unmatched-hells-kitchen;Unmatched: Hell's Kitchen;в одной серии;1;unmatched-deadpool;;https://tesera.ru/game/unmatched-hells-kitchen/
2026-09-27;unmatched-hells-kitchen;Unmatched: Hell's Kitchen;в одной серии;2;unmatched-redemption-row;;https://tesera.ru/game/unmatched-hells-kitchen/
2026-09-27;unmatched-hells-kitchen;Unmatched: Hell's Kitchen;в одной серии;3;unmatched-jurassic-park-sattler-vs-t-rex;Unmatched: Jurassic Park - Sattler vs. T-Rex;https://tesera.ru/game/unmatched-hells-kitchen/
2026-09-27;imperium-classics;Империи: Классика;в одной серии;0;Imperium-Legends;Империи: Легенды;https://tesera.ru/game/imperium-classics/
2026-09-27;imperium-classics;Империи: Классика;в одной серии;1;imperium-horizons;;https://tesera.ru/game/imperium-classics/
2026-09-27;sword-sorcery-darkness-falls;Клинок и Колдовство: Пришествие тьмы;исходная игра;0;Sword-and-Sorcery;Клинок и Колдовство;https://tesera.ru/game/sword-sorcery-darkness-falls/
2026-09-27;sword-sorcery-darkness-falls;Клинок и Колдовство: Пришествие тьмы;в одной серии;1;Victoria;;https://tesera.ru/game/sword-sorcery-darkness-falls/
2026-09-27;sword-sorcery-darkness-falls;Клинок и Колдовство: Пришествие тьмы;в одной серии;2;sword-sorcery-hero-pack-ryld;;https://tesera.ru/game/sword-sorcery-darkness-falls/
2026-09-27;sword-sorcery-darkness-falls;Клинок и Колдовство: Пришествие тьмы;в одной серии;3;onamor;;https://tesera.ru/game/sword-sorcery-darkness-falls/
2026-09-27;Deadlands;Deadlands: Мёртвые земли;исходная игра;0;savage-worlds;Дневник авантюриста;https://tesera.ru/game/Deadlands/
2026-09-27;Deadlands;Deadlands: Мёртвые земли;дополнение;1;deadlands-kniga-marshala;;https://tesera.ru/game/Deadlands/
2026-09-27;Deadlands;Deadlands: Мёртвые земли;дополнение;2;deadlands-tuzy-i-shesterki;;https://tesera.ru/game/Deadlands/
2026-09-27;arkham-horror-the-king-in-yellow;Ужас Аркхэма: Король в желтом;исходная игра;0;arkham-horror;Ужас Аркхэма;https://tesera.ru/game/arkham-horror-the-king-in-yellow/
2026-09-27;arkham-horror-the-king-in-yellow;Ужас Аркхэма: Король в желтом;в одном мире;1;Elder-Sign;;https://tesera.ru/game/arkham-horror-the-king-in-yellow/
2026-09-27;arkham-horror-the-king-in-yellow;Ужас Аркхэма: Король в желтом;в одном мире;2;Eldritch-Horror;Древний ужас;https://tesera.ru/game/arkham-horror-the-king-in-yellow/
2026-09-27;arkham-horror-the-king-in-yellow;Ужас Аркхэма: Король в желтом;в одной серии;3;arkham-horror-the-curse-of-the-dark-pharaoh;;https://tesera.ru/game/arkham-horror-the-king-in-yellow/
2026-09-27;Mission-Red-Planet-2015;Mission: Red Planet (Second edition);оригинал;0;mission-red-planet;;https://tesera.ru/game/Mission-Red-Planet-2015/
2026-09-27;Mission-Red-Planet-2015;Mission: Red Planet (Second edition);оригинал;1;mission-red-planet-third-edition;;https://tesera.ru/game/Mission-Red-Planet-2015/
2026-09-27;inis-seasons-of-inis;Иниш. Сезоны;исходная игра;0;Inis;Иниш;https://tesera.ru/game/inis-seasons-of-inis/
2026-09-27;inis-seasons-of-inis;Иниш. Сезоны;в одной серии;1;inis-nemed;;https://tesera.ru/game/inis-seasons-of-inis/
2026-09-27;inis-seasons-of-inis;Иниш. Сезоны;римейк;2;inis-big-box;Inis: Big Box;https://tesera.ru/game/inis-seasons-of-inis/
2026-09-27;paleo-ein-neuer-anfang;Палео: Новое начало;исходная игра;0;paleo;Палео;https://tesera.ru/game/paleo-ein-neuer-anfang/
2026-09-27;paleo-ein-neuer-anfang;Палео: Новое начало;в одной серии;1;paleo-der-initiationsritus;;https://tesera.ru/game/paleo-ein-neuer-anfang/
2026-09-27;paleo-ein-neuer-anfang;Палео: Новое начало;в одной серии;2;paleo-uzhasnye-pticy;;https://tesera.ru/game/paleo-ein-neuer-anfang/
2026-09-27;Warhammer-40000-LCG;Warhammer 40 000: Conquest;в одном мире;0;warhammer-40000-collectible-card-game;;https://tesera.ru/game/Warhammer-40000-LCG/
2026-09-27;Warhammer-40000-LCG;Warhammer 40 000: Conquest;дополнение;1;warhammer-40000-conquest-the-howl-of-blackmane;;https://tesera.ru/game/Warhammer-40000-LCG/
2026-09-27;Warhammer-40000-LCG;Warhammer 40 000: Conquest;дополнение;2;warhammer-40000-conquest-the-scourge;;https://tesera.ru/game/Warhammer-40000-LCG/
2026-09-27;Warhammer-40000-LCG;Warhammer 40 000: Conquest;исходная игра;3;warhammer-40000-conquest-gift-of-the-ethereals;Warhammer 40 000: Conquest - Gift of the Ethereals;https://tesera.ru/game/Warhammer-40000-LCG/
2026-09-27;Arkham-Horror-The-Card-Game-Curse-of-the-Rougarou;Ужас Аркхэма. Карточная игра: Проклятие Ругару;исходная игра;0;arkham-horror-the-card-game;Ужас Аркхэма. Карточная игра;https://tesera.ru/game/Arkham-Horror-The-Card-Game-Curse-of-the-Rougarou/
2026-09-27;Arkham-Horror-The-Card-Game-Curse-of-the-Rougarou;Ужас Аркхэма. Карточная игра: Проклятие Ругару;в одной серии;1;the-arkham-horror-the-card-game-the-blob-that-ate-everything;;https://tesera.ru/game/Arkham-Horror-The-Card-Game-Curse-of-the-Rougarou/
2026-09-27;federation;Федерация;дополнение;0;federation-piracy;;https://tesera.ru/game/federation/
2026-09-27;rising-sun-dynasty-invasion;Восходящее солнце: Вторжение Династии;в одной серии;0;Rising-Sun;Восходящее солнце;https://tesera.ru/game/rising-sun-dynasty-invasion/
2026-09-27;rising-sun-dynasty-invasion;Восходящее солнце: Вторжение Династии;в одном мире;1;Rising-Sun-Kami-Unbound;;https://tesera.ru/game/rising-sun-dynasty-invasion/
2026-09-27;rising-sun-dynasty-invasion;Восходящее солнце: Вторжение Династии;в одной серии;2;rising-sun-comic-book-extras;;https://tesera.ru/game/rising-sun-dynasty-invasion/
2026-09-27;aeons-end;Конец вечности;дополнение;0;aeons-end-the-depths;;https://tesera.ru/game/aeons-end/
2026-09-27;aeons-end;Конец вечности;дополнение;1;aeons-end-the-nameless;;https://tesera.ru/game/aeons-end/
2026-09-27;aeons-end;Конец вечности;в одном мире;2;aeons-end-war-eternal;Конец вечности. Вечная война;https://tesera.ru/game/aeons-end/
2026-09-27;aeons-end;Конец вечности;в одном мире;3;aeons-end-legacy;Aeon's End: Legacy;https://tesera.ru/game/aeons-end/
2026-09-27;Descent-2ed-Labyrinth-of-Ruin;Descent: Journeys in the Dark Second Edition — Labyrinth of Ruin;исходная игра;0;Descent-Journeys-in-the-Dark-Second-Edition;Descent: Странствия во тьме (вторая редакция);https://tesera.ru/game/Descent-2ed-Labyrinth-of-Ruin/
2026-09-27;Descent-2ed-Labyrinth-of-Ruin;Descent: Journeys in the Dark Second Edition — Labyrinth of Ruin;в одной серии;1;Descent-2ed-The-Trollfens;;https://tesera.ru/game/Descent-2ed-Labyrinth-of-Ruin/
2026-09-27;Descent-2ed-Labyrinth-of-Ruin;Descent: Journeys in the Dark Second Edition — Labyrinth of Ruin;в одной серии;2;Descent-2ed-Lair-of-Wyrm;Descent: Логово змея;https://tesera.ru/game/Descent-2ed-Labyrinth-of-Ruin/
2026-09-27;Descent-2ed-Labyrinth-of-Ruin;Descent: Journeys in the Dark Second Edition — Labyrinth of Ruin;в одной серии;3;Descent-2ed-Shadow-of-Nerekhall;Descent: Тень Нерекхола;https://tesera.ru/game/Descent-2ed-Labyrinth-of-Ruin/
2026-09-27;glorantha-the-gods-war;Glorantha: The Gods' War;дополнение;0;glorantha-the-gods-war-empires;;https://tesera.ru/game/glorantha-the-gods-war/
2026-09-27;glorantha-the-gods-war;Glorantha: The Gods' War;дополнение;1;glorantha-the-gods-war-elder-races;;https://tesera.ru/game/glorantha-the-gods-war/
2026-09-27;glorantha-the-gods-war;Glorantha: The Gods' War;дополнение;2;glorantha-the-gods-war-monsters;;https://tesera.ru/game/glorantha-the-gods-war/
2026-09-27;glorantha-the-gods-war;Glorantha: The Gods' War;дополнение;3;glorantha-the-gods-war-the-buildings;;https://tesera.ru/game/glorantha-the-gods-war/
2026-09-27;1bullet;Bullet: Star;в одной серии;0;bullet;;https://tesera.ru/game/1bullet/
2026-09-27;1bullet;Bullet: Star;дополнение;1;bullet-orange;;https://tesera.ru/game/1bullet/
2026-09-27;1bullet;Bullet: Star;дополнение;2;bullet-paw;;https://tesera.ru/game/1bullet/
2026-09-27;1bullet;Bullet: Star;дополнение;3;bullet-palette;;https://tesera.ru/game/1bullet/
2026-09-27;A-Few-Acres-of-Snow;A Few Acres of Snow;римейк;0;Mythotopia;;https://tesera.ru/game/A-Few-Acres-of-Snow/
2026-09-27;castles-of-mad-king-ludwig-expansions;Замки безумного короля Людвига. Дополнения;исходная игра;0;castles-of-mad-king-ludwig;Замки безумного короля Людвига;https://tesera.ru/game/castles-of-mad-king-ludwig-expansions/
2026-09-27;ticket-to-ride-nordic-countries;Билет на поезд: Северные страны;в одной серии;0;ticket-to-ride;Ticket to Ride;https://tesera.ru/game/ticket-to-ride-nordic-countries/
2026-09-27;ticket-to-ride-nordic-countries;Билет на поезд: Северные страны;в одной серии;1;ticket-ride-europe;Билет на поезд: Европа;https://tesera.ru/game/ticket-to-ride-nordic-countries/
2026-09-27;ticket-to-ride-nordic-countries;Билет на поезд: Северные страны;в одной серии;2;ticket-to-ride-maerklin;Ticket to Ride: Märklin;https://tesera.ru/game/ticket-to-ride-nordic-countries/
2026-09-27;ticket-to-ride-nordic-countries;Билет на поезд: Северные страны;дополнение;3;ticket-to-ride-switzerland;;https://tesera.ru/game/ticket-to-ride-nordic-countries/
2026-09-27;azul-summer-pavilion;Azul. Летний дворец;в одном мире;0;azul;Azul;https://tesera.ru/game/azul-summer-pavilion/
2026-09-27;azul-summer-pavilion;Azul. Летний дворец;в одном мире;1;azul-stained-glass-of-sintra;;https://tesera.ru/game/azul-summer-pavilion/
2026-09-27;azul-summer-pavilion;Azul. Летний дворец;в одной серии;2;azul-summer-pavilion-bonus-cards;;https://tesera.ru/game/azul-summer-pavilion/
2026-09-27;azul-summer-pavilion;Azul. Летний дворец;дополнение;3;azul-summer-pavilion-glazed-pavilion;;https://tesera.ru/game/azul-summer-pavilion/
2026-09-27;apex-legends-the-board-game;Apex Legends. Настольная игра;дополнение;0;2541361;;https://tesera.ru/game/apex-legends-the-board-game/
2026-09-27;apex-legends-the-board-game;Apex Legends. Настольная игра;дополнение;1;2541357;;https://tesera.ru/game/apex-legends-the-board-game/
2026-09-27;apex-legends-the-board-game;Apex Legends. Настольная игра;дополнение;2;2541355;;https://tesera.ru/game/apex-legends-the-board-game/
2026-09-27;apex-legends-the-board-game;Apex Legends. Настольная игра;дополнение;3;2541354;;https://tesera.ru/game/apex-legends-the-board-game/
2026-09-27;Shadows-of-Brimstone;Shadows of Brimstone;в одной серии;0;Shadows-of-Brimstone-Swamps-of-Death;Shadows of Brimstone: Swamps of Death;https://tesera.ru/game/Shadows-of-Brimstone/
2026-09-27;Shadows-of-Brimstone;Shadows of Brimstone;в одном мире;1;Shadows-of-Brimstone-City-of-the-Ancients;Shadows of Brimstone: City of the Ancients;https://tesera.ru/game/Shadows-of-Brimstone/
2026-09-27;Shadows-of-Brimstone;Shadows of Brimstone;дополнение;2;shadows-of-brimstone-caverns-of-cynder-expansion;;https://tesera.ru/game/Shadows-of-Brimstone/
2026-09-27;Shadows-of-Brimstone;Shadows of Brimstone;дополнение;3;shadows-of-brimstone-doorways-into-darkness;;https://tesera.ru/game/Shadows-of-Brimstone/
2026-09-27;kingsport;Ужас Аркхэма. Ужас Кингспорта;исходная игра;0;arkham-horror;Ужас Аркхэма;https://tesera.ru/game/kingsport/
2026-09-27;kingsport;Ужас Аркхэма. Ужас Кингспорта;исходная игра;1;Eldritch-Horror;Древний ужас;https://tesera.ru/game/kingsport/
2026-09-27;argent-the-consortium;Аргент. Совет магов;в одном мире;0;pixel-tactics;;https://tesera.ru/game/argent-the-consortium/
2026-09-27;argent-the-consortium;Аргент. Совет магов;в одном мире;1;battlecon-war;;https://tesera.ru/game/argent-the-consortium/
2026-09-27;argent-the-consortium;Аргент. Совет магов;в одном мире;2;battlecon-devastation;;https://tesera.ru/game/argent-the-consortium/
2026-09-27;argent-the-consortium;Аргент. Совет магов;дополнение;3;argent-mancers-of-the-university;;https://tesera.ru/game/argent-the-consortium/
2026-09-27;dead-of-winter-a-crossroads-game;Мертвый сезон. Перекрестки;дополнение;0;dead-of-winter-felicia-day;;https://tesera.ru/game/dead-of-winter-a-crossroads-game/
2026-09-27;dead-of-winter-a-crossroads-game;Мертвый сезон. Перекрестки;дополнение;1;dead-of-winter-kodiak-colby;;https://tesera.ru/game/dead-of-winter-a-crossroads-game/
2026-09-27;dead-of-winter-a-crossroads-game;Мертвый сезон. Перекрестки;дополнение;2;DoW-Lucky-Luke-Smith;;https://tesera.ru/game/dead-of-winter-a-crossroads-game/
2026-09-27;dead-of-winter-a-crossroads-game;Мертвый сезон. Перекрестки;продолжение;3;dead-of-winter-the-long-night;Мертвый сезон. Долгая ночь;https://tesera.ru/game/dead-of-winter-a-crossroads-game/
2026-09-27;spirit-island-heart-of-the-wildfire-serpent-slumbering-beneath;"Остров духов: Промо-духи ""Сердце дикого огня"" и ""Дремлющий под Островом Змей""";исходная игра;0;spirit-island;Остров духов;https://tesera.ru/game/spirit-island-heart-of-the-wildfire-serpent-slumbering-beneath/
2026-09-27;spirit-island-heart-of-the-wildfire-serpent-slumbering-beneath;"Остров духов: Промо-духи ""Сердце дикого огня"" и ""Дремлющий под Островом Змей""";римейк;1;spirit-island-feather-flame;;https://tesera.ru/game/spirit-island-heart-of-the-wildfire-serpent-slumbering-beneath/
2026-09-27;dominion;Доминион;продолжение;0;Dominion-Intrigue;Доминион: Интрига;https://tesera.ru/game/dominion/
2026-09-27;dominion;Доминион;дополнение;1;Dominion-Seaside;Dominion: Seaside;https://tesera.ru/game/dominion/
2026-09-27;dominion;Доминион;дополнение;2;dominion-alchemy;;https://tesera.ru/game/dominion/
2026-09-27;dominion;Доминион;дополнение;3;dominion-prosperity;Dominion: Prosperity;https://tesera.ru/game/dominion/
2026-09-27;roll-for-the-galaxy;Кубарем по Галактике;дополнение;0;roll-for-the-galaxy-ambition;Кубарем по Галактике. Амбиции;https://tesera.ru/game/roll-for-the-galaxy/
2026-09-27;roll-for-the-galaxy;Кубарем по Галактике;в одном мире;1;race-for-the-galaxy;Борьба за галактику;https://tesera.ru/game/roll-for-the-galaxy/
2026-09-27;roll-for-the-galaxy;Кубарем по Галактике;в одной серии;2;rftg-jump-drive;;https://tesera.ru/game/roll-for-the-galaxy/
2026-09-27;roll-for-the-galaxy;Кубарем по Галактике;в одной серии;3;Roll-For-the-Galaxy-Bountiful-Gaming-Grid-Promo-Tile;;https://tesera.ru/game/roll-for-the-galaxy/
2026-09-27;scythe-coins;Серп. Металлические монеты;исходная игра;0;scythe;Серп;https://tesera.ru/game/scythe-coins/
2026-09-27;scythe-coins;Серп. Металлические монеты;в одной серии;1;scythe-resources;Серп. Реалистичные ресурсы;https://tesera.ru/game/scythe-coins/
2026-09-27;scythe-coins;Серп. Металлические монеты;в одной серии;2;scythe-game-board-extension-;Серп. Расширение игрового поля;https://tesera.ru/game/scythe-coins/
2026-09-27;scythe-resources;Серп. Реалистичные ресурсы;исходная игра;0;scythe;Серп;https://tesera.ru/game/scythe-resources/
2026-09-27;scythe-resources;Серп. Реалистичные ресурсы;в одной серии;1;scythe-coins;Серп. Металлические монеты;https://tesera.ru/game/scythe-resources/
2026-09-27;scythe-resources;Серп. Реалистичные ресурсы;в одной серии;2;scythe-game-board-extension-;Серп. Расширение игрового поля;https://tesera.ru/game/scythe-resources/
2026-09-27;Tuscany-Essential-Edition;Tuscany Essential Edition;дополнение;0;tuscany-special-worker-promo-cards;;https://tesera.ru/game/Tuscany-Essential-Edition/
2026-09-27;Tuscany-Essential-Edition;Tuscany Essential Edition;предшественница;1;tuscany-expand-the-world-of-viticulture;;https://tesera.ru/game/Tuscany-Essential-Edition/
2026-09-27;Tuscany-Essential-Edition;Tuscany Essential Edition;исходная игра;2;Viticulture-Essential-Edition;Viticulture Essential edition;https://tesera.ru/game/Tuscany-Essential-Edition/
2026-09-27;Tuscany-Essential-Edition;Tuscany Essential Edition;римейк;3;viticulture-essential-edition;Виноделие. Полное издание;https://tesera.ru/game/Tuscany-Essential-Edition/
2026-09-27;Frosthaven;Frosthaven;в одном мире;0;gloomhaven;Мрачная гавань;https://tesera.ru/game/Frosthaven/
2026-09-27;Frosthaven;Frosthaven;в одном мире;1;gloomhaven-jaws-of-the-Lion;Мрачная гавань: Челюсти льва;https://tesera.ru/game/Frosthaven/
2026-09-27;Frosthaven;Frosthaven;в одном мире;2;gloomhaven-forgotten-circles;;https://tesera.ru/game/Frosthaven/
2026-09-27;Frosthaven;Frosthaven;в одном мире;3;gloomhaven-second-edition;;https://tesera.ru/game/Frosthaven/
2026-09-27;dominion-prosperity;Dominion: Prosperity;исходная игра;0;dominion;Доминион;https://tesera.ru/game/dominion-prosperity/
2026-09-27;dominion-prosperity;Dominion: Prosperity;в одной серии;1;Dominion-Intrigue;Доминион: Интрига;https://tesera.ru/game/dominion-prosperity/
2026-09-27;dominion-prosperity;Dominion: Prosperity;в одной серии;2;Dominion-Seaside;Dominion: Seaside;https://tesera.ru/game/dominion-prosperity/
2026-09-27;dominion-prosperity;Dominion: Prosperity;в одной серии;3;dominion-alchemy;;https://tesera.ru/game/dominion-prosperity/
2026-09-27;the-crew-mission-deep-sea;Экипаж: Погружение в Бездну;в одной серии;0;die-crew-reist-gemeinsam-zum-9-planeten;Экипаж. Экспедиция к девятой планете;https://tesera.ru/game/the-crew-mission-deep-sea/
2026-09-27;the-crew-mission-deep-sea;Экипаж: Погружение в Бездну;в одной серии;1;the-crew-family-adventure;;https://tesera.ru/game/the-crew-mission-deep-sea/
2026-09-27;Viticulture-Essential-Edition;Viticulture Essential edition;предшественница;0;viticulture;Виноделие;https://tesera.ru/game/Viticulture-Essential-Edition/
2026-09-27;Viticulture-Essential-Edition;Viticulture Essential edition;дополнение;1;Viticulture-Moor-Visitors;;https://tesera.ru/game/Viticulture-Essential-Edition/
2026-09-27;Viticulture-Essential-Edition;Viticulture Essential edition;дополнение;2;Tuscany-Essential-Edition;Tuscany Essential Edition;https://tesera.ru/game/Viticulture-Essential-Edition/
2026-09-27;Viticulture-Essential-Edition;Viticulture Essential edition;римейк;3;viticulture-essential-edition;Виноделие. Полное издание;https://tesera.ru/game/Viticulture-Essential-Edition/
2026-09-27;heat-pedal-to-the-metal;Гонка: Жара на трассе;дополнение;0;heat-heavy-rain;;https://tesera.ru/game/heat-pedal-to-the-metal/
2026-09-27;heat-pedal-to-the-metal;Гонка: Жара на трассе;дополнение;1;heat-tunnel-vision;;https://tesera.ru/game/heat-pedal-to-the-metal/
2026-09-27;heat-pedal-to-the-metal;Гонка: Жара на трассе;в одной серии;2;heat_rocky_roads;;https://tesera.ru/game/heat-pedal-to-the-metal/
2026-09-27;heat-pedal-to-the-metal;Гонка: Жара на трассе;в одной серии;3;heat_legends;;https://tesera.ru/game/heat-pedal-to-the-metal/
2026-09-27;marvel-champions-the-card-game;Marvel Champions: The Card Game;дополнение;0;marvel-champions-the-card-game-captain-america-hero-pack;;https://tesera.ru/game/marvel-champions-the-card-game/
2026-09-27;marvel-champions-the-card-game;Marvel Champions: The Card Game;дополнение;1;marvel-champions-the-card-game-ms-marvel-hero-pack;;https://tesera.ru/game/marvel-champions-the-card-game/
2026-09-27;marvel-champions-the-card-game;Marvel Champions: The Card Game;дополнение;2;marvel-champions-the-card-game-the-green-goblin-scenario-pack;;https://tesera.ru/game/marvel-champions-the-card-game/
2026-09-27;marvel-champions-the-card-game;Marvel Champions: The Card Game;дополнение;3;marvel-champions-the-card-game-thor-hero-pack;;https://tesera.ru/game/marvel-champions-the-card-game/
2026-09-27;DeathMayDie;Ктулху: Смерть может умереть;в одном мире;0;Cthulhu-Wars;Войны Ктулху;https://tesera.ru/game/DeathMayDie/
2026-09-27;DeathMayDie;Ктулху: Смерть может умереть;в одном мире;1;Cthulhu-Realms;;https://tesera.ru/game/DeathMayDie/
2026-09-27;DeathMayDie;Ктулху: Смерть может умереть;дополнение;2;DeathMayDieYogSothoth;;https://tesera.ru/game/DeathMayDie/
2026-09-27;DeathMayDie;Ктулху: Смерть может умереть;дополнение;3;DeathMayDieBlackGoatoftheWoods;;https://tesera.ru/game/DeathMayDie/
2026-09-27;Pandemic-Legacy-Season-0;Пандемия. Наследие: Нулевой сезон;в одной серии;0;Pandemic-Legacy;Пандемия: Наследие — Первый сезон;https://tesera.ru/game/Pandemic-Legacy-Season-0/
2026-09-27;Pandemic-Legacy-Season-0;Пандемия. Наследие: Нулевой сезон;в одной серии;1;Pandemic-Legacy-s2;Пандемия: Наследие  — Второй сезон;https://tesera.ru/game/Pandemic-Legacy-Season-0/
2026-09-27;Pandemic-Legacy-Season-0;Пандемия. Наследие: Нулевой сезон;предшественница;2;pandemic;Пандемия;https://tesera.ru/game/Pandemic-Legacy-Season-0/
2026-09-27;oathsworn-into-the-deepwood;Oathsworn: Верные клятве. Тайны Темнолесья;дополнение;0;oathsworn-into-the-deepwood-mystery-chest;;https://tesera.ru/game/oathsworn-into-the-deepwood/
2026-09-27;oathsworn-into-the-deepwood;Oathsworn: Верные клятве. Тайны Темнолесья;дополнение;1;oathsworn-into-the-deepwood-terrain-box;;https://tesera.ru/game/oathsworn-into-the-deepwood/
2026-09-27;oathsworn-into-the-deepwood;Oathsworn: Верные клятве. Тайны Темнолесья;дополнение;2;oathsworn-vernyye-klyatve-tayny-temnolesya;;https://tesera.ru/game/oathsworn-into-the-deepwood/
2026-09-27;oathsworn-into-the-deepwood;Oathsworn: Верные клятве. Тайны Темнолесья;дополнение;3;oathsworn-vernyye-klyatve-tayny-temnolesya-nabor-skhem-gorodov;;https://tesera.ru/game/oathsworn-into-the-deepwood/
2026-09-27;Sleeping-Gods;Спящие боги;дополнение;0;Sleeping-Gods-Tides-of-Ruin;;https://tesera.ru/game/Sleeping-Gods/
2026-09-27;Sleeping-Gods;Спящие боги;дополнение;1;SleepingGodsDungeons;;https://tesera.ru/game/Sleeping-Gods/
2026-09-27;Sleeping-Gods;Спящие боги;в одном мире;2;sleeping-gods-distant-skies;;https://tesera.ru/game/Sleeping-Gods/
2026-09-27;Sleeping-Gods;Спящие боги;в одном мире;3;sleeping-gods-primeval-peril;;https://tesera.ru/game/Sleeping-Gods/
2026-09-27;power-grid;Энергосеть;в одной серии;0;Power-Grid-Factory-Manager;;https://tesera.ru/game/power-grid/
2026-09-27;power-grid;Энергосеть;дополнение;1;power-grid-russia-japan;;https://tesera.ru/game/power-grid/
2026-09-27;power-grid;Энергосеть;дополнение;2;Power-Grid-Brazil-Spain-Portugal;;https://tesera.ru/game/power-grid/
2026-09-27;power-grid;Энергосеть;дополнение;3;Power-Grid-China-Korea;;https://tesera.ru/game/power-grid/
2026-09-27;die-quacksalber-von-quedlinburg;Шарлатаны из Кведлинбурга;дополнение;0;the-quacks-of-quedlinburg-wolfgangs-exchange-office;;https://tesera.ru/game/die-quacksalber-von-quedlinburg/
2026-09-27;die-quacksalber-von-quedlinburg;Шарлатаны из Кведлинбурга;дополнение;1;the-quacks-of-quedlinburg-the-herb-witches;Шарлатаны из Кведлинбурга: Ведьмы-травницы;https://tesera.ru/game/die-quacksalber-von-quedlinburg/
2026-09-27;die-quacksalber-von-quedlinburg;Шарлатаны из Кведлинбурга;дополнение;2;die-quacksalber-von-quedlinburg-die-alchemisten;Шарлатаны из Кведлинбурга: Алхимики;https://tesera.ru/game/die-quacksalber-von-quedlinburg/
2026-09-27;die-quacksalber-von-quedlinburg;Шарлатаны из Кведлинбурга;в одной серии;3;the-quacks-of-quedlinburg-big-box;;https://tesera.ru/game/die-quacksalber-von-quedlinburg/
2026-09-27;die-crew-reist-gemeinsam-zum-9-planeten;Экипаж. Экспедиция к девятой планете;в одной серии;0;the-crew-mission-deep-sea;Экипаж: Погружение в Бездну;https://tesera.ru/game/die-crew-reist-gemeinsam-zum-9-planeten/
2026-09-27;die-crew-reist-gemeinsam-zum-9-planeten;Экипаж. Экспедиция к девятой планете;в одной серии;1;the-crew-family-adventure;;https://tesera.ru/game/die-crew-reist-gemeinsam-zum-9-planeten/
2026-09-27;hansa-teutonica-big-box;Ганзейский союз: Полное издание;оригинал;0;hansa-teutonica;Hansa Teutonica;https://tesera.ru/game/hansa-teutonica-big-box/
2026-09-27;hansa-teutonica-big-box;Ганзейский союз: Полное издание;дополнение;1;hansa-teutonica-east-expansion;;https://tesera.ru/game/hansa-teutonica-big-box/
2026-09-27;hansa-teutonica-big-box;Ганзейский союз: Полное издание;дополнение;2;Hansa-Teutonica-Britannia;;https://tesera.ru/game/hansa-teutonica-big-box/
2026-09-27;hansa-teutonica-big-box;Ганзейский союз: Полное издание;дополнение;3;hansa-teutonica-emperors-favour;;https://tesera.ru/game/hansa-teutonica-big-box/
2026-09-27;blood-on-the-clocktower;Кровь на часовой башне;дополнение;0;blood-on-the-clocktower-carousel;;https://tesera.ru/game/blood-on-the-clocktower/
2026-09-27;clank;Кланк! Подземное приключение;дополнение;0;clank-sunken-treasures;Кланк! Затонувшие сокровища;https://tesera.ru/game/clank/
2026-09-27;clank;Кланк! Подземное приключение;в одной серии;1;clank-in-space;Кланк! В! Космосе!;https://tesera.ru/game/clank/
2026-09-27;clank;Кланк! Подземное приключение;дополнение;2;clank-wishing-wall;;https://tesera.ru/game/clank/
2026-09-27;clank;Кланк! Подземное приключение;дополнение;3;clank-the-mummys-curse;;https://tesera.ru/game/clank/
2026-09-27;fields-of-arle;Fields of Arle;дополнение;0;fields-of-arle-tea-trade;;https://tesera.ru/game/fields-of-arle/
2026-09-27;The-Descent-Journeys-in-the-Dark-Second-Edition-Conversion-Kit;The Descent: Journeys in the Dark Second Edition Conversion Kit;исходная игра;0;Descent-Journeys-in-the-Dark-Second-Edition;Descent: Странствия во тьме (вторая редакция);https://tesera.ru/game/The-Descent-Journeys-in-the-Dark-Second-Edition-Conversion-Kit/
2026-09-27;The-Descent-Journeys-in-the-Dark-Second-Edition-Conversion-Kit;The Descent: Journeys in the Dark Second Edition Conversion Kit;в одном мире;1;runewars;Runewars;https://tesera.ru/game/The-Descent-Journeys-in-the-Dark-Second-Edition-Conversion-Kit/
2026-09-27;el-grande;El Grande;дополнение;0;el-grande-knig-intrigant-players-edition;;https://tesera.ru/game/el-grande/
2026-09-27;el-grande;El Grande;дополнение;1;the-el-grande-expansions;;https://tesera.ru/game/el-grande/
2026-09-27;el-grande;El Grande;дополнение;2;el-grande-grandissimo;;https://tesera.ru/game/el-grande/
2026-09-27;el-grande;El Grande;дополнение;3;el-grande-grossinquisitor-und-kolonien;;https://tesera.ru/game/el-grande/
2026-09-27;ConcordiaVenus;Concordia: Venus;римейк;0;concordia;Конкордия;https://tesera.ru/game/ConcordiaVenus/
2026-09-27;ConcordiaVenus;Concordia: Venus;в одной серии;1;concordia-salsa;Конкордия. Сальса;https://tesera.ru/game/ConcordiaVenus/
2026-09-27;ConcordiaVenus;Concordia: Venus;дополнение;2;concordia-venus-balearica-italia;;https://tesera.ru/game/ConcordiaVenus/
2026-09-27;robinson-crusoe-adventure-on-the-cursed-island-first-edition;Робинзон Крузо: Приключения на таинственном острове (1е издание);дополнение;0;Robinson-Crusoe-Voyage-of-the-Beagle;Робинзон Крузо. Путешествие «Бигля»;https://tesera.ru/game/robinson-crusoe-adventure-on-the-cursed-island-first-edition/
2026-09-27;robinson-crusoe-adventure-on-the-cursed-island-first-edition;Робинзон Крузо: Приключения на таинственном острове (1е издание);римейк;1;robinson-crusoe-adventures-cursed-island-mystery-tales;;https://tesera.ru/game/robinson-crusoe-adventure-on-the-cursed-island-first-edition/
2026-09-27;robinson-crusoe-adventure-on-the-cursed-island-first-edition;Робинзон Крузо: Приключения на таинственном острове (1е издание);римейк;2;robinson-crusoe-adventures-cursed-island;Робинзон Крузо: Приключения на таинственном острове. Вторая редакция;https://tesera.ru/game/robinson-crusoe-adventure-on-the-cursed-island-first-edition/
2026-09-27;Final-Girl;Final Girl;дополнение;0;Final-Girl-Terror-From-Above;;https://tesera.ru/game/Final-Girl/
2026-09-27;Final-Girl;Final Girl;дополнение;1;Final-Girl-Carnage-at-the-Carnival;;https://tesera.ru/game/Final-Girl/
2026-09-27;Final-Girl;Final Girl;дополнение;2;Final-Girl-Frightmare-on-Maple-Lane;;https://tesera.ru/game/Final-Girl/
2026-09-27;Final-Girl;Final Girl;дополнение;3;Final-Girl-Slaughter-in-the-Groves;;https://tesera.ru/game/Final-Girl/
2026-09-27;Through-the-Ages;Through the Ages: A Story of Civilization;в одном мире;0;through-ages-new-story-civilization;Сквозь века: Новая история цивилизации;https://tesera.ru/game/Through-the-Ages/
2026-09-27;Through-the-Ages;Through the Ages: A Story of Civilization;в одном мире;1;roll-through-the-ages;;https://tesera.ru/game/Through-the-Ages/
2026-09-27;Through-the-Ages;Through the Ages: A Story of Civilization;в одном мире;2;Roll-Through-the-Ages-the-Iron-Age;;https://tesera.ru/game/Through-the-Ages/
2026-09-27;Dominant-Species;Dominant Species;в одном мире;0;dominant-species-the-card-game;;https://tesera.ru/game/Dominant-Species/
2026-09-27;Dominant-Species;Dominant Species;римейк;1;dominant-species-marine;;https://tesera.ru/game/Dominant-Species/
2026-09-27;path-adv-rise-of-the-runelords;Pathfinder. Настольная ролевая игра. Путь приключений. Возвращение рунных властителей;в одной серии;0;pathfinder-roleplaying-game;Pathfinder: ролевая игра;https://tesera.ru/game/path-adv-rise-of-the-runelords/
2026-09-27;path-adv-rise-of-the-runelords;Pathfinder. Настольная ролевая игра. Путь приключений. Возвращение рунных властителей;в одном мире;1;pathfinder-bestiary;Pathfinder. Настольная ролевая игра. Бестиарий;https://tesera.ru/game/path-adv-rise-of-the-runelords/
2026-09-27;path-adv-rise-of-the-runelords;Pathfinder. Настольная ролевая игра. Путь приключений. Возвращение рунных властителей;в одной серии;2;pathfinder-module-dragons-demand;;https://tesera.ru/game/path-adv-rise-of-the-runelords/
2026-09-27;ticket-to-ride-usa-1910;Ticket to Ride: USA 1910;исходная игра;0;ticket-to-ride;Ticket to Ride;https://tesera.ru/game/ticket-to-ride-usa-1910/
2026-09-27;ticket-to-ride-usa-1910;Ticket to Ride: USA 1910;в одной серии;1;TickettoRideStayatHome;;https://tesera.ru/game/ticket-to-ride-usa-1910/
2026-09-27;unknown-armies;Unknown Armies;предшественница;0;UnknownArmies;;https://tesera.ru/game/unknown-armies/
2026-09-27;dwellings-of-eldervale;Dwellings of Eldervale;оригинал;0;andromedas-edge;Andromeda’s Edge;https://tesera.ru/game/dwellings-of-eldervale/
2026-09-27;quest-el-dorado;В поисках Эльдорадо;дополнение;0;quest-el-dorado-heroes-hexes;;https://tesera.ru/game/quest-el-dorado/
2026-09-27;quest-el-dorado;В поисках Эльдорадо;дополнение;1;quest-el-dorado-promo-pack;;https://tesera.ru/game/quest-el-dorado/
2026-09-27;quest-el-dorado;В поисках Эльдорадо;в одной серии;2;The-Quest-for-El-Dorado-The-Golden-Temples;;https://tesera.ru/game/quest-el-dorado/
2026-09-27;quest-el-dorado;В поисках Эльдорадо;дополнение;3;the-quest-for-el-dorado-dangers-muisca;;https://tesera.ru/game/quest-el-dorado/
2026-09-27;architects-of-the-west-kingdom;Архитекторы западного королевства;в одном мире;0;raiders-of-the-north-sea;Завоеватели Северного моря;https://tesera.ru/game/architects-of-the-west-kingdom/
2026-09-27;architects-of-the-west-kingdom;Архитекторы западного королевства;в одном мире;1;paladins-of-the-west-kingdom;Паладины Западного Королевства;https://tesera.ru/game/architects-of-the-west-kingdom/
2026-09-27;architects-of-the-west-kingdom;Архитекторы западного королевства;дополнение;2;architects-of-the-west-kingdom-age-of-artisans;;https://tesera.ru/game/architects-of-the-west-kingdom/
2026-09-27;architects-of-the-west-kingdom;Архитекторы западного королевства;в одном мире;3;Viscounts;Виконты западного королевства;https://tesera.ru/game/architects-of-the-west-kingdom/
2026-09-27;Mage-Knight-Board-Game-The-Lost-Legion;Mage Knight Board Game: The Lost Legion Expansion;исходная игра;0;Mage-Knight-Board-Game;Рыцарь-маг;https://tesera.ru/game/Mage-Knight-Board-Game-The-Lost-Legion/
2026-09-27;Mage-Knight-Board-Game-The-Lost-Legion;Mage Knight Board Game: The Lost Legion Expansion;в одной серии;1;mage-knight-board-game-shades-of-tezla;;https://tesera.ru/game/Mage-Knight-Board-Game-The-Lost-Legion/
2026-09-27;Mage-Knight-Board-Game-The-Lost-Legion;Mage Knight Board Game: The Lost Legion Expansion;в одной серии;2;mage-knight-board-game-krang;;https://tesera.ru/game/Mage-Knight-Board-Game-The-Lost-Legion/
2026-09-27;ra-25th;Ра (обновлённое издание);оригинал;0;Ra;Ра;https://tesera.ru/game/ra-25th/
2026-09-27;ra-25th;Ра (обновлённое издание);дополнение;1;ra-traders;;https://tesera.ru/game/ra-25th/
2026-09-27;ra-25th;Ра (обновлённое издание);в одной серии;2;ra-and-write;;https://tesera.ru/game/ra-25th/
2026-09-27;Ra;Ра;в одной серии;0;radice;;https://tesera.ru/game/Ra/
2026-09-27;Ra;Ра;в одной серии;1;die-burgen-von-burgund;Замки Бургундии;https://tesera.ru/game/Ra/
2026-09-27;Ra;Ра;в одном мире;2;priests-of-ra;;https://tesera.ru/game/Ra/
2026-09-27;Ra;Ра;римейк;3;ra-25th;Ра (обновлённое издание);https://tesera.ru/game/Ra/
2026-09-27;tigris-and-euphrates;Тигр и Евфрат;римейк;0;Euphrates-Tigris-Card-Game;;https://tesera.ru/game/tigris-and-euphrates/
2026-09-27;tigris-and-euphrates;Тигр и Евфрат;дополнение;1;euphrat-tigris-die-zikkurat;;https://tesera.ru/game/tigris-and-euphrates/
2026-09-27;tigris-and-euphrates;Тигр и Евфрат;в одном мире;2;babylonia;;https://tesera.ru/game/tigris-and-euphrates/
2026-09-27;raiders-of-the-north-sea;Завоеватели Северного моря;предшественница;0;Shipwrights-of-the-North-Sea;;https://tesera.ru/game/raiders-of-the-north-sea/
2026-09-27;raiders-of-the-north-sea;Завоеватели Северного моря;продолжение;1;explorers-of-the-north-sea;;https://tesera.ru/game/raiders-of-the-north-sea/
2026-09-27;raiders-of-the-north-sea;Завоеватели Северного моря;дополнение;2;raiders-of-the-north-sea-fields-of-fame;;https://tesera.ru/game/raiders-of-the-north-sea/
2026-09-27;raiders-of-the-north-sea;Завоеватели Северного моря;дополнение;3;raiders-of-the-north-sea-hall-of-heroes;;https://tesera.ru/game/raiders-of-the-north-sea/
2026-09-27;puerto-rico-2011;Puerto Rico: Limited Anniversary Edition;оригинал;0;puerto-rico;Пуэрто-Рико;https://tesera.ru/game/puerto-rico-2011/
2026-09-27;puerto-rico-2011;Puerto Rico: Limited Anniversary Edition;оригинал;1;puerto-rico-2020;;https://tesera.ru/game/puerto-rico-2011/
2026-09-27;caylus;Caylus;продолжение;0;caylus-magna-carta;;https://tesera.ru/game/caylus/
2026-09-27;caylus;Caylus;римейк;1;caylus-1303;;https://tesera.ru/game/caylus/
2026-09-27;arcs;Предел;дополнение;0;arcs-blighted-reach-campaign-expansion;;https://tesera.ru/game/arcs/
2026-09-27;arcs;Предел;дополнение;1;arcs-leaders-lore-pack;;https://tesera.ru/game/arcs/
2026-09-27;arcs;Предел;дополнение;2;predel-nabor-figurok;;https://tesera.ru/game/arcs/
2026-09-27;wyrmspan;Драконы;оригинал;0;wingspan;Крылья;https://tesera.ru/game/wyrmspan/
2026-09-27;wyrmspan;Драконы;в одной серии;1;finspan;;https://tesera.ru/game/wyrmspan/
2026-09-27;wyrmspan;Драконы;в одной серии;2;wingspan-nesting-box;;https://tesera.ru/game/wyrmspan/
2026-09-27;wyrmspan;Драконы;дополнение;3;2539735;;https://tesera.ru/game/wyrmspan/
2026-09-27;age-of-steam;Age of Steam;римейк;0;Steam;Steam. Железнодорожный магнат;https://tesera.ru/game/age-of-steam/
2026-09-27;age-of-steam;Age of Steam;исходная игра;1;age-of-steam-time-traveler-expansion;Age of Steam: Time Traveler Expansion;https://tesera.ru/game/age-of-steam/
2026-09-27;age-of-steam;Age of Steam;дополнение;2;age-of-steam-expansion-portugal;;https://tesera.ru/game/age-of-steam/
2026-09-27;age-of-steam;Age of Steam;дополнение;3;age-of-steam-expansion-americaeurope;;https://tesera.ru/game/age-of-steam/
2026-09-27;patchwork;Пэчворк;в одной серии;0;listopad;;https://tesera.ru/game/patchwork/
2026-09-27;patchwork;Пэчворк;в одной серии;1;patchwork-express;;https://tesera.ru/game/patchwork/
2026-09-27;patchwork;Пэчворк;в одной серии;2;Cottage-Garden;;https://tesera.ru/game/patchwork/
2026-09-27;patchwork;Пэчворк;дополнение;3;patchwork-automa;;https://tesera.ru/game/patchwork/
2026-09-27;dune-imperium-immortality;Дюна: Империя - Бессмертие;исходная игра;0;dune-imperium;Дюна: Империя;https://tesera.ru/game/dune-imperium-immortality/
2026-09-27;dune-imperium-immortality;Дюна: Империя - Бессмертие;дополнение;1;dune-imperium-piter-genius-advisor-promo-card;;https://tesera.ru/game/dune-imperium-immortality/
2026-09-27;dune-imperium-immortality;Дюна: Империя - Бессмертие;исходная игра;2;dune-imperium-war-for-arrakis;Дюна: Империя - Борьба за Арракис;https://tesera.ru/game/dune-imperium-immortality/
2026-09-27;Russian-Railroads;Русские железные дороги;дополнение;0;rrr-german-railroads;;https://tesera.ru/game/Russian-Railroads/
2026-09-27;Russian-Railroads;Русские железные дороги;дополнение;1;american-railroad;;https://tesera.ru/game/Russian-Railroads/
2026-09-27;Russian-Railroads;Русские железные дороги;дополнение;2;Russian-Railroads-mini-exp;;https://tesera.ru/game/Russian-Railroads/
2026-09-27;Russian-Railroads;Русские железные дороги;дополнение;3;russian-railroads-juri-dreigleisky;;https://tesera.ru/game/Russian-Railroads/
2026-09-27;yokohama;Yokohama;продолжение;0;yokohama-duel;;https://tesera.ru/game/yokohama/
2026-09-27;yokohama;Yokohama;в одном мире;1;Yokohama-RW;;https://tesera.ru/game/yokohama/
2026-09-27;yokohama;Yokohama;римейк;2;yokohama-second-edition;;https://tesera.ru/game/yokohama/
2026-09-27;clank-in-space;Кланк! В! Космосе!;в одной серии;0;clank;Кланк! Подземное приключение;https://tesera.ru/game/clank-in-space/
2026-09-27;clank-in-space;Кланк! В! Космосе!;дополнение;1;Clank-In-Space-Apocalypse;;https://tesera.ru/game/clank-in-space/
2026-09-27;clank-in-space;Кланк! В! Космосе!;дополнение;2;clank-in-space-cyber-station-11;;https://tesera.ru/game/clank-in-space/
2026-09-27;clank-in-space;Кланк! В! Космосе!;дополнение;3;clank-in-space-adventures-pulsarcade;;https://tesera.ru/game/clank-in-space/
2026-09-27;Codenames-XXL;Кодовые Имена XXL;оригинал;0;codenames;Кодовые имена;https://tesera.ru/game/Codenames-XXL/
2026-09-27;Codenames-XXL;Кодовые Имена XXL;в одной серии;1;codnames-pictures;;https://tesera.ru/game/Codenames-XXL/
2026-09-27;Codenames-XXL;Кодовые Имена XXL;в одной серии;2;codenames-deep-undercover;;https://tesera.ru/game/Codenames-XXL/
2026-09-27;Codenames-XXL;Кодовые Имена XXL;в одной серии;3;Codenames-duet;Кодовые имена. Дуэт;https://tesera.ru/game/Codenames-XXL/
2026-09-27;codenames;Кодовые имена;в одной серии;0;codnames-pictures;;https://tesera.ru/game/codenames/
2026-09-27;codenames;Кодовые имена;в одной серии;1;codenames-deep-undercover;;https://tesera.ru/game/codenames/
2026-09-27;codenames;Кодовые имена;в одной серии;2;Codenames-duet;Кодовые имена. Дуэт;https://tesera.ru/game/codenames/
2026-09-27;codenames;Кодовые имена;в одной серии;3;codnames-disney;;https://tesera.ru/game/codenames/
2026-09-27;Champions-of-Midgard;Чемпионы Мидгарда;дополнение;0;champions-of-midgard-the-dark-mountains;;https://tesera.ru/game/Champions-of-Midgard/
2026-09-27;Champions-of-Midgard;Чемпионы Мидгарда;дополнение;1;champions-of-midgard-valhalla;Чемпионы Мидгарда. Вальхалла;https://tesera.ru/game/Champions-of-Midgard/
2026-09-27;Champions-of-Midgard;Чемпионы Мидгарда;дополнение;2;reavers-of-midgard;;https://tesera.ru/game/Champions-of-Midgard/
2026-09-27;Champions-of-Midgard;Чемпионы Мидгарда;в одной серии;3;chempiony-midgarda-valkhalla-i-temnyye-gory;Чемпионы Мидгарда. Вальхалла и Темные горы;https://tesera.ru/game/Champions-of-Midgard/
2026-09-27;tayny-ekhosfery;Тайны Эхосферы;дополнение;0;nashi-mekhanicheskiye-druzya-i-drugiye-zagadki;;https://tesera.ru/game/tayny-ekhosfery/
2026-09-27;tayny-ekhosfery;Тайны Эхосферы;дополнение;1;tales-from-the-loop-out-of-time;;https://tesera.ru/game/tayny-ekhosfery/
2026-09-27;tayny-ekhosfery;Тайны Эхосферы;продолжение;2;things-from-the-flood;;https://tesera.ru/game/tayny-ekhosfery/
2026-09-27;tayny-ekhosfery;Тайны Эхосферы;в одном мире;3;tales-from-the-loop;;https://tesera.ru/game/tayny-ekhosfery/
2026-09-27;rajas-ganges;Раджи Ганга;дополнение;0;rajas-of-the-ganges-mango-village;;https://tesera.ru/game/rajas-ganges/
2026-09-27;rajas-ganges;Раджи Ганга;дополнение;1;rajas-of-the-ganges-tiger-expansion;;https://tesera.ru/game/rajas-ganges/
2026-09-27;rajas-ganges;Раджи Ганга;дополнение;2;rajas-of-the-ganges-snake-expansion;;https://tesera.ru/game/rajas-ganges/
2026-09-27;rajas-ganges;Раджи Ганга;дополнение;3;rajas-of-the-ganges-blessings-of-kedarnath;;https://tesera.ru/game/rajas-ganges/
2026-09-27;hadrians-wall;Вал Адриана;в одной серии;0;the-anarchy;;https://tesera.ru/game/hadrians-wall/
2026-09-27;hadrians-wall;Вал Адриана;в одной серии;1;skara-brae;;https://tesera.ru/game/hadrians-wall/
2026-09-27;hadrians-wall;Вал Адриана;в одной серии;2;legacy-of-yu;;https://tesera.ru/game/hadrians-wall/
2026-09-27;hadrians-wall;Вал Адриана;в одной серии;3;Raiders-of-Scythia;;https://tesera.ru/game/hadrians-wall/
2026-09-27;parks;PARKS;дополнение;0;parks-nightfall-expansion;PARKS: Nightfall Expansion;https://tesera.ru/game/parks/
2026-09-27;parks;PARKS;дополнение;1;parks-wildlife;;https://tesera.ru/game/parks/
2026-09-27;parks;PARKS;в одной серии;2;parks-roll-hike;;https://tesera.ru/game/parks/
2026-09-27;parks;PARKS;римейк;3;parks-second-edition;;https://tesera.ru/game/parks/
2026-09-27;pandemic;Пандемия;дополнение;0;pandemic-brink;Пандемия: На грани;https://tesera.ru/game/pandemic/
2026-09-27;pandemic;Пандемия;дополнение;1;pandemic-lab;Пандемия: В лаборатории;https://tesera.ru/game/pandemic/
2026-09-27;pandemic;Пандемия;в одной серии;2;Pandemic-The-Cure;;https://tesera.ru/game/pandemic/
2026-09-27;pandemic;Пандемия;дополнение;3;Pandemic-State-of-Emergency;;https://tesera.ru/game/pandemic/
2026-09-27;PANDEMIC-10TH-ANNIVERSARY;Pandemic: 10th Anniversary Edition;дополнение;0;pandemic-brink;Пандемия: На грани;https://tesera.ru/game/PANDEMIC-10TH-ANNIVERSARY/
2026-09-27;PANDEMIC-10TH-ANNIVERSARY;Pandemic: 10th Anniversary Edition;дополнение;1;pandemic-lab;Пандемия: В лаборатории;https://tesera.ru/game/PANDEMIC-10TH-ANNIVERSARY/
2026-09-27;PANDEMIC-10TH-ANNIVERSARY;Pandemic: 10th Anniversary Edition;дополнение;2;Pandemic-Legacy-s2;Пандемия: Наследие  — Второй сезон;https://tesera.ru/game/PANDEMIC-10TH-ANNIVERSARY/
2026-09-27;PANDEMIC-10TH-ANNIVERSARY;Pandemic: 10th Anniversary Edition;дополнение;3;Pandemic-promo-figures;;https://tesera.ru/game/PANDEMIC-10TH-ANNIVERSARY/
2026-09-27;targi;Targi;дополнение;0;targi-die-erweiterung;;https://tesera.ru/game/targi/
2026-09-27;targi;Targi;дополнение;1;targiactiontokens;;https://tesera.ru/game/targi/
2026-09-27;targi;Targi;дополнение;2;targialternativeboardercards;;https://tesera.ru/game/targi/
2026-09-27;targi;Targi;дополнение;3;targi-die-bonus-box;;https://tesera.ru/game/targi/
2026-09-27;magic-the-gathering;Magic: The Gathering;в одном мире;0;magic-the-gathering-strategy-board-game;;https://tesera.ru/game/magic-the-gathering/
2026-09-27;magic-the-gathering;Magic: The Gathering;в одной серии;1;magic-the-gathering;Magic: The Gathering;https://tesera.ru/game/magic-the-gathering/
2026-09-27;magic-the-gathering;Magic: The Gathering;в одной серии;2;magic-the-gathering;Magic: The Gathering;https://tesera.ru/game/magic-the-gathering/
2026-09-27;magic-the-gathering;Magic: The Gathering;исходная игра;3;magic-the-gathering;Magic: The Gathering;https://tesera.ru/game/magic-the-gathering/
2026-09-27;star-realms;Звёздные империи;дополнение;0;star-realms-promo-set-one;;https://tesera.ru/game/star-realms/
2026-09-27;star-realms;Звёздные империи;дополнение;1;star-realms-crisis-bases-battleships;;https://tesera.ru/game/star-realms/
2026-09-27;star-realms;Звёздные империи;дополнение;2;star-realms-crisis-fleets-fortresses;;https://tesera.ru/game/star-realms/
2026-09-27;star-realms;Звёздные империи;дополнение;3;star-realms-crisis-events;;https://tesera.ru/game/star-realms/
2026-09-27;terra-mystica-fire-ice;Terra Mystica: Fire & Ice;в одной серии;0;terra-mystica-big-box;;https://tesera.ru/game/terra-mystica-fire-ice/
2026-09-27;terra-mystica-fire-ice;Terra Mystica: Fire & Ice;исходная игра;1;Terra-Mystica;Терра мистика;https://tesera.ru/game/terra-mystica-fire-ice/
2026-09-27;Cartographers-A-Roll-Player-Tale;Картографы;в одной серии;0;roll-player;Путь героя;https://tesera.ru/game/Cartographers-A-Roll-Player-Tale/
2026-09-27;Cartographers-A-Roll-Player-Tale;Картографы;в одном мире;1;lockup-a-roll-player-tale;;https://tesera.ru/game/Cartographers-A-Roll-Player-Tale/
2026-09-27;Cartographers-A-Roll-Player-Tale;Картографы;дополнение;2;Der-Kartograph-Neue-Entdeckungen;;https://tesera.ru/game/Cartographers-A-Roll-Player-Tale/
2026-09-27;Cartographers-A-Roll-Player-Tale;Картографы;предшественница;3;cartographers-heroes;;https://tesera.ru/game/Cartographers-A-Roll-Player-Tale/
2026-09-27;Res-Arcana;Res Arcana;дополнение;0;res-arcana-lux-et-tenebrae;Res Arcana: Свет и Тьма;https://tesera.ru/game/Res-Arcana/
2026-09-27;Res-Arcana;Res Arcana;дополнение;1;res-arcana-perlae-imperii;Res Arcana: Жемчужная Империя;https://tesera.ru/game/Res-Arcana/
2026-09-27;Res-Arcana;Res Arcana;дополнение;2;res-arcana-alternative-mages-pack;;https://tesera.ru/game/Res-Arcana/
2026-09-27;Res-Arcana;Res Arcana;в одной серии;3;res-arcana-duo;;https://tesera.ru/game/Res-Arcana/
2026-09-27;forest-shuffle;Смешанный лес;дополнение;0;forest-shuffle-alpine-expansion;;https://tesera.ru/game/forest-shuffle/
2026-09-27;forest-shuffle;Смешанный лес;дополнение;1;forest-shuffle-woodland-edge;;https://tesera.ru/game/forest-shuffle/
2026-09-27;forest-shuffle;Смешанный лес;дополнение;2;forest-shuffle-exploration;;https://tesera.ru/game/forest-shuffle/
2026-09-27;forest-shuffle;Смешанный лес;в одной серии;3;forest-shuffle-dartmoor;;https://tesera.ru/game/forest-shuffle/
2026-09-27;ticket-ride-europe;Билет на поезд: Европа;дополнение;0;ticket-ride-europa-1912;;https://tesera.ru/game/ticket-ride-europe/
2026-09-27;ticket-ride-europe;Билет на поезд: Европа;в одной серии;1;ticket-to-ride;Ticket to Ride;https://tesera.ru/game/ticket-ride-europe/
2026-09-27;ticket-ride-europe;Билет на поезд: Европа;в одной серии;2;ticket-to-ride-nordic-countries;Билет на поезд: Северные страны;https://tesera.ru/game/ticket-ride-europe/
2026-09-27;ticket-ride-europe;Билет на поезд: Европа;дополнение;3;ticket-to-ride-switzerland;;https://tesera.ru/game/ticket-ride-europe/
2026-09-27;planet-unknown;Неизвестная планета;дополнение;0;planet-unknown-supermoon;;https://tesera.ru/game/planet-unknown/
2026-09-27;Undaunted-Normandy;Неустрашимые: Нормандия;в одном мире;0;tide-of-iron-normandy;;https://tesera.ru/game/Undaunted-Normandy/
2026-09-27;Undaunted-Normandy;Неустрашимые: Нормандия;в одном мире;1;normandy-44;Normandy '44;https://tesera.ru/game/Undaunted-Normandy/
2026-09-27;Undaunted-Normandy;Неустрашимые: Нормандия;в одном мире;2;lock-n-load-tactical-heroes-of-normandy;;https://tesera.ru/game/Undaunted-Normandy/
2026-09-27;Undaunted-Normandy;Неустрашимые: Нормандия;в одном мире;3;conflict-of-heroes-first-men-in-normandy-1944;;https://tesera.ru/game/Undaunted-Normandy/
2026-09-27;Carcassonne-Inns-and-Cathedrals;Каркассон. Таверны и Соборы;исходная игра;0;carcassonne;Каркассон;https://tesera.ru/game/Carcassonne-Inns-and-Cathedrals/
2026-09-27;Carcassonne-Inns-and-Cathedrals;Каркассон. Таверны и Соборы;дополнение;1;carcassonne-expansion-5-abbey-mayor;;https://tesera.ru/game/Carcassonne-Inns-and-Cathedrals/
2026-09-27;Carcassonne-Inns-and-Cathedrals;Каркассон. Таверны и Соборы;дополнение;2;carcassonne-river;;https://tesera.ru/game/Carcassonne-Inns-and-Cathedrals/
2026-09-27;Carcassonne-Inns-and-Cathedrals;Каркассон. Таверны и Соборы;исходная игра;3;Carcassonne-River-2;Каркассон. Река 2;https://tesera.ru/game/Carcassonne-Inns-and-Cathedrals/
2026-09-27;its-a-wonderful-world;Этот безумный мир;дополнение;0;its-a-wonderful-world-ascension;;https://tesera.ru/game/its-a-wonderful-world/
2026-09-27;its-a-wonderful-world;Этот безумный мир;в одной серии;1;its-a-wonderful-kingdom;;https://tesera.ru/game/its-a-wonderful-world/
2026-09-27;its-a-wonderful-world;Этот безумный мир;дополнение;2;its-a-wonderful-world-leisure-decadence;;https://tesera.ru/game/its-a-wonderful-world/
2026-09-27;its-a-wonderful-world;Этот безумный мир;дополнение;3;its-a-wonderful-world-war-or-peace;;https://tesera.ru/game/its-a-wonderful-world/
2026-09-27;terraforming-mars-ares-expedition;Покорение Марса. Экспедиция «Арес»;в одном мире;0;terraforming-mars;Покорение Марса;https://tesera.ru/game/terraforming-mars-ares-expedition/
2026-09-27;terraforming-mars-ares-expedition;Покорение Марса. Экспедиция «Арес»;дополнение;1;terraforming-mars-ares-expedition-crisis;;https://tesera.ru/game/terraforming-mars-ares-expedition/
2026-09-27;terraforming-mars-ares-expedition;Покорение Марса. Экспедиция «Арес»;дополнение;2;terraforming-mars-ares-expedition-discovery;;https://tesera.ru/game/terraforming-mars-ares-expedition/
2026-09-27;terraforming-mars-ares-expedition;Покорение Марса. Экспедиция «Арес»;дополнение;3;terraforming-mars-ares-expedition-foundations;;https://tesera.ru/game/terraforming-mars-ares-expedition/
2026-09-27;Istanbul;Стамбул;дополнение;0;Istanbul-Mokka-Bakschisch;;https://tesera.ru/game/Istanbul/
2026-09-27;Istanbul;Стамбул;дополнение;1;Istanbul-Kebab-Shop;;https://tesera.ru/game/Istanbul/
2026-09-27;Istanbul;Стамбул;дополнение;2;Istanbul-Brief-Siegel;;https://tesera.ru/game/Istanbul/
2026-09-27;Istanbul;Стамбул;в одной серии;3;Istanbul-Dice;;https://tesera.ru/game/Istanbul/
2026-09-27;Legendary-Encounters-An-Alien-Deck-Building-Game;Legendary Encounters: An Alien Deck-Building Game;в одной серии;0;Legendary-Encounters-A-Predator-Deck-Building-Game;;https://tesera.ru/game/Legendary-Encounters-An-Alien-Deck-Building-Game/
2026-09-27;Legendary-Encounters-An-Alien-Deck-Building-Game;Legendary Encounters: An Alien Deck-Building Game;в одной серии;1;legendary-encounters-a-firefly-deck-building-game;;https://tesera.ru/game/Legendary-Encounters-An-Alien-Deck-Building-Game/
2026-09-27;Legendary-Encounters-An-Alien-Deck-Building-Game;Legendary Encounters: An Alien Deck-Building Game;дополнение;2;legendary-encounters-an-alien-deck-building-game-expansion;;https://tesera.ru/game/Legendary-Encounters-An-Alien-Deck-Building-Game/
2026-09-27;Legendary-Encounters-An-Alien-Deck-Building-Game;Legendary Encounters: An Alien Deck-Building Game;в одной серии;3;legendary-buffy-the-vampire-slayer;;https://tesera.ru/game/Legendary-Encounters-An-Alien-Deck-Building-Game/
2026-09-27;Viscounts;Виконты западного королевства;в одном мире;0;architects-of-the-west-kingdom;Архитекторы западного королевства;https://tesera.ru/game/Viscounts/
2026-09-27;Viscounts;Виконты западного королевства;в одной серии;1;paladins-of-the-west-kingdom;Паладины Западного Королевства;https://tesera.ru/game/Viscounts/
2026-09-27;Viscounts;Виконты западного королевства;в одной серии;2;The-West-Kingdom-Tomesaga;;https://tesera.ru/game/Viscounts/
2026-09-27;Viscounts;Виконты западного королевства;дополнение;3;vikonty-zapadnogo-korolevstva-korol-den-promokarta;;https://tesera.ru/game/Viscounts/
2026-09-27;ganz-schn-clever;Хитрый ход;римейк;0;doppelt-so-clever;;https://tesera.ru/game/ganz-schn-clever/
2026-09-27;ganz-schn-clever;Хитрый ход;продолжение;1;clevercubed;;https://tesera.ru/game/ganz-schn-clever/
2026-09-27;ganz-schn-clever;Хитрый ход;римейк;2;clever-junior;;https://tesera.ru/game/ganz-schn-clever/
2026-09-27;ganz-schn-clever;Хитрый ход;в одной серии;3;clever-4ever;;https://tesera.ru/game/ganz-schn-clever/
2026-09-27;radlands;Radlands. Земля руин;в одной серии;0;radlands-super-deluxe-edition;;https://tesera.ru/game/radlands/
2026-09-27;radlands;Radlands. Земля руин;дополнение;1;radlands-cult-of-chrome;;https://tesera.ru/game/radlands/
2026-09-27;radlands;Radlands. Земля руин;в одной серии;2;radlands-zemlya-ruin-deluxe;;https://tesera.ru/game/radlands/
2026-09-27;scythe-game-board-extension-;Серп. Расширение игрового поля;исходная игра;0;scythe;Серп;https://tesera.ru/game/scythe-game-board-extension-/
2026-09-27;scythe-game-board-extension-;Серп. Расширение игрового поля;в одной серии;1;scythe-coins;Серп. Металлические монеты;https://tesera.ru/game/scythe-game-board-extension-/
2026-09-27;scythe-game-board-extension-;Серп. Расширение игрового поля;в одной серии;2;scythe-resources;Серп. Реалистичные ресурсы;https://tesera.ru/game/scythe-game-board-extension-/
2026-09-27;the-quacks-of-quedlinburg-the-herb-witches;Шарлатаны из Кведлинбурга: Ведьмы-травницы;исходная игра;0;die-quacksalber-von-quedlinburg;Шарлатаны из Кведлинбурга;https://tesera.ru/game/the-quacks-of-quedlinburg-the-herb-witches/
2026-09-27;the-quacks-of-quedlinburg-the-herb-witches;Шарлатаны из Кведлинбурга: Ведьмы-травницы;в одной серии;1;die-quacksalber-von-quedlinburg-die-alchemisten;Шарлатаны из Кведлинбурга: Алхимики;https://tesera.ru/game/the-quacks-of-quedlinburg-the-herb-witches/
2026-09-27;the-quacks-of-quedlinburg-the-herb-witches;Шарлатаны из Кведлинбурга: Ведьмы-травницы;в одной серии;2;the-quacks-of-quedlinburg-big-box;;https://tesera.ru/game/the-quacks-of-quedlinburg-the-herb-witches/
2026-09-27;the-quacks-of-quedlinburg-the-herb-witches;Шарлатаны из Кведлинбурга: Ведьмы-травницы;дополнение;3;the-quacks-of-quedlinburg-mega-box;;https://tesera.ru/game/the-quacks-of-quedlinburg-the-herb-witches/
2026-09-27;Legendary-Marvel-DBG-Dark-City;Legendary: Dark City;исходная игра;0;Legendary-Marvel-DBG;Legendary: A Marvel Deck Building Game;https://tesera.ru/game/Legendary-Marvel-DBG-Dark-City/
2026-09-27;Legendary-Marvel-DBG-Dark-City;Legendary: Dark City;в одной серии;1;legendary-fantastic-four;;https://tesera.ru/game/Legendary-Marvel-DBG-Dark-City/
2026-09-27;Legendary-Marvel-DBG-Dark-City;Legendary: Dark City;в одной серии;2;legendary-paint-the-town-red;;https://tesera.ru/game/Legendary-Marvel-DBG-Dark-City/
2026-09-27;Legendary-Marvel-DBG-Dark-City;Legendary: Dark City;в одной серии;3;legendary-civil-war;;https://tesera.ru/game/Legendary-Marvel-DBG-Dark-City/
2026-09-27;Welcome-To;Бумажные кварталы;предшественница;0;Welcome-to-New-Las-Vegas;;https://tesera.ru/game/Welcome-To/
2026-09-27;Welcome-To;Бумажные кварталы;дополнение;1;WelcomeToDoomsday;;https://tesera.ru/game/Welcome-To/
2026-09-27;Welcome-To;Бумажные кварталы;дополнение;2;WelcomeToHalloween;;https://tesera.ru/game/Welcome-To/
2026-09-27;Welcome-To;Бумажные кварталы;дополнение;3;WelcomeToWinter;;https://tesera.ru/game/Welcome-To/
2026-09-27;war-of-the-ring;War of the Ring;дополнение;0;war-of-the-ring-battles-of-the-third-age;;https://tesera.ru/game/war-of-the-ring/
2026-09-27;war-of-the-ring;War of the Ring;в одном мире;1;middle-earth-quest;;https://tesera.ru/game/war-of-the-ring/
2026-09-27;war-of-the-ring;War of the Ring;в одном мире;2;the-lord-of-the-rings-the-card-game;The Lord of the Rings LCG;https://tesera.ru/game/war-of-the-ring/
2026-09-27;war-of-the-ring;War of the Ring;дополнение;3;War-of-the-Ring-Lords-of-the-Middle-Earth;Война Кольца: Владыки Средиземья;https://tesera.ru/game/war-of-the-ring/
2026-09-27;meadow;Поляна;дополнение;0;meadow-robin-promo-card;;https://tesera.ru/game/meadow/
2026-09-27;meadow;Поляна;дополнение;1;meadow-envelope-p;;https://tesera.ru/game/meadow/
2026-09-27;meadow;Поляна;дополнение;2;meadow-cards-and-sleeves-pack;;https://tesera.ru/game/meadow/
2026-09-27;meadow;Поляна;дополнение;3;meadow-bigfoot-promocard;;https://tesera.ru/game/meadow/
2026-09-27;memoir44;Memoir '44;дополнение;0;memoir-44-eastern-front;;https://tesera.ru/game/memoir44/
2026-09-27;memoir44;Memoir '44;дополнение;1;memoir44-winter-desert-board-map;;https://tesera.ru/game/memoir44/
2026-09-27;memoir44;Memoir '44;дополнение;2;memoir-44-terrain-pack;;https://tesera.ru/game/memoir44/
2026-09-27;memoir44;Memoir '44;дополнение;3;Memoir-44-Campaign-Book-Volume-1;;https://tesera.ru/game/memoir44/
2026-09-27;the-red-cathedral;Красный Собор;дополнение;0;the-red-cathedral-contractors;;https://tesera.ru/game/the-red-cathedral/
2026-09-27;the-red-cathedral;Красный Собор;дополнение;1;the-red-cathedral-promo-1-the-thieves-guild;;https://tesera.ru/game/the-red-cathedral/
2026-09-27;the-red-cathedral;Красный Собор;дополнение;2;the-red-cathedral-contractors-promo-2;;https://tesera.ru/game/the-red-cathedral/
2026-09-27;the-red-cathedral;Красный Собор;в одной серии;3;the-white-castle;Белый Замок;https://tesera.ru/game/the-red-cathedral/
2026-09-27;Carcassonne-Traders-and-Builders;Каркассон. Купцы и зодчие;исходная игра;0;carcassonne;Каркассон;https://tesera.ru/game/Carcassonne-Traders-and-Builders/
2026-09-27;Carcassonne-Traders-and-Builders;Каркассон. Купцы и зодчие;исходная игра;1;carcassonne-big-box-3;Carcassonne: Big Box 3;https://tesera.ru/game/Carcassonne-Traders-and-Builders/
2026-09-27;Carcassonne-Traders-and-Builders;Каркассон. Купцы и зодчие;в одной серии;2;karkasson-korolevskii-podarok;Каркассон. Королевский Подарок;https://tesera.ru/game/Carcassonne-Traders-and-Builders/
2026-09-27;Carcassonne-Traders-and-Builders;Каркассон. Купцы и зодчие;исходная игра;3;carcassonne-big-box-2;Carcassonne: Big Box 2;https://tesera.ru/game/Carcassonne-Traders-and-Builders/
2026-09-27;sagrada;Саграда;дополнение;0;sagrada-promo4;;https://tesera.ru/game/sagrada/
2026-09-27;sagrada;Саграда;дополнение;1;sagrada-promo-6;;https://tesera.ru/game/sagrada/
2026-09-27;sagrada;Саграда;дополнение;2;sagrada-5-6-player-expansion;;https://tesera.ru/game/sagrada/
2026-09-27;sagrada;Саграда;дополнение;3;sagrada-the-great-facades-passion;;https://tesera.ru/game/sagrada/
2026-09-27;modern-art;Современное искусство;оригинал;0;modernart_oink;;https://tesera.ru/game/modern-art/
2026-09-27;space-base;Космобаза;дополнение;0;space-base-the-mysteries-of-terra-proxima;;https://tesera.ru/game/space-base/
2026-09-27;space-base;Космобаза;дополнение;1;space-base-the-emergence-of-shy-pluto;;https://tesera.ru/game/space-base/
2026-09-27;space-base;Космобаза;дополнение;2;space-base-command-station;;https://tesera.ru/game/space-base/
2026-09-27;space-base;Космобаза;дополнение;3;space-base-biodome;;https://tesera.ru/game/space-base/
2026-09-27;1cosmic-encounter;Cosmic Encounter;дополнение;0;Cosmic-Encounter-Cosmic-Incursion;Cosmic Encounter: Cosmic Incursion;https://tesera.ru/game/1cosmic-encounter/
2026-09-27;1cosmic-encounter;Cosmic Encounter;дополнение;1;cosmic-encounter-cosmic-conflict;;https://tesera.ru/game/1cosmic-encounter/
2026-09-27;1cosmic-encounter;Cosmic Encounter;дополнение;2;Cosmic-Encounter-Cosmic-Alliance;;https://tesera.ru/game/1cosmic-encounter/
2026-09-27;1cosmic-encounter;Cosmic Encounter;дополнение;3;Cosmic-Encounter-Cosmic-Storm;;https://tesera.ru/game/1cosmic-encounter/
2026-09-27;Agricola-Farmers-of-the-Moor;Agricola: Farmers of the Moor Expansion;исходная игра;0;agricola;Агрикола;https://tesera.ru/game/Agricola-Farmers-of-the-Moor/
2026-09-27;Agricola-Farmers-of-the-Moor;Agricola: Farmers of the Moor Expansion;в одном мире;1;agricola-family-edition;;https://tesera.ru/game/Agricola-Farmers-of-the-Moor/
2026-09-27;Agricola-Farmers-of-the-Moor;Agricola: Farmers of the Moor Expansion;римейк;2;Agricola-Moor-revised-edition;Агрикола: Фермеры с болот;https://tesera.ru/game/Agricola-Farmers-of-the-Moor/
2026-09-27;castles-of-mad-king-ludwig;Замки безумного короля Людвига;дополнение;0;Castles-of-Mad-King-Ludwig-Secrets;;https://tesera.ru/game/castles-of-mad-king-ludwig/
2026-09-27;castles-of-mad-king-ludwig;Замки безумного короля Людвига;в одном мире;1;between-two-castles-of-mad-king-ludwig;;https://tesera.ru/game/castles-of-mad-king-ludwig/
2026-09-27;castles-of-mad-king-ludwig;Замки безумного короля Людвига;в одной серии;2;the-palace-of-mad-king-ludwig;;https://tesera.ru/game/castles-of-mad-king-ludwig/
2026-09-27;castles-of-mad-king-ludwig;Замки безумного короля Людвига;римейк;3;castles-of-mad-king-ludwig-collectors-edition;;https://tesera.ru/game/castles-of-mad-king-ludwig/
2026-09-27;star-wars-the-deckbuilding-game;Star Wars: The Deckbuilding Game;в одной серии;0;star-wars-the-deckbuilding-game-clone-wars-edition;;https://tesera.ru/game/star-wars-the-deckbuilding-game/
2026-09-27;star-wars-the-deckbuilding-game;Star Wars: The Deckbuilding Game;исходная игра;1;2549690;Star Wars: The Deckbuilding Game – Mandalorian Faction Pack;https://tesera.ru/game/star-wars-the-deckbuilding-game/
2026-09-27;star-wars-the-deckbuilding-game;Star Wars: The Deckbuilding Game;дополнение;2;star-wars-the-deckbuilding-game;Star Wars: The Deckbuilding Game;https://tesera.ru/game/star-wars-the-deckbuilding-game/
2026-09-27;star-wars-the-deckbuilding-game;Star Wars: The Deckbuilding Game;дополнение;3;star-wars-the-deckbuilding-game;Star Wars: The Deckbuilding Game;https://tesera.ru/game/star-wars-the-deckbuilding-game/
2026-09-27;paleo;Палео;дополнение;0;paleo-uzhasnye-pticy;;https://tesera.ru/game/paleo/
2026-09-27;paleo;Палео;дополнение;1;paleo-der-initiationsritus;;https://tesera.ru/game/paleo/
2026-09-27;paleo;Палео;дополнение;2;paleo-ein-neuer-anfang;Палео: Новое начало;https://tesera.ru/game/paleo/
2026-09-27;paleo;Палео;дополнение;3;paleo-the-flash-of-wit;;https://tesera.ru/game/paleo/
2026-09-27;the-resistance-avalon;Сопротивление: Авалон;в одной серии;0;the-resistance;;https://tesera.ru/game/the-resistance-avalon/
2026-09-27;the-resistance-avalon;Сопротивление: Авалон;в одной серии;1;coup;;https://tesera.ru/game/the-resistance-avalon/
2026-09-27;the-resistance-avalon;Сопротивление: Авалон;в одной серии;2;resistance-3rd;;https://tesera.ru/game/the-resistance-avalon/
2026-09-27;the-resistance-avalon;Сопротивление: Авалон;оригинал;3;HiddenAgenda;;https://tesera.ru/game/the-resistance-avalon/
2026-09-27;Railroad-Tycoon;Railroad Tycoon;продолжение;0;Railways-of-the-World;Railways of the World;https://tesera.ru/game/Railroad-Tycoon/
2026-09-27;Railroad-Tycoon;Railroad Tycoon;дополнение;1;railways-of-europe;;https://tesera.ru/game/Railroad-Tycoon/
2026-09-27;Railroad-Tycoon;Railroad Tycoon;дополнение;2;railways-of-england-and-wales;;https://tesera.ru/game/Railroad-Tycoon/
2026-09-27;Railroad-Tycoon;Railroad Tycoon;дополнение;3;railways-of-the-western-us;;https://tesera.ru/game/Railroad-Tycoon/
2026-09-27;Horrified;Horrified;в одной серии;0;HorrifiedAmericanMonsters;;https://tesera.ru/game/Horrified/
2026-09-27;Horrified;Horrified;в одной серии;1;horrified-greek-monsters;;https://tesera.ru/game/Horrified/
2026-09-27;Horrified;Horrified;римейк;2;horrified-world-of-monsters;;https://tesera.ru/game/Horrified/
2026-09-27;Horrified;Horrified;в одной серии;3;horrified-dungeons-dragons;;https://tesera.ru/game/Horrified/
2026-09-27;dominion-dark-ages;Dominion: Dark Ages;предшественница;0;dominion;Доминион;https://tesera.ru/game/dominion-dark-ages/
2026-09-27;dominion-dark-ages;Dominion: Dark Ages;в одной серии;1;dominion-prosperity;Dominion: Prosperity;https://tesera.ru/game/dominion-dark-ages/
2026-09-27;dominion-dark-ages;Dominion: Dark Ages;предшественница;2;Dominion-Intrigue;Доминион: Интрига;https://tesera.ru/game/dominion-dark-ages/
2026-09-27;dominion-dark-ages;Dominion: Dark Ages;в одной серии;3;dominion-alchemy;;https://tesera.ru/game/dominion-dark-ages/
2026-09-27;carcassonne-big-box-3;Carcassonne: Big Box 3;исходная игра;0;carcassonne;Каркассон;https://tesera.ru/game/carcassonne-big-box-3/
2026-09-27;carcassonne-big-box-3;Carcassonne: Big Box 3;дополнение;1;Carcassonne-Inns-and-Cathedrals;Каркассон. Таверны и Соборы;https://tesera.ru/game/carcassonne-big-box-3/
2026-09-27;carcassonne-big-box-3;Carcassonne: Big Box 3;дополнение;2;Carcassonne-Traders-and-Builders;Каркассон. Купцы и зодчие;https://tesera.ru/game/carcassonne-big-box-3/
2026-09-27;carcassonne-big-box-3;Carcassonne: Big Box 3;дополнение;3;carcassonne-expansion-3-princess-dragon;;https://tesera.ru/game/carcassonne-big-box-3/
2026-09-27;carcassonne;Каркассон;в одной серии;0;carcassonne-hunters-and-gatherers;;https://tesera.ru/game/carcassonne/
2026-09-27;carcassonne;Каркассон;в одной серии;1;carcassonne-the-discovery;;https://tesera.ru/game/carcassonne/
2026-09-27;carcassonne;Каркассон;дополнение;2;carcassonne-expansion-8-bridges-castles-and-bazaar;;https://tesera.ru/game/carcassonne/
2026-09-27;carcassonne;Каркассон;в одной серии;3;carcassonne-the-castle;;https://tesera.ru/game/carcassonne/
2026-09-27;captain-sonar;Капитан Сонар;в одной серии;0;sonar;;https://tesera.ru/game/captain-sonar/
2026-09-27;captain-sonar;Капитан Сонар;дополнение;1;captain-sonar-upgrade-one;;https://tesera.ru/game/captain-sonar/
2026-09-27;captain-sonar;Капитан Сонар;дополнение;2;Captain-Sonar-Operation-Dragon;;https://tesera.ru/game/captain-sonar/
2026-09-27;captain-sonar;Капитан Сонар;дополнение;3;captain-sonar-chicago-map;;https://tesera.ru/game/captain-sonar/
2026-09-27;Splendor;Роскошь;дополнение;0;splendor-nobles-promo-tiles;;https://tesera.ru/game/Splendor/
2026-09-27;Splendor;Роскошь;дополнение;1;cities-of-splendor;;https://tesera.ru/game/Splendor/
2026-09-27;Splendor;Роскошь;в одной серии;2;splendor-marvel;;https://tesera.ru/game/Splendor/
2026-09-27;Splendor;Роскошь;в одной серии;3;splendor-duel;Роскошь. Дуэль;https://tesera.ru/game/Splendor/
2026-09-27;suburbia-2nd;Пригород;оригинал;0;suburbia;;https://tesera.ru/game/suburbia-2nd/
2026-09-27;suburbia-2nd;Пригород;дополнение;1;Suburbia-Collectors-Edition;;https://tesera.ru/game/suburbia-2nd/
2026-09-27;suburbia-2nd;Пригород;дополнение;2;suburbia-expansions-second-edition;;https://tesera.ru/game/suburbia-2nd/
2026-09-27;commands-and-colors-ancients;Commands & Colors: Ancients;дополнение;0;commands-colors-ancients-expansion-pack-3-the-roman-civil-wars;;https://tesera.ru/game/commands-and-colors-ancients/
2026-09-27;commands-and-colors-ancients;Commands & Colors: Ancients;дополнение;1;commands-colors-ancients-expansion-pack-2-rome-and-the;;https://tesera.ru/game/commands-and-colors-ancients/
2026-09-27;commands-and-colors-ancients;Commands & Colors: Ancients;дополнение;2;commandscolors-ancients-expansion-pack-1-greeks-and-eastern;;https://tesera.ru/game/commands-and-colors-ancients/
2026-09-27;commands-and-colors-ancients;Commands & Colors: Ancients;дополнение;3;commands-colors-ancients-expansion-pack-4-imperial-rome;;https://tesera.ru/game/commands-and-colors-ancients/
2026-09-27;village;Летопись;дополнение;0;village-customer-expansion;;https://tesera.ru/game/village/
2026-09-27;village;Летопись;дополнение;1;village-inn;;https://tesera.ru/game/village/
2026-09-27;village;Летопись;дополнение;2;Village-Port;;https://tesera.ru/game/village/
2026-09-27;village;Летопись;дополнение;3;village-customer-expansion2;;https://tesera.ru/game/village/
2026-09-27;andromedas-edge;Andromeda’s Edge;римейк;0;dwellings-of-eldervale;Dwellings of Eldervale;https://tesera.ru/game/andromedas-edge/
2026-09-27;andromedas-edge;Andromeda’s Edge;дополнение;1;andromedas-edge-escalation;;https://tesera.ru/game/andromedas-edge/
2026-09-27;andromedas-edge;Andromeda’s Edge;дополнение;2;andromedas-edge-the-dice-tower-promo-cards;;https://tesera.ru/game/andromedas-edge/
2026-09-27;andromedas-edge;Andromeda’s Edge;дополнение;3;andromedas-edge-genesis;;https://tesera.ru/game/andromedas-edge/
2026-09-27;aeons-end-legacy;Aeon's End: Legacy;в одном мире;0;aeons-end;Конец вечности;https://tesera.ru/game/aeons-end-legacy/
2026-09-27;aeons-end-legacy;Aeon's End: Legacy;в одном мире;1;aeons-end-the-depths;;https://tesera.ru/game/aeons-end-legacy/
2026-09-27;aeons-end-legacy;Aeon's End: Legacy;в одном мире;2;aeons-end-the-nameless;;https://tesera.ru/game/aeons-end-legacy/
2026-09-27;aeons-end-legacy;Aeon's End: Legacy;в одном мире;3;aeons-end-war-eternal;Конец вечности. Вечная война;https://tesera.ru/game/aeons-end-legacy/
2026-09-27;trickerion-collectors-edition;Trickerion: Collector's Edition;в одной серии;0;trickerion-dahlgaards-academy;;https://tesera.ru/game/trickerion-collectors-edition/
2026-09-27;trickerion-collectors-edition;Trickerion: Collector's Edition;дополнение;1;TrickerionDawnofTechnology;;https://tesera.ru/game/trickerion-collectors-edition/
2026-09-27;nemesis-terrain-expansion;Немезида: Набор ландшафта;исходная игра;0;nemesis;Немезида;https://tesera.ru/game/nemesis-terrain-expansion/
2026-09-27;nemesis-terrain-expansion;Немезида: Набор ландшафта;в одной серии;1;nemesis-blood-tests-deck;;https://tesera.ru/game/nemesis-terrain-expansion/
2026-09-27;nemesis-terrain-expansion;Немезида: Набор ландшафта;в одной серии;2;Nemesis-Spacecats;;https://tesera.ru/game/nemesis-terrain-expansion/
2026-09-27;nemesis-terrain-expansion;Немезида: Набор ландшафта;в одной серии;3;Nemesis-Void-Seeders;Немезида: Кошмары;https://tesera.ru/game/nemesis-terrain-expansion/
2026-09-27;Die-Tavernen-im-Tiefen-Thal;Таверны Тифенталя;дополнение;0;die-tavernen-im-tiefen-thal-zimmer-frei;;https://tesera.ru/game/Die-Tavernen-im-Tiefen-Thal/
2026-09-27;nidavellir;Нидавеллир;дополнение;0;nidavellir-thingvellir;;https://tesera.ru/game/nidavellir/
2026-09-27;nidavellir;Нидавеллир;дополнение;1;nidavellir-idavoll;;https://tesera.ru/game/nidavellir/
2026-09-27;nidavellir;Нидавеллир;дополнение;2;nidavellir-thingvellir-crovax-and-odroerir-promo-cards;;https://tesera.ru/game/nidavellir/
2026-09-27;nidavellir;Нидавеллир;римейк;3;nains;;https://tesera.ru/game/nidavellir/
2026-09-27;star-realms-colony-wars;Звёздные империи: Колониальные войны;предшественница;0;star-realms;Звёздные империи;https://tesera.ru/game/star-realms-colony-wars/
2026-09-27;star-realms-colony-wars;Звёздные империи: Колониальные войны;исходная игра;1;star-realms-year-one-promo-cards;Звёздные империи: Набор промокарт №1;https://tesera.ru/game/star-realms-colony-wars/
2026-09-27;star-realms-colony-wars;Звёздные империи: Колониальные войны;в одной серии;2;star-realms-deluxe-edition;;https://tesera.ru/game/star-realms-colony-wars/
2026-09-27;star-realms-colony-wars;Звёздные империи: Колониальные войны;в одной серии;3;star-realms-frontiers;Звёздные империи: Фронтир;https://tesera.ru/game/star-realms-colony-wars/
2026-09-27;ticket-to-ride;Ticket to Ride;в одной серии;0;ticket-to-ride-maerklin;Ticket to Ride: Märklin;https://tesera.ru/game/ticket-to-ride/
2026-09-27;ticket-to-ride;Ticket to Ride;в одной серии;1;ticket-ride-europe;Билет на поезд: Европа;https://tesera.ru/game/ticket-to-ride/
2026-09-27;ticket-to-ride;Ticket to Ride;в одной серии;2;ticket-to-ride-nordic-countries;Билет на поезд: Северные страны;https://tesera.ru/game/ticket-to-ride/
2026-09-27;ticket-to-ride;Ticket to Ride;дополнение;3;ticket-to-ride-usa-1910;Ticket to Ride: USA 1910;https://tesera.ru/game/ticket-to-ride/
2026-09-27;VoD-anniversary;Вампиры: Маскарад. Классические правила;оригинал;0;vampire-the-masquerade;;https://tesera.ru/game/VoD-anniversary/
2026-09-27;coimbra;Coimbra;дополнение;0;coimbra-royal-treatment;;https://tesera.ru/game/coimbra/
2026-09-27;coimbra;Coimbra;в одной серии;1;alma-mater;;https://tesera.ru/game/coimbra/
2026-09-27;under-falling-skies;Вторжение с небес;дополнение;0;under-falling-skies-berlin-city-promo-tile;;https://tesera.ru/game/under-falling-skies/
2026-09-27;under-falling-skies;Вторжение с небес;дополнение;1;under-falling-skies-essen-city-promo-tile;;https://tesera.ru/game/under-falling-skies/
2026-09-27;under-falling-skies;Вторжение с небес;дополнение;2;under-falling-skies-prague-city-promo-tile;;https://tesera.ru/game/under-falling-skies/
2026-09-27;under-falling-skies;Вторжение с небес;дополнение;3;under-falling-skies-cullompton-city-promo-tile;;https://tesera.ru/game/under-falling-skies/
2026-09-27;klask;КЛАСК;римейк;0;klask-4;;https://tesera.ru/game/klask/
2026-09-27;my-city;Мой город;в одной серии;0;My-City-Roll-and-Write;;https://tesera.ru/game/my-city/
2026-09-27;my-city;Мой город;в одной серии;1;my-island;;https://tesera.ru/game/my-city/
2026-09-27;calico;Котики;дополнение;0;calico-kickstarter-promo-cats;;https://tesera.ru/game/calico/
2026-09-27;calico;Котики;дополнение;1;calico-opposites-attract-tantrum-house-promo-tiles;;https://tesera.ru/game/calico/
2026-09-27;calico;Котики;в одной серии;2;knitting-circle;;https://tesera.ru/game/calico/
2026-09-27;camel-up-20;Camel Up (Русское издание);оригинал;0;Camel-Up;;https://tesera.ru/game/camel-up-20/
2026-09-27;camel-up-20;Camel Up (Русское издание);в одной серии;1;Camel-Up-Off-Season;;https://tesera.ru/game/camel-up-20/
2026-09-27;camel-up-20;Camel Up (Русское издание);в одной серии;2;Camel-Up-Cards;;https://tesera.ru/game/camel-up-20/
2026-09-27;camel-up-20;Camel Up (Русское издание);в одной серии;3;camel-up-the-card-game;;https://tesera.ru/game/camel-up-20/
2026-09-27;near-and-far;Дальше и ближе;предшественница;0;Above-and-Below;;https://tesera.ru/game/near-and-far/
2026-09-27;near-and-far;Дальше и ближе;в одном мире;1;Megaland;;https://tesera.ru/game/near-and-far/
2026-09-27;near-and-far;Дальше и ближе;в одной серии;2;roam;;https://tesera.ru/game/near-and-far/
2026-09-27;near-and-far;Дальше и ближе;дополнение;3;near-and-far-handy-headwear-promo-pack;;https://tesera.ru/game/near-and-far/
2026-09-27;Memoir44-The-Tactical-and-Strategic-Guide;Memoir '44: Tactics & Strategy Guide;исходная игра;0;memoir44;Memoir '44;https://tesera.ru/game/Memoir44-The-Tactical-and-Strategic-Guide/
2026-09-27;combat-commander-europe;Combat Commander: Europe;дополнение;0;combat-commander-battle-pack-3-normandy;;https://tesera.ru/game/combat-commander-europe/
2026-09-27;combat-commander-europe;Combat Commander: Europe;дополнение;1;combat-commander-stalingrad;;https://tesera.ru/game/combat-commander-europe/
2026-09-27;combat-commander-europe;Combat Commander: Europe;в одной серии;2;combat-commander-mediterranean;;https://tesera.ru/game/combat-commander-europe/
2026-09-27;combat-commander-europe;Combat Commander: Europe;в одной серии;3;combat-commander-pacific;;https://tesera.ru/game/combat-commander-europe/
2026-09-27;fantasy-realms;Волшебные королевства;дополнение;0;fantasy-realms-the-cursed-hoard;;https://tesera.ru/game/fantasy-realms/
2026-09-27;fantasy-realms;Волшебные королевства;в одной серии;1;fantasy-realms-deluxe;;https://tesera.ru/game/fantasy-realms/
2026-09-27;fantasy-realms;Волшебные королевства;дополнение;2;promo-karta-shut;;https://tesera.ru/game/fantasy-realms/
2026-09-27;fantasy-realms;Волшебные королевства;дополнение;3;fantasy-realms-phoenix;;https://tesera.ru/game/fantasy-realms/
2026-09-27;dinosaur-island;Остров юрского периода;дополнение;0;dinosaur-island-totally-liquid;;https://tesera.ru/game/dinosaur-island/
2026-09-27;dinosaur-island;Остров юрского периода;в одном мире;1;duelosaur-island;;https://tesera.ru/game/dinosaur-island/
2026-09-27;dinosaur-island;Остров юрского периода;в одном мире;2;dinosaur-world;;https://tesera.ru/game/dinosaur-island/
2026-09-27;dinosaur-island;Остров юрского периода;в одной серии;3;rawr;;https://tesera.ru/game/dinosaur-island/
2026-09-27;ThunderRoadVendetta;Thunder Road: Vendetta;в одной серии;0;thunder-road-vendetta-maximum-chrome;;https://tesera.ru/game/ThunderRoadVendetta/
2026-09-27;ThunderRoadVendetta;Thunder Road: Vendetta;дополнение;1;doroga-yarosti-vendetta;;https://tesera.ru/game/ThunderRoadVendetta/
2026-09-27;ThunderRoadVendetta;Thunder Road: Vendetta;дополнение;2;thunder-road-vendetta-carnival-of-chaos;;https://tesera.ru/game/ThunderRoadVendetta/
2026-09-27;la-granja;Ла-Гранха;в одной серии;0;No-Siesta;;https://tesera.ru/game/la-granja/
2026-09-27;la-granja;Ла-Гранха;римейк;1;la-granja-deluxe-master-set;Ла-Гранха. Коллекционное издание;https://tesera.ru/game/la-granja/
2026-09-27;la-granja;Ла-Гранха;в одной серии;2;el-burro-a-la-granja-game;;https://tesera.ru/game/la-granja/
2026-09-27;Codenames-duet;Кодовые имена. Дуэт;в одной серии;0;codenames;Кодовые имена;https://tesera.ru/game/Codenames-duet/
2026-09-27;Codenames-duet;Кодовые имена. Дуэт;в одной серии;1;codnames-pictures;;https://tesera.ru/game/Codenames-duet/
2026-09-27;Codenames-duet;Кодовые имена. Дуэт;в одной серии;2;codenames-deep-undercover;;https://tesera.ru/game/Codenames-duet/
2026-09-27;Codenames-duet;Кодовые имена. Дуэт;в одной серии;3;codenames-harry-potter;;https://tesera.ru/game/Codenames-duet/
2026-09-27;century-golem-edition;Century: Golem Edition;в одной серии;0;Century;Century. Пряности;https://tesera.ru/game/century-golem-edition/
2026-09-27;century-golem-edition;Century: Golem Edition;в одной серии;1;century-eastern-wonders;;https://tesera.ru/game/century-golem-edition/
2026-09-27;century-golem-edition;Century: Golem Edition;в одной серии;2;Century-A-New-World;;https://tesera.ru/game/century-golem-edition/
2026-09-27;century-golem-edition;Century: Golem Edition;в одной серии;3;century-golem-edition-eastern-mountains;;https://tesera.ru/game/century-golem-edition/
2026-09-27;Legendary-Marvel-DBG;Legendary: A Marvel Deck Building Game;дополнение;0;Legendary-Marvel-DBG-Dark-City;Legendary: Dark City;https://tesera.ru/game/Legendary-Marvel-DBG/
2026-09-27;Legendary-Marvel-DBG;Legendary: A Marvel Deck Building Game;дополнение;1;legendary-fantastic-four;;https://tesera.ru/game/Legendary-Marvel-DBG/
2026-09-27;Legendary-Marvel-DBG;Legendary: A Marvel Deck Building Game;дополнение;2;legendary-paint-the-town-red;;https://tesera.ru/game/Legendary-Marvel-DBG/
2026-09-27;Legendary-Marvel-DBG;Legendary: A Marvel Deck Building Game;дополнение;3;Legendary-Marvel-Villains-Deck-Building-Game;;https://tesera.ru/game/Legendary-Marvel-DBG/
2026-09-27;Hanamikoji;Путь лепестка;в одной серии;0;ultimatum-sindikata;;https://tesera.ru/game/Hanamikoji/
2026-09-27;Hanamikoji;Путь лепестка;в одной серии;1;sumerki-venezii;;https://tesera.ru/game/Hanamikoji/
2026-09-27;Hanamikoji;Путь лепестка;в одной серии;2;neptun-i-vesta;;https://tesera.ru/game/Hanamikoji/
2026-09-27;Hanamikoji;Путь лепестка;в одной серии;3;hanamikoji-geishas-road;;https://tesera.ru/game/Hanamikoji/
2026-09-27;faraway;Дальние дали;дополнение;0;faraway-people-from-below;;https://tesera.ru/game/faraway/
2026-09-27;faraway;Дальние дали;дополнение;1;faraway-sous-un-ciel-dtoiles;;https://tesera.ru/game/faraway/
2026-09-27;Deception-Murder-in-HongKong;Криминалист: Убийство в Гонконге;дополнение;0;deception-undercover-allies;;https://tesera.ru/game/Deception-Murder-in-HongKong/
2026-09-27;micromacro-crime-city;МикроМакро. Город Улик;в одной серии;0;micromacro-full-house-nadzemka;;https://tesera.ru/game/micromacro-crime-city/
2026-09-27;micromacro-crime-city;МикроМакро. Город Улик;в одной серии;1;micromacro-crime-city-all-in;;https://tesera.ru/game/micromacro-crime-city/
2026-09-27;micromacro-crime-city;МикроМакро. Город Улик;в одной серии;2;micromacro-crime-city-4;;https://tesera.ru/game/micromacro-crime-city/
2026-09-27;micromacro-crime-city;МикроМакро. Город Улик;дополнение;3;micromacro-crime-city-bonus-box;;https://tesera.ru/game/micromacro-crime-city/
2026-09-27;western-legends;Легенды Дикого Запада;дополнение;0;western-legends-ante-up;;https://tesera.ru/game/western-legends/
2026-09-27;western-legends;Легенды Дикого Запада;дополнение;1;western-legends-blood-money;;https://tesera.ru/game/western-legends/
2026-09-27;western-legends;Легенды Дикого Запада;римейк;2;western-legends-big-box;;https://tesera.ru/game/western-legends/
2026-09-27;western-legends;Легенды Дикого Запада;дополнение;3;western-legends-wild-bunch-extras;;https://tesera.ru/game/western-legends/
2026-09-27;sushi-go-party;Sushi Go Party!;оригинал;0;SushiGo;;https://tesera.ru/game/sushi-go-party/
2026-09-27;sushi-go-party;Sushi Go Party!;в одной серии;1;sgpsake;;https://tesera.ru/game/sushi-go-party/
2026-09-27;sushi-go-party;Sushi Go Party!;в одной серии;2;sgpsukeroku;;https://tesera.ru/game/sushi-go-party/
2026-09-27;sushi-go-party;Sushi Go Party!;в одном мире;3;SushiRoll;;https://tesera.ru/game/sushi-go-party/
2026-09-27;Zombicide-Black-Plague;Зомбицид. Чёрная чума;дополнение;0;Zombicide-Wulfsburg;;https://tesera.ru/game/Zombicide-Black-Plague/
2026-09-27;Zombicide-Black-Plague;Зомбицид. Чёрная чума;продолжение;1;Zombicide;;https://tesera.ru/game/Zombicide-Black-Plague/
2026-09-27;Zombicide-Black-Plague;Зомбицид. Чёрная чума;в одной серии;2;Zombicide-Season-Two-Prison-Outbreak;;https://tesera.ru/game/Zombicide-Black-Plague/
2026-09-27;Zombicide-Black-Plague;Зомбицид. Чёрная чума;в одной серии;3;Zombicide-Season-3-Rue-Morgue;;https://tesera.ru/game/Zombicide-Black-Plague/
2026-09-27;TickettoRideEurope15thAnniversary;Ticket to Ride: Европа. Юбилейное издание;оригинал;0;ticket-ride-europe;Билет на поезд: Европа;https://tesera.ru/game/TickettoRideEurope15thAnniversary/
2026-09-27;TickettoRideEurope15thAnniversary;Ticket to Ride: Европа. Юбилейное издание;в одной серии;1;ticket-to-ride-10th-anniversary-edition;Ticket to Ride: 10th Anniversary edition;https://tesera.ru/game/TickettoRideEurope15thAnniversary/
2026-09-27;TickettoRideEurope15thAnniversary;Ticket to Ride: Европа. Юбилейное издание;в одной серии;2;ticket-to-ride-northern-lights;;https://tesera.ru/game/TickettoRideEurope15thAnniversary/
2026-09-27;samurai;Samurai;в одной серии;0;babylonia;;https://tesera.ru/game/samurai/
2026-09-27;flamme-rouge;Крути педали;дополнение;0;flamme-rouge-peloton;;https://tesera.ru/game/flamme-rouge/
2026-09-27;flamme-rouge;Крути педали;дополнение;1;flamme-rouge-brettspiel-adventskalender-2017-promo;;https://tesera.ru/game/flamme-rouge/
2026-09-27;flamme-rouge;Крути педали;дополнение;2;flamme-rouge-team-trial;;https://tesera.ru/game/flamme-rouge/
2026-09-27;flamme-rouge;Крути педали;дополнение;3;flamme-rouge-meteo;;https://tesera.ru/game/flamme-rouge/
2026-09-27;vindication;Vindication;дополнение;0;vindication-leaders-and-alliances-expansion;;https://tesera.ru/game/vindication/
2026-09-27;vindication;Vindication;дополнение;1;vindication-community-promo-pack;;https://tesera.ru/game/vindication/
2026-09-27;vindication;Vindication;дополнение;2;vindication-tuuk-tuuk-boulder-hulk-miniature;;https://tesera.ru/game/vindication/
2026-09-27;vindication;Vindication;дополнение;3;vindication-chronicles;;https://tesera.ru/game/vindication/
2026-09-27;Isle-of-Skye;Остров Скай;дополнение;0;isle-of-skye-journeyman;;https://tesera.ru/game/Isle-of-Skye/
2026-09-27;Isle-of-Skye;Остров Скай;дополнение;1;isle-of-skye-adjacency-scrolls;;https://tesera.ru/game/Isle-of-Skye/
2026-09-27;Isle-of-Skye;Остров Скай;дополнение;2;isle-of-skye-druids;;https://tesera.ru/game/Isle-of-Skye/
2026-09-27;Isle-of-Skye;Остров Скай;дополнение;3;isle-of-skye-from-chieftain-to-king;;https://tesera.ru/game/Isle-of-Skye/
2026-09-27;glory-to-rome;Glory to Rome;римейк;0;uchronia;;https://tesera.ru/game/glory-to-rome/
2026-09-27;glory-to-rome;Glory to Rome;римейк;1;mottainai;;https://tesera.ru/game/glory-to-rome/
2026-09-27;roll-player;Путь героя;дополнение;0;roll-player-monsters-and-minions;Путь героя. Чудовища и приспешники;https://tesera.ru/game/roll-player/
2026-09-27;roll-player;Путь героя;в одном мире;1;lockup-a-roll-player-tale;;https://tesera.ru/game/roll-player/
2026-09-27;roll-player;Путь героя;дополнение;2;roll-player-fiends-familiars;;https://tesera.ru/game/roll-player/
2026-09-27;roll-player;Путь героя;в одной серии;3;Cartographers-A-Roll-Player-Tale;Картографы;https://tesera.ru/game/roll-player/
2026-09-27;princes-of-florence;Правители Флоренции;оригинал;0;The-Princes-of-Florence;The Princes of Florence;https://tesera.ru/game/princes-of-florence/
2026-09-27;The-Princes-of-Florence;The Princes of Florence;исходная игра;0;alea-treasure-chest;Treasure Chest;https://tesera.ru/game/The-Princes-of-Florence/
2026-09-27;The-Princes-of-Florence;The Princes of Florence;римейк;1;princes-of-florence;Правители Флоренции;https://tesera.ru/game/The-Princes-of-Florence/
2026-09-27;King-of-Tokyo-Power-Up;Повелитель Токио: Подзарядка!;исходная игра;0;king-of-tokyo;Повелитель Токио;https://tesera.ru/game/King-of-Tokyo-Power-Up/
2026-09-27;King-of-Tokyo-Power-Up;Повелитель Токио: Подзарядка!;в одной серии;1;King-of-Tokyo-Halloween;;https://tesera.ru/game/King-of-Tokyo-Power-Up/
2026-09-27;King-of-Tokyo-Power-Up;Повелитель Токио: Подзарядка!;в одной серии;2;king-of-tokyo-brockenbar;;https://tesera.ru/game/King-of-Tokyo-Power-Up/
2026-09-27;King-of-Tokyo-Power-Up;Повелитель Токио: Подзарядка!;в одном мире;3;kingoftokyollutoborscht;;https://tesera.ru/game/King-of-Tokyo-Power-Up/
2026-09-27;tapestry;Эпохи;дополнение;0;tapestry-plans-ploys;;https://tesera.ru/game/tapestry/
2026-09-27;tapestry;Эпохи;дополнение;1;tapestry-arts-and-architecture;;https://tesera.ru/game/tapestry/
2026-09-27;tapestry;Эпохи;дополнение;2;tapestry-fantasies-and-futures;;https://tesera.ru/game/tapestry/
2026-09-27;bitvy-geroyev;Битвы героев;оригинал;0;star-realms;Звёздные империи;https://tesera.ru/game/bitvy-geroyev/
2026-09-27;bitvy-geroyev;Битвы героев;в одной серии;1;Cthulhu-Realms;;https://tesera.ru/game/bitvy-geroyev/
2026-09-27;bitvy-geroyev;Битвы героев;дополнение;2;hero-realms-the-ruin-of-thandar-campaign-deck;;https://tesera.ru/game/bitvy-geroyev/
2026-09-27;bitvy-geroyev;Битвы героев;дополнение;3;hero-realms-boss-deck-the-dragon;;https://tesera.ru/game/bitvy-geroyev/
2026-09-27;kanban;Kanban: Driver's Edition;оригинал;0;kanban-automotive-revolution;Kanban: Automotive Revolution;https://tesera.ru/game/kanban/
2026-09-27;kanban;Kanban: Driver's Edition;в одном мире;1;kanbanev;Канбан. Электро;https://tesera.ru/game/kanban/
2026-09-27;kanban-automotive-revolution;Kanban: Automotive Revolution;римейк;0;kanban;Kanban: Driver's Edition;https://tesera.ru/game/kanban-automotive-revolution/
2026-09-27;kanban-automotive-revolution;Kanban: Automotive Revolution;в одном мире;1;kanbanev;Канбан. Электро;https://tesera.ru/game/kanban-automotive-revolution/
2026-09-27;santorini;Santorini;дополнение;0;santorini-golden-fleece;;https://tesera.ru/game/santorini/
2026-09-27;santorini;Santorini;оригинал;1;santorini-1e-izdaniye;;https://tesera.ru/game/santorini/
2026-09-27;santorini;Santorini;в одной серии;2;santorini-new-york;;https://tesera.ru/game/santorini/
2026-09-27;santorini;Santorini;в одном мире;3;yokai-sketch;;https://tesera.ru/game/santorini/
2026-09-27;anno-1800;Anno 1800;дополнение;0;anno-1800-exp-1;;https://tesera.ru/game/anno-1800/
2026-09-27;Goa;Goa;римейк;0;2600763;;https://tesera.ru/game/Goa/
2026-09-27;ultimate-railroads;Ultimate Railroads;оригинал;0;american-railroad;;https://tesera.ru/game/ultimate-railroads/
2026-09-27;ultimate-railroads;Ultimate Railroads;оригинал;1;rrr-german-railroads;;https://tesera.ru/game/ultimate-railroads/
2026-09-27;ultimate-railroads;Ultimate Railroads;оригинал;2;Russian-Railroads-mini-exp;;https://tesera.ru/game/ultimate-railroads/
2026-09-27;ultimate-railroads;Ultimate Railroads;оригинал;3;russian-railroads-juri-dreigleisky;;https://tesera.ru/game/ultimate-railroads/
2026-09-27;kemet-blood-and-sand;Кемет: Кровь и песок;оригинал;0;kemet;Кемет;https://tesera.ru/game/kemet-blood-and-sand/
2026-09-27;kemet-blood-and-sand;Кемет: Кровь и песок;дополнение;1;kemet-blood-and-sand-book-of-the-dead;;https://tesera.ru/game/kemet-blood-and-sand/
2026-09-27;kemet-blood-and-sand;Кемет: Кровь и песок;дополнение;2;kemet-rise-of-the-gods;;https://tesera.ru/game/kemet-blood-and-sand/
2026-09-27;Shogun;Shogun;дополнение;0;shogun-tennos-court;;https://tesera.ru/game/Shogun/
2026-09-27;Shogun;Shogun;в одной серии;1;shogun-big-box;;https://tesera.ru/game/Shogun/
2026-09-27;Shogun;Shogun;римейк;2;immortals;;https://tesera.ru/game/Shogun/
2026-09-27;Shogun;Shogun;римейк;3;wallenstein-second-edition;;https://tesera.ru/game/Shogun/
2026-09-27;parks-nightfall-expansion;PARKS: Nightfall Expansion;исходная игра;0;parks;PARKS;https://tesera.ru/game/parks-nightfall-expansion/
2026-09-27;parks-nightfall-expansion;PARKS: Nightfall Expansion;в одной серии;1;parks-wildlife;;https://tesera.ru/game/parks-nightfall-expansion/
2026-09-27;skull-king;Skull King;в одной серии;0;SkullKing-dicegame;;https://tesera.ru/game/skull-king/
2026-09-27;skull-king;Skull King;римейк;1;skullking2;;https://tesera.ru/game/skull-king/
2026-09-27;galaxy-trucker;Космические дальнобойщики;дополнение;0;Galaxy-Trucker-The-Big-Expansion;;https://tesera.ru/game/galaxy-trucker/
2026-09-27;galaxy-trucker;Космические дальнобойщики;дополнение;1;Galaxy-Trucker-Rough-Road-Ahead;;https://tesera.ru/game/galaxy-trucker/
2026-09-27;galaxy-trucker;Космические дальнобойщики;дополнение;2;galaxy-trucker-abe;;https://tesera.ru/game/galaxy-trucker/
2026-09-27;galaxy-trucker;Космические дальнобойщики;оригинал;3;galaxy-trucker-anniversary-edition;;https://tesera.ru/game/galaxy-trucker/
2026-09-27;scythe-the-wind-gambit;Серп. Небесный гамбит;исходная игра;0;scythe;Серп;https://tesera.ru/game/scythe-the-wind-gambit/
2026-09-27;scythe-the-wind-gambit;Серп. Небесный гамбит;в одной серии;1;scythe-invaders-from-afar;Серп. Захватчики из далеких земель;https://tesera.ru/game/scythe-the-wind-gambit/
2026-09-27;scythe-the-wind-gambit;Серп. Небесный гамбит;в одной серии;2;serp-komplekt-promokart-1-18-kart;Серп. Комплект промокарт №1 (18 карт);https://tesera.ru/game/scythe-the-wind-gambit/
2026-09-27;scythe-the-wind-gambit;Серп. Небесный гамбит;в одной серии;3;scythe-the-rise-of-fenris;Серп. Восхождение Фенриса;https://tesera.ru/game/scythe-the-wind-gambit/
2026-09-27;tzolkin-tribes-prophecies;Цолькин: Календарь майя – Племена и пророчества;исходная игра;0;tzolkin-the-mayan-calendar;Цолькин: Календарь Майя;https://tesera.ru/game/tzolkin-tribes-prophecies/
2026-09-27;tzolkin-tribes-prophecies;Цолькин: Календарь майя – Племена и пророчества;дополнение;1;Tzolkin-1;;https://tesera.ru/game/tzolkin-tribes-prophecies/
2026-09-27;tzolkin-tribes-prophecies;Цолькин: Календарь майя – Племена и пророчества;дополнение;2;Tzolkin-2;;https://tesera.ru/game/tzolkin-tribes-prophecies/
2026-09-27;tzolkin-tribes-prophecies;Цолькин: Календарь майя – Племена и пророчества;дополнение;3;tzolkin-the-mayan-calendar-tribes-prophecies-mini-expansion1;;https://tesera.ru/game/tzolkin-tribes-prophecies/
2026-09-27;viticulture;Виноделие;оригинал;0;viticulture-complete-collectors-edition;;https://tesera.ru/game/viticulture/
2026-09-27;viticulture;Виноделие;дополнение;1;tuscany-expand-the-world-of-viticulture;;https://tesera.ru/game/viticulture/
2026-09-27;viticulture;Виноделие;продолжение;2;Viticulture-Essential-Edition;Viticulture Essential edition;https://tesera.ru/game/viticulture/
2026-09-27;viticulture;Виноделие;дополнение;3;Viticulture-Moor-Visitors;;https://tesera.ru/game/viticulture/
2026-09-27;Aeons-End-The-New-Age;Aeon's End: The New Age;в одной серии;0;aeons-end;Конец вечности;https://tesera.ru/game/Aeons-End-The-New-Age/
2026-09-27;Aeons-End-The-New-Age;Aeon's End: The New Age;в одной серии;1;aeons-end-war-eternal;Конец вечности. Вечная война;https://tesera.ru/game/Aeons-End-The-New-Age/
2026-09-27;Aeons-End-The-New-Age;Aeon's End: The New Age;в одной серии;2;aeons-end-legacy;Aeon's End: Legacy;https://tesera.ru/game/Aeons-End-The-New-Age/
2026-09-27;Aeons-End-The-New-Age;Aeon's End: The New Age;дополнение;3;aeons-end-shattered-dreams;;https://tesera.ru/game/Aeons-End-The-New-Age/
2026-09-27;endless-winter-paleoamericans;Вечная зима: Палеоиндейцы;дополнение;0;EndlessWinterAncestors;;https://tesera.ru/game/endless-winter-paleoamericans/
2026-09-27;endless-winter-paleoamericans;Вечная зима: Палеоиндейцы;дополнение;1;vechnaya-zima-reki-i-lodki;;https://tesera.ru/game/endless-winter-paleoamericans/
2026-09-27;endless-winter-paleoamericans;Вечная зима: Палеоиндейцы;дополнение;2;vechnaya-zima-naskalnyye-risunki;;https://tesera.ru/game/endless-winter-paleoamericans/
2026-09-27;endless-winter-paleoamericans;Вечная зима: Палеоиндейцы;дополнение;3;vechnaya-zima-vernyye-druzya;;https://tesera.ru/game/endless-winter-paleoamericans/
2026-09-27;star-realms-frontiers;Звёздные империи: Фронтир;в одной серии;0;star-realms;Звёздные империи;https://tesera.ru/game/star-realms-frontiers/
2026-09-27;star-realms-frontiers;Звёздные империи: Фронтир;в одной серии;1;star-realms-colony-wars;Звёздные империи: Колониальные войны;https://tesera.ru/game/star-realms-frontiers/
2026-09-27;star-realms-frontiers;Звёздные империи: Фронтир;в одной серии;2;star-realms-seeker-promo-card;;https://tesera.ru/game/star-realms-frontiers/
2026-09-27;star-realms-frontiers;Звёздные империи: Фронтир;в одной серии;3;star-realms-deluxe-edition;;https://tesera.ru/game/star-realms-frontiers/
2026-09-27;marvelunited;Marvel United;продолжение;0;marvel-united-x-men;;https://tesera.ru/game/marvelunited/
2026-09-27;marvelunited;Marvel United;дополнение;1;Marvel-United-Enter-the-Spider-Verse;;https://tesera.ru/game/marvelunited/
2026-09-27;marvelunited;Marvel United;дополнение;2;Marvel-United-Guardians-of-the-Galaxy-Remix;;https://tesera.ru/game/marvelunited/
2026-09-27;marvelunited;Marvel United;дополнение;3;Marvel-United-Return-of-the-Sinister-Six;;https://tesera.ru/game/marvelunited/
2026-09-27;foundations-of-rome;Foundations of Rome;в одной серии;0;foundations-of-metropolis;;https://tesera.ru/game/foundations-of-rome/
2026-09-27;Bora-Bora;Bora Bora;дополнение;0;bora-borathe-1st-expansion-orange-god-tiles-2013;;https://tesera.ru/game/Bora-Bora/
2026-09-27;Bora-Bora;Bora Bora;римейк;1;cuzco-2023;;https://tesera.ru/game/Bora-Bora/
2026-09-27;kingdomino;Лоскутное королевство;в одной серии;0;queendomino;;https://tesera.ru/game/kingdomino/
2026-09-27;kingdomino;Лоскутное королевство;дополнение;1;kingdomino-age-of-giants;;https://tesera.ru/game/kingdomino/
2026-09-27;kingdomino;Лоскутное королевство;в одной серии;2;Kingdomino-Duel;;https://tesera.ru/game/kingdomino/
2026-09-27;kingdomino;Лоскутное королевство;римейк;3;kingdomino-origins;;https://tesera.ru/game/kingdomino/
2026-09-27;oath-chronicles-of-empire-and-exile;Обет. Хроники завоеваний и изгнаний;дополнение;0;oath-chronicles-of-empire-and-exile-deluxe-component-set;;https://tesera.ru/game/oath-chronicles-of-empire-and-exile/
2026-09-27;oath-chronicles-of-empire-and-exile;Обет. Хроники завоеваний и изгнаний;дополнение;1;oath-chronicles-of-empire-and-exile-chronicle-journal;;https://tesera.ru/game/oath-chronicles-of-empire-and-exile/
2026-09-27;oath-chronicles-of-empire-and-exile;Обет. Хроники завоеваний и изгнаний;дополнение;2;oath-new-foundations;;https://tesera.ru/game/oath-chronicles-of-empire-and-exile/
2026-09-27;Cosmic-Encounter-Cosmic-Incursion;Cosmic Encounter: Cosmic Incursion;исходная игра;0;1cosmic-encounter;Cosmic Encounter;https://tesera.ru/game/Cosmic-Encounter-Cosmic-Incursion/
2026-09-27;Cosmic-Encounter-Cosmic-Incursion;Cosmic Encounter: Cosmic Incursion;исходная игра;1;CosmicEncounter42nd;Космический контакт;https://tesera.ru/game/Cosmic-Encounter-Cosmic-Incursion/
2026-09-27;lost-ruins-of-arnak-the-missing-expedition;Руины острова Арнак: Пропавшая экспедиция;исходная игра;0;lost-ruins-arnak;Руины острова Арнак;https://tesera.ru/game/lost-ruins-of-arnak-the-missing-expedition/
2026-09-27;lost-ruins-of-arnak-the-missing-expedition;Руины острова Арнак: Пропавшая экспедиция;в одной серии;1;lost-ruins-arnak-expedition-leaders;Руины острова Арнак: Лидеры экспедиции;https://tesera.ru/game/lost-ruins-of-arnak-the-missing-expedition/
2026-09-27;lost-ruins-of-arnak-the-missing-expedition;Руины острова Арнак: Пропавшая экспедиция;в одной серии;2;ruiny-ostrova-arnak-neizvestnyye-iskateli-priklyucheny;;https://tesera.ru/game/lost-ruins-of-arnak-the-missing-expedition/
2026-09-27;lost-ruins-of-arnak-the-missing-expedition;Руины острова Арнак: Пропавшая экспедиция;в одной серии;3;lost-ruins-of-arnak-adventure-chest;;https://tesera.ru/game/lost-ruins-of-arnak-the-missing-expedition/
2026-09-27;battle-line;Баталия;оригинал;0;schotten-totten;;https://tesera.ru/game/battle-line/
2026-09-27;battle-line;Баталия;в одной серии;1;schotten-totten-2;;https://tesera.ru/game/battle-line/
2026-09-27;battle-line;Баталия;дополнение;2;bataliya-promo-karta-s-pravilami-dlya-igry-vtroyem;;https://tesera.ru/game/battle-line/
2026-09-27;Chronicles-of-Crime;Место преступления;дополнение;0;Chronicles-of-Crime-Noir;;https://tesera.ru/game/Chronicles-of-Crime/
2026-09-27;Chronicles-of-Crime;Место преступления;дополнение;1;chronicles-of-crime-welcome-to-redview;;https://tesera.ru/game/Chronicles-of-Crime/
2026-09-27;Chronicles-of-Crime;Место преступления;дополнение;2;chronicles-of-crime-1400;;https://tesera.ru/game/Chronicles-of-Crime/
2026-09-27;Chronicles-of-Crime;Место преступления;дополнение;3;chronicles-of-crime-2400;;https://tesera.ru/game/Chronicles-of-Crime/
2026-09-27;Steam;Steam. Железнодорожный магнат;дополнение;0;Steam-Barons;;https://tesera.ru/game/Steam/
2026-09-27;Steam;Steam. Железнодорожный магнат;дополнение;1;steam-expansion-sardinia;;https://tesera.ru/game/Steam/
2026-09-27;Steam;Steam. Железнодорожный магнат;дополнение;2;steam-expansion-sicily-malta;;https://tesera.ru/game/Steam/
2026-09-27;Steam;Steam. Железнодорожный магнат;оригинал;3;age-of-steam;Age of Steam;https://tesera.ru/game/Steam/
2026-09-27;hive;Улей;дополнение;0;hive-the-mosquito;;https://tesera.ru/game/hive/
2026-09-27;hive;Улей;дополнение;1;hive-the-ladybug;;https://tesera.ru/game/hive/
2026-09-27;hive;Улей;в одной серии;2;hive-carbon;Улей Карбон;https://tesera.ru/game/hive/
2026-09-27;hive;Улей;в одной серии;3;hive-pocket;Улей (дорожная версия);https://tesera.ru/game/hive/
2026-09-27;Ethnos;Этнос;дополнение;0;etnos-fei;;https://tesera.ru/game/Ethnos/
2026-09-27;Ethnos;Этнос;римейк;1;archeos-society;;https://tesera.ru/game/Ethnos/
2026-09-27;Ethnos;Этнос;римейк;2;ethnos-2nd-edition;;https://tesera.ru/game/Ethnos/
2026-09-27;rokoko;Рококо;дополнение;0;Rococo-Jewelry-Box;;https://tesera.ru/game/rokoko/
2026-09-27;rokoko;Рококо;в одной серии;1;rococo;Rococo Deluxe;https://tesera.ru/game/rokoko/
2026-09-27;rokoko;Рококо;в одной серии;2;rococodeluxeexperttailoring;;https://tesera.ru/game/rokoko/
2026-09-27;rokoko;Рококо;дополнение;3;2561275;;https://tesera.ru/game/rokoko/
2026-09-27;dice-throne-season-two;Dice Throne: Season Two;предшественница;0;dice-throne;;https://tesera.ru/game/dice-throne-season-two/
2026-09-27;dice-throne-season-two;Dice Throne: Season Two;в одной серии;1;dice-throne-adventures;;https://tesera.ru/game/dice-throne-season-two/
2026-09-27;dice-throne-season-two;Dice Throne: Season Two;исходная игра;2;Dice-Throne-Season-1-rerolled;Dice Throne: Season 1 ReRolled;https://tesera.ru/game/dice-throne-season-two/
2026-09-27;dice-throne-season-two;Dice Throne: Season Two;в одной серии;3;dice-throne-pyromancer-vs-shadow-thief;;https://tesera.ru/game/dice-throne-season-two/
2026-09-27;forgotten-waters-dlc-1-krakens-eye;Forgotten Waters DLC 1: Kraken's Eye;исходная игра;0;forgotten-waters;Забытые моря;https://tesera.ru/game/forgotten-waters-dlc-1-krakens-eye/
2026-09-27;forgotten-waters;Забытые моря;дополнение;0;forgotten-waters-dlc-1-krakens-eye;Forgotten Waters DLC 1: Kraken's Eye;https://tesera.ru/game/forgotten-waters/
2026-09-27;love-letter-2019-edition;Тайное послание 2019;в одной серии;0;Love-Letter;Тайное послание;https://tesera.ru/game/love-letter-2019-edition/
2026-09-27;love-letter-2019-edition;Тайное послание 2019;оригинал;1;Love-Letter-Premium;;https://tesera.ru/game/love-letter-2019-edition/
2026-09-27;love-letter-2019-edition;Тайное послание 2019;в одной серии;2;lovecraft-letter;;https://tesera.ru/game/love-letter-2019-edition/
2026-09-27;love-letter-2019-edition;Тайное послание 2019;в одной серии;3;Love-Letter-2025;;https://tesera.ru/game/love-letter-2019-edition/
2026-09-27;time-stories;Агентство «ВРЕМЯ»;в одной серии;0;the-marcy-case;;https://tesera.ru/game/time-stories/
2026-09-27;time-stories;Агентство «ВРЕМЯ»;в одной серии;1;time-stories-under-the-mask;;https://tesera.ru/game/time-stories/
2026-09-27;time-stories;Агентство «ВРЕМЯ»;в одной серии;2;time-stories-a-prophecy-of-dragons;;https://tesera.ru/game/time-stories/
2026-09-27;time-stories;Агентство «ВРЕМЯ»;в одной серии;3;time-stories-expedition-endurance;;https://tesera.ru/game/time-stories/
2026-09-27;the-witcher-old-world;Ведьмак: Старый мир;в одном мире;0;TheWitcherTRPG;;https://tesera.ru/game/the-witcher-old-world/
2026-09-27;the-witcher-old-world;Ведьмак: Старый мир;в одном мире;1;The-Witcher-Adventure-Game;;https://tesera.ru/game/the-witcher-old-world/
2026-09-27;the-witcher-old-world;Ведьмак: Старый мир;в одном мире;2;the-witcher-the-andventure-card-game;;https://tesera.ru/game/the-witcher-old-world/
2026-09-27;the-witcher-old-world;Ведьмак: Старый мир;дополнение;3;the-witcher-old-world-legendary-hunt;;https://tesera.ru/game/the-witcher-old-world/
2026-09-27;dixit-odyssey;Диксит Одиссея;дополнение;0;Dixit-2;Диксит 2: Открытие (2010);https://tesera.ru/game/dixit-odyssey/
2026-09-27;dixit-odyssey;Диксит Одиссея;в одной серии;1;Dixit-Jinx;;https://tesera.ru/game/dixit-odyssey/
2026-09-27;dixit-odyssey;Диксит Одиссея;дополнение;2;Dixit-3;;https://tesera.ru/game/dixit-odyssey/
2026-09-27;dixit-odyssey;Диксит Одиссея;римейк;3;dixit-odyssey-expansion;;https://tesera.ru/game/dixit-odyssey/
2026-09-27;catan-cities-knights;Колонизаторы: Города и рыцари. Четвёртое издание;исходная игра;0;the-settlers-of-catan;Колонизаторы;https://tesera.ru/game/catan-cities-knights/
2026-09-27;catan-cities-knights;Колонизаторы: Города и рыцари. Четвёртое издание;дополнение;1;catan-cities-and-knights-5-6-player-extension;;https://tesera.ru/game/catan-cities-knights/
2026-09-27;catan-cities-knights;Колонизаторы: Города и рыцари. Четвёртое издание;в одной серии;2;catan-seafarers;;https://tesera.ru/game/catan-cities-knights/
2026-09-27;catan-cities-knights;Колонизаторы: Города и рыцари. Четвёртое издание;в одной серии;3;catan-traders-and-barbarians;;https://tesera.ru/game/catan-cities-knights/
2026-09-27;telestrations;Испорченный телефон;в одной серии;0;telestrations-party-pack;;https://tesera.ru/game/telestrations/
2026-09-27;telestrations;Испорченный телефон;в одной серии;1;telestrations-after-dark;;https://tesera.ru/game/telestrations/
2026-09-27;telestrations;Испорченный телефон;в одной серии;2;Telestrations-Upside-Drawn;;https://tesera.ru/game/telestrations/
2026-09-27;lost-cities;Затерянные города;римейк;0;keltis;;https://tesera.ru/game/lost-cities/
2026-09-27;lost-cities;Затерянные города;римейк;1;keltis-the-card-game;;https://tesera.ru/game/lost-cities/
2026-09-27;lost-cities;Затерянные города;римейк;2;lost-cities-the-board-game;;https://tesera.ru/game/lost-cities/
2026-09-27;lost-cities;Затерянные города;римейк;3;taynaya-ekspeditsiya;;https://tesera.ru/game/lost-cities/
2026-09-27;dorfromantik-the-board-game;Dorfromantik: Сельская Идиллия;в одной серии;0;dorfromantik-the-duell;;https://tesera.ru/game/dorfromantik-the-board-game/
2026-09-27;dorfromantik-the-board-game;Dorfromantik: Сельская Идиллия;в одной серии;1;dorfromantik-sakura;;https://tesera.ru/game/dorfromantik-the-board-game/
2026-09-27;dorfromantik-the-board-game;Dorfromantik: Сельская Идиллия;римейк;2;dorfromantik-light-luggage;;https://tesera.ru/game/dorfromantik-the-board-game/
2026-09-27;onitama;Onitama;дополнение;0;onitama-senseis-path;;https://tesera.ru/game/onitama/
2026-09-27;onitama;Onitama;дополнение;1;Onitama-Way-of-the-Wind;;https://tesera.ru/game/onitama/
2026-09-27;onitama;Onitama;дополнение;2;onitama-phoenix-and-turtle;;https://tesera.ru/game/onitama/
2026-09-27;onitama;Onitama;дополнение;3;onitama-mejika-and-okija;;https://tesera.ru/game/onitama/
2026-09-27;Arcadia-Quest;Arcadia Quest;дополнение;0;arcadia-quest-beyond-the-grave;;https://tesera.ru/game/Arcadia-Quest/
2026-09-27;Arcadia-Quest;Arcadia Quest;дополнение;1;arcadia-quest-inferno;;https://tesera.ru/game/Arcadia-Quest/
2026-09-27;Arcadia-Quest;Arcadia Quest;дополнение;2;arcadia-quest-nibbles;;https://tesera.ru/game/Arcadia-Quest/
2026-09-27;Arcadia-Quest;Arcadia Quest;дополнение;3;arcadia-quest-aeric;;https://tesera.ru/game/Arcadia-Quest/
2026-09-27;ticket-ride-map-collection-2-india-switzerland;Билет на поезд: Индия и Швейцария;исходная игра;0;ticket-to-ride;Ticket to Ride;https://tesera.ru/game/ticket-ride-map-collection-2-india-switzerland/
2026-09-27;ticket-ride-map-collection-2-india-switzerland;Билет на поезд: Индия и Швейцария;исходная игра;1;ticket-to-ride-maerklin;Ticket to Ride: Märklin;https://tesera.ru/game/ticket-ride-map-collection-2-india-switzerland/
2026-09-27;ticket-ride-map-collection-2-india-switzerland;Билет на поезд: Индия и Швейцария;исходная игра;2;ticket-ride-europe;Билет на поезд: Европа;https://tesera.ru/game/ticket-ride-map-collection-2-india-switzerland/
2026-09-27;ticket-ride-map-collection-2-india-switzerland;Билет на поезд: Индия и Швейцария;в одной серии;3;ticket-to-ride-nordic-countries;Билет на поезд: Северные страны;https://tesera.ru/game/ticket-ride-map-collection-2-india-switzerland/
2026-09-27;long-shot-the-dice-game;Счастливое число;оригинал;0;long-shot;;https://tesera.ru/game/long-shot-the-dice-game/
2026-09-27;long-shot-the-dice-game;Счастливое число;дополнение;1;long-shot-the-dice-game-track-events-mini-expansion;;https://tesera.ru/game/long-shot-the-dice-game/
2026-09-27;long-shot-the-dice-game;Счастливое число;дополнение;2;long-shot-the-dice-game-horse-set-4-boot-mini-expansion;;https://tesera.ru/game/long-shot-the-dice-game/
2026-09-27;long-shot-the-dice-game;Счастливое число;дополнение;3;long-shot-the-dice-game-horse-set-5-hot-dog-mini-expansion;;https://tesera.ru/game/long-shot-the-dice-game/
2026-09-27;everdell-bellfaire;Эверделл: Фестиваль;исходная игра;0;everdell;Эверделл;https://tesera.ru/game/everdell-bellfaire/
2026-09-27;everdell-bellfaire;Эверделл: Фестиваль;исходная игра;1;everdell-newleaf;Эверделл: Лесной Экспресс;https://tesera.ru/game/everdell-bellfaire/
2026-09-27;everdell-bellfaire;Эверделл: Фестиваль;в одной серии;2;Everdell-Pearlbrook;;https://tesera.ru/game/everdell-bellfaire/
2026-09-27;everdell-bellfaire;Эверделл: Фестиваль;в одной серии;3;everdell-spirecrest;Эверделл: Острые хребты;https://tesera.ru/game/everdell-bellfaire/
2026-09-27;the-manhattan-project-energy-empire;The Manhattan Project: Energy Empire;в одном мире;0;the-manhattan-project;;https://tesera.ru/game/the-manhattan-project-energy-empire/
2026-09-27;the-manhattan-project-energy-empire;The Manhattan Project: Energy Empire;оригинал;1;Energy-Empire;;https://tesera.ru/game/the-manhattan-project-energy-empire/
2026-09-27;for-sale;Продано!;продолжение;0;for-sale-autorama;;https://tesera.ru/game/for-sale/
2026-09-27;for-sale;Продано!;дополнение;1;for-sale-advisors-expansion;;https://tesera.ru/game/for-sale/
2026-09-27;navegador;Navegador;в одной серии;0;Imperial;Imperial;https://tesera.ru/game/navegador/
2026-09-27;navegador;Navegador;в одной серии;1;Imperial-2030;Империал 2030;https://tesera.ru/game/navegador/
2026-09-27;navegador;Navegador;в одной серии;2;antike;;https://tesera.ru/game/navegador/
2026-09-27;navegador;Navegador;дополнение;3;Navegador-Privilege-Cards;;https://tesera.ru/game/navegador/
2026-09-27;summoner-wars-second-edition;Summoner Wars (Second Edition);оригинал;0;summoner-wars;;https://tesera.ru/game/summoner-wars-second-edition/
2026-09-27;summoner-wars-second-edition;Summoner Wars (Second Edition);оригинал;1;SummonerWarsMasterSet;Summoner Wars: Master Set;https://tesera.ru/game/summoner-wars-second-edition/
2026-09-27;Imperial;Imperial;в одной серии;0;Imperial-2030;Империал 2030;https://tesera.ru/game/Imperial/
2026-09-27;Imperial;Imperial;в одной серии;1;navegador;Navegador;https://tesera.ru/game/Imperial/
2026-09-27;wayfarers-of-the-south-tigris;Путешественники с южного Тигра;в одной серии;0;scholars-of-the-south-tigris;;https://tesera.ru/game/wayfarers-of-the-south-tigris/
2026-09-27;wayfarers-of-the-south-tigris;Путешественники с южного Тигра;в одной серии;1;inventors-of-the-south-tigris;;https://tesera.ru/game/wayfarers-of-the-south-tigris/
2026-09-27;wayfarers-of-the-south-tigris;Путешественники с южного Тигра;дополнение;2;wayfarers-of-the-south-tigris-tides-of-trade;;https://tesera.ru/game/wayfarers-of-the-south-tigris/
2026-09-27;wayfarers-of-the-south-tigris;Путешественники с южного Тигра;дополнение;3;the-south-tigris-moonsaga;;https://tesera.ru/game/wayfarers-of-the-south-tigris/
2026-09-27;the-lord-of-the-rings-the-card-game-revised-core-set;The Lord of the Rings: The Card Game - Revised Core Set;оригинал;0;the-lord-of-the-rings-the-card-game;The Lord of the Rings LCG;https://tesera.ru/game/the-lord-of-the-rings-the-card-game-revised-core-set/
2026-09-27;cat-in-the-box-deluxe-edition;Кот в коробке. Делюкс версия;оригинал;0;cat-in-the-box;;https://tesera.ru/game/cat-in-the-box-deluxe-edition/
2026-09-27;clank-sunken-treasures;Кланк! Затонувшие сокровища;исходная игра;0;clank;Кланк! Подземное приключение;https://tesera.ru/game/clank-sunken-treasures/
2026-09-27;the-king-is-dead-second-edition;The King is Dead: Second Edition;оригинал;0;The-King-is-Dead;;https://tesera.ru/game/the-king-is-dead-second-edition/
2026-09-27;the-king-is-dead-second-edition;The King is Dead: Second Edition;римейк;1;king-of-siam;;https://tesera.ru/game/the-king-is-dead-second-edition/
2026-09-27;Love-Letter;Тайное послание;в одном мире;0;Dominare;;https://tesera.ru/game/Love-Letter/
2026-09-27;Love-Letter;Тайное послание;в одном мире;1;Courtier;;https://tesera.ru/game/Love-Letter/
2026-09-27;Love-Letter;Тайное послание;в одном мире;2;Mercante;;https://tesera.ru/game/Love-Letter/
2026-09-27;Love-Letter;Тайное послание;в одном мире;3;canalis;;https://tesera.ru/game/Love-Letter/
2026-09-27;space-alert;Космическая тревога;дополнение;0;space-alert-the-new-frontier;;https://tesera.ru/game/space-alert/
2026-09-27;el-grande-big-box;El Grande Big Box;в одной серии;0;el-grande;El Grande;https://tesera.ru/game/el-grande-big-box/
2026-09-27;survive-30th-anniversary-edition;Последний день Атлантиды;в одной серии;0;survive;Survive: Escape from Atlantis!;https://tesera.ru/game/survive-30th-anniversary-edition/
2026-09-27;survive-30th-anniversary-edition;Последний день Атлантиды;дополнение;1;survive-the-giant-squid;;https://tesera.ru/game/survive-30th-anniversary-edition/
2026-09-27;survive-30th-anniversary-edition;Последний день Атлантиды;дополнение;2;survive-dolphins-and-dive-dice-miniexpansion;;https://tesera.ru/game/survive-30th-anniversary-edition/
2026-09-27;survive-30th-anniversary-edition;Последний день Атлантиды;дополнение;3;survive-escape-from-atlantis-56-player-mini-expansion;;https://tesera.ru/game/survive-30th-anniversary-edition/
2026-09-27;survive;Survive: Escape from Atlantis!;в одной серии;0;survive-30th-anniversary-edition;Последний день Атлантиды;https://tesera.ru/game/survive/
2026-09-27;survive;Survive: Escape from Atlantis!;дополнение;1;survive-escape-from-atlantis-56-player-mini-expansion;;https://tesera.ru/game/survive/
2026-09-27;survive;Survive: Escape from Atlantis!;дополнение;2;survive-the-giant-squid;;https://tesera.ru/game/survive/
2026-09-27;survive;Survive: Escape from Atlantis!;дополнение;3;survive-dolphins-and-dive-dice-miniexpansion;;https://tesera.ru/game/survive/
2026-09-27;age-of-empires-iii;Age of Empires III: The Age of Discovery;дополнение;0;Empires-The-Age-of-Dicovery-The-Builders-Expansion;;https://tesera.ru/game/age-of-empires-iii/
2026-09-27;age-of-empires-iii;Age of Empires III: The Age of Discovery;дополнение;1;aoe3-plague-promo;;https://tesera.ru/game/age-of-empires-iii/
2026-09-27;age-of-empires-iii;Age of Empires III: The Age of Discovery;римейк;2;empires-age-of-discovery;;https://tesera.ru/game/age-of-empires-iii/
2026-09-27;Power-Grid-Deluxe-Europe-North-America;Power Grid Deluxe: Europe/North America;в одной серии;0;power-grid-austalia-india;;https://tesera.ru/game/Power-Grid-Deluxe-Europe-North-America/
2026-09-27;Power-Grid-Deluxe-Europe-North-America;Power Grid Deluxe: Europe/North America;в одной серии;1;power-grid;Энергосеть;https://tesera.ru/game/Power-Grid-Deluxe-Europe-North-America/
2026-09-27;Power-Grid-Deluxe-Europe-North-America;Power Grid Deluxe: Europe/North America;дополнение;2;Power-Grid-The-Stock-Companies;;https://tesera.ru/game/Power-Grid-Deluxe-Europe-North-America/
2026-09-27;tikal;Тикаль;в одной серии;0;java;;https://tesera.ru/game/tikal/
2026-09-27;tikal;Тикаль;в одной серии;1;mexica;;https://tesera.ru/game/tikal/
2026-09-27;tikal;Тикаль;продолжение;2;tikal-ii-the-lost-temple;;https://tesera.ru/game/tikal/
2026-09-27;tikal;Тикаль;в одной серии;3;tikal-super-meeple-edition;Тикаль (Super Meeple edition);https://tesera.ru/game/tikal/
2026-09-27;tikal-super-meeple-edition;Тикаль (Super Meeple edition);в одной серии;0;tikal;Тикаль;https://tesera.ru/game/tikal-super-meeple-edition/
2026-09-27;tikal-super-meeple-edition;Тикаль (Super Meeple edition);продолжение;1;tikal-ii-the-lost-temple;;https://tesera.ru/game/tikal-super-meeple-edition/
2026-09-27;tikal-super-meeple-edition;Тикаль (Super Meeple edition);в одной серии;2;java;;https://tesera.ru/game/tikal-super-meeple-edition/
2026-09-27;tikal-super-meeple-edition;Тикаль (Super Meeple edition);в одной серии;3;mexica;;https://tesera.ru/game/tikal-super-meeple-edition/
2026-09-27;Dixit-2;Диксит 2: Открытие (2010);исходная игра;0;dixit;Диксит;https://tesera.ru/game/Dixit-2/
2026-09-27;Dixit-2;Диксит 2: Открытие (2010);исходная игра;1;dixit-odyssey;Диксит Одиссея;https://tesera.ru/game/Dixit-2/
2026-09-27;Dixit-2;Диксит 2: Открытие (2010);в одной серии;2;Dixit-Jinx;;https://tesera.ru/game/Dixit-2/
2026-09-27;Dixit-2;Диксит 2: Открытие (2010);в одной серии;3;Dixit-3;;https://tesera.ru/game/Dixit-2/
2026-09-27;the-guild-of-merchant-explorers;Гильдия купцов-путешественников;дополнение;0;the-guild-of-merchant-explorers-the-queens-special-orders;;https://tesera.ru/game/the-guild-of-merchant-explorers/
2026-09-27;korolevstvo-krolikov;Королевство кроликов;дополнение;0;Bunny-Kingdom-In-the-Sky;;https://tesera.ru/game/korolevstvo-krolikov/
2026-09-27;korolevstvo-krolikov;Королевство кроликов;дополнение;1;korolevstvo-krolikov-krolleon;;https://tesera.ru/game/korolevstvo-krolikov/
2026-09-27;korolevstvo-krolikov;Королевство кроликов;дополнение;2;korolevstvo-krolikov-kollektsioner;;https://tesera.ru/game/korolevstvo-krolikov/
2026-09-27;korolevstvo-krolikov;Королевство кроликов;дополнение;3;korolevstvo-krolikov-krolik-dzhons;;https://tesera.ru/game/korolevstvo-krolikov/
2026-09-27;Century;Century. Пряности;в одной серии;0;century-golem-edition;Century: Golem Edition;https://tesera.ru/game/Century/
2026-09-27;Century;Century. Пряности;в одной серии;1;century-eastern-wonders;;https://tesera.ru/game/Century/
2026-09-27;Century;Century. Пряности;в одной серии;2;Century-A-New-World;;https://tesera.ru/game/Century/
2026-09-27;Century;Century. Пряности;в одной серии;3;century-golem-edition-eastern-mountains;;https://tesera.ru/game/Century/
2026-09-27;imperial-settlers;Поселенцы;дополнение;0;Imperial-Settlers-Why-Cant-We-Be-Friends;;https://tesera.ru/game/imperial-settlers/
2026-09-27;imperial-settlers;Поселенцы;дополнение;1;imperial-settlers-atlanteans;;https://tesera.ru/game/imperial-settlers/
2026-09-27;imperial-settlers;Поселенцы;дополнение;2;Imperial-Settlers-3-Is-A-Magic-Number;;https://tesera.ru/game/imperial-settlers/
2026-09-27;imperial-settlers;Поселенцы;дополнение;3;Imperial-Settlers-Storage-Tiles;;https://tesera.ru/game/imperial-settlers/
2026-09-27;Chinatown;Chinatown;римейк;0;waterfall-park;;https://tesera.ru/game/Chinatown/
2026-09-27;mouseguard;Мышиная Стража: ролевая игра. Коробочная версия;в одном мире;0;mouse-guard-swords-strongholds;;https://tesera.ru/game/mouseguard/
2026-09-27;mouseguard;Мышиная Стража: ролевая игра. Коробочная версия;в одной серии;1;mouse-guard-roleplaying-game-2nd-edition;;https://tesera.ru/game/mouseguard/
2026-09-27;Glass-Road;Glass Road;дополнение;0;Glass-Road-Advent-Calendar-Expansion;;https://tesera.ru/game/Glass-Road/
2026-09-27;Glass-Road;Glass Road;дополнение;1;Glass-Road-Oktoberfest-Expansion;;https://tesera.ru/game/Glass-Road/
2026-09-27;Glass-Road;Glass Road;дополнение;2;Glass-Road-Harlekin-Expansion;;https://tesera.ru/game/Glass-Road/
2026-09-27;Glass-Road;Glass Road;продолжение;3;black-forest;;https://tesera.ru/game/Glass-Road/
2026-09-27;projectL;Проект L;дополнение;0;project-l-finesse;;https://tesera.ru/game/projectL/
2026-09-27;projectL;Проект L;дополнение;1;project-l-ghost-piece;;https://tesera.ru/game/projectL/
2026-09-27;projectL;Проект L;дополнение;2;project-l-finesse-ambassador-pack;;https://tesera.ru/game/projectL/
2026-09-27;projectL;Проект L;в одной серии;3;square-one;;https://tesera.ru/game/projectL/
2026-09-27;nemos-war-second-edition;Nemo's War (Second Edition);оригинал;0;nemos-war;;https://tesera.ru/game/nemos-war-second-edition/
2026-09-27;nemos-war-second-edition;Nemo's War (Second Edition);в одном мире;1;Nemo-Rising-Robur-the-Conqueror;;https://tesera.ru/game/nemos-war-second-edition/
2026-09-27;nemos-war-second-edition;Nemo's War (Second Edition);дополнение;2;nemos-war-second-edition-nautilus-upgrades-expansion-pack;;https://tesera.ru/game/nemos-war-second-edition/
2026-09-27;nemos-war-second-edition;Nemo's War (Second Edition);дополнение;3;nemos-war-second-edition-bold-and-caring-expansion-pack-2;;https://tesera.ru/game/nemos-war-second-edition/
2026-09-27;King-s-Dilemma;Дилемма короля;в одном мире;0;the-queens-dilemma;;https://tesera.ru/game/King-s-Dilemma/
2026-09-27;tinyepicgalaxies;Крошечные Эпические Галактики;в одной серии;0;tiny-epic-defenders;;https://tesera.ru/game/tinyepicgalaxies/
2026-09-27;tinyepicgalaxies;Крошечные Эпические Галактики;в одной серии;1;tiny-epic-kingdoms;;https://tesera.ru/game/tinyepicgalaxies/
2026-09-27;tinyepicgalaxies;Крошечные Эпические Галактики;в одной серии;2;Tiny-Epic-Quest;;https://tesera.ru/game/tinyepicgalaxies/
2026-09-27;tinyepicgalaxies;Крошечные Эпические Галактики;дополнение;3;tiny-epic-galaxies-beyond-the-black;;https://tesera.ru/game/tinyepicgalaxies/
2026-09-27;heaven-ale;Heaven & Ale;дополнение;0;heaven-ale-kegs-more;;https://tesera.ru/game/heaven-ale/
2026-09-27;Imperial-2030;Империал 2030;в одной серии;0;Imperial;Imperial;https://tesera.ru/game/Imperial-2030/
2026-09-27;Imperial-2030;Империал 2030;в одной серии;1;navegador;Navegador;https://tesera.ru/game/Imperial-2030/
2026-09-27;Imperial-2030;Империал 2030;исходная игра;2;pax-renaissance-second-edition;Pax Renaissance. Русское издание;https://tesera.ru/game/Imperial-2030/
2026-09-27;fury-of-dracula-3;Ярость Дракулы (3-е издание);в одной серии;0;fury-of-dracula;;https://tesera.ru/game/fury-of-dracula-3/
2026-09-27;destinies;Предназначение;в одной серии;0;time-of-legends-joan-of-arc-apocalypse;;https://tesera.ru/game/destinies/
2026-09-27;destinies;Предназначение;в одной серии;1;time-of-legends-joan-of-arc;;https://tesera.ru/game/destinies/
2026-09-27;destinies;Предназначение;в одной серии;2;time-of-legends-joan-of-arc-ars-nova;;https://tesera.ru/game/destinies/
2026-09-27;destinies;Предназначение;в одной серии;3;time-of-legends-joan-of-arc-unleash-hell;;https://tesera.ru/game/destinies/
2026-09-27;nusfjord;Нусфьорд;дополнение;0;nusfjord-plaice-deck;;https://tesera.ru/game/nusfjord/
2026-09-27;nusfjord;Нусфьорд;в одной серии;1;reykholt;;https://tesera.ru/game/nusfjord/
2026-09-27;nusfjord;Нусфьорд;дополнение;2;nusfjord-salmon-deck;;https://tesera.ru/game/nusfjord/
2026-09-27;nusfjord;Нусфьорд;римейк;3;nusfjord-big-box;;https://tesera.ru/game/nusfjord/
2026-09-27;awkward-guests;Опасные гости. Кто убил мистера Уолтона?;в одной серии;0;ScandalOh;;https://tesera.ru/game/awkward-guests/
2026-09-27;awkward-guests;Опасные гости. Кто убил мистера Уолтона?;продолжение;1;awkward-guests-2;;https://tesera.ru/game/awkward-guests/
2026-09-27;SummonerWarsMasterSet;Summoner Wars: Master Set;предшественница;0;summoner-wars;;https://tesera.ru/game/SummonerWarsMasterSet/
2026-09-27;SummonerWarsMasterSet;Summoner Wars: Master Set;в одной серии;1;summoner-wars-phoenix-elves-vs-tundra-orcs;;https://tesera.ru/game/SummonerWarsMasterSet/
2026-09-27;SummonerWarsMasterSet;Summoner Wars: Master Set;дополнение;2;summoner-wars-phoenix-elves-second-summoner;;https://tesera.ru/game/SummonerWarsMasterSet/
2026-09-27;SummonerWarsMasterSet;Summoner Wars: Master Set;дополнение;3;summoner-wars-tundra-orcs-second-summoner;;https://tesera.ru/game/SummonerWarsMasterSet/
2026-09-27;flamecraft;Мастера пламени;дополнение;0;flamecraft-fancy-dragon-miniature;;https://tesera.ru/game/flamecraft/
2026-09-27;flamecraft;Мастера пламени;дополнение;1;flamecraft-cosmic-scale;;https://tesera.ru/game/flamecraft/
2026-09-27;flamecraft;Мастера пламени;дополнение;2;flamecraft-lucky-lake;;https://tesera.ru/game/flamecraft/
2026-09-27;flamecraft;Мастера пламени;дополнение;3;flamecraft-dragon-miniatures-series-2;;https://tesera.ru/game/flamecraft/
2026-09-27;siderial-confluence;Звёздное слияние. Обновлённое издание;дополнение;0;sidereal-confluence-bifurcation;;https://tesera.ru/game/siderial-confluence/
2026-09-27;siderial-confluence;Звёздное слияние. Обновлённое издание;предшественница;1;sidereal-confluence-trading-and-negotiation-in-the-elysian;Sidereal Confluence: Trading and Negotiation in the Elysian Quadrant;https://tesera.ru/game/siderial-confluence/
2026-09-27;sidereal-confluence-trading-and-negotiation-in-the-elysian;Sidereal Confluence: Trading and Negotiation in the Elysian Quadrant;продолжение;0;siderial-confluence;Звёздное слияние. Обновлённое издание;https://tesera.ru/game/sidereal-confluence-trading-and-negotiation-in-the-elysian/
